domain,split,label,source_file,source_url,destination,width,height,bytes,sha256
attacker,train,beagle,beagle_101.jpg,https://raw.githubusercontent.com/ml4py/dataset-iiit-pet/master/images/beagle_101.jpg,attacker/train/beagle/beagle_101.jpg,500,334,89610,ba16f93703b364e0c4a510f5d94ce99c2b5b0fa906b6a2aeb3bd9dc82b81f943
attacker,train,beagle,beagle_108.jpg,https://raw.githubusercontent.com/ml4py/dataset-iiit-pet/master/images/beagle_108.jpg,attacker/train/beagle/beagle_108.jpg,333,500,98968,e3aa7c322a812e7299d542de21819a49f1c38897a02bf98439b58da46b6e8350
attacker,train,beagle,beagle_112.jpg,https://raw.githubusercontent.com/ml4py/dataset-iiit-pet/master/images/beagle_112.jpg,attacker/train/beagle/beagle_112.jpg,333,500,104870,fa9289fe745868407139f0aacc9b8f1da2253559d36a2781275acf1388ff6806
attacker,train,beagle,beagle_113.jpg,https://raw.githubusercontent.com/ml4py/dataset-iiit-pet/master/images/beagle_113.jpg,attacker/train/beagle/beagle_113.jpg,333,500,104360,3ad038ff3abb23b58eb9c4aab2f3decbb2a4127eb9c222a898122f944c8fa63b
attacker,train,beagle,beagle_114.jpg,https://raw.githubusercontent.com/ml4py/dataset-iiit-pet/master/images/beagle_114.jpg,attacker/train/beagle/beagle_114.jpg,424,500,112139,41cddfd68c188f75155b81a80daabfaba68e00224efb751945b7eaf3e6243e47
attacker,train,beagle,beagle_115.jpg,https://raw.githubusercontent.com/ml4py/dataset-iiit-pet/master/images/beagle_115.jpg,attacker/train/beagle/beagle_115.jpg,500,343,172527,d39a32de899a26d86837d53e190b914a99e733ffe96787033b5e48ed5ddc972b
attacker,train,beagle,beagle_121.jpg,https://raw.githubusercontent.com/ml4py/dataset-iiit-pet/master/images/beagle_121.jpg,attacker/train/beagle/beagle_121.jpg,500,375,131875,b8c0f4bbd3fc558acb3b5683753fe6ee0594232009bfa28af9856d238e3adc9a
attacker,train,beagle,beagle_124.jpg,https://raw.githubusercontent.com/ml4py/dataset-iiit-pet/master/images/beagle_124.jpg,attacker/train/beagle/beagle_124.jpg,500,333,93170,ca763ea8fdeae7d19a51c8cc9795e6ecf887ea3ca2f6a6c0b8897caf249910d9
attacker,train,beagle,beagle_127.jpg,https://raw.githubusercontent.com/ml4py/dataset-iiit-pet/master/images/beagle_127.jpg,attacker/train/beagle/beagle_127.jpg,329,500,85862,d8c77285daab0d2008d4d27f0503c65b016d6b08e88ce86621f962aadcf0a00a
attacker,train,beagle,beagle_135.jpg,https://raw.githubusercontent.com/ml4py/dataset-iiit-pet/master/images/beagle_135.jpg,attacker/train/beagle/beagle_135.jpg,360,240,20413,3bd998185509892c7d7d8cca50331d319cae08fb52cfc85e88291ed5eebf75ff
attacker,train,beagle,beagle_143.jpg,https://raw.githubusercontent.com/ml4py/dataset-iiit-pet/master/images/beagle_143.jpg,attacker/train/beagle/beagle_143.jpg,500,500,168563,ba6e23935e218e06e12c94319ddc985780c71c0be19303275e988377072cb2f8
attacker,train,beagle,beagle_155.jpg,https://raw.githubusercontent.com/ml4py/dataset-iiit-pet/master/images/beagle_155.jpg,attacker/train/beagle/beagle_155.jpg,500,380,209568,1ae02a34cd218fc47444a6708600c3c868b8676a90d1b2b596ce468e98afaf65
attacker,train,beagle,beagle_173.jpg,https://raw.githubusercontent.com/ml4py/dataset-iiit-pet/master/images/beagle_173.jpg,attacker/train/beagle/beagle_173.jpg,352,288,48976,c1a89a087756eb50af2a60559ec4f7d71c8cead225cc97901b72060f099b747a
attacker,train,beagle,beagle_177.jpg,https://raw.githubusercontent.com/ml4py/dataset-iiit-pet/master/images/beagle_177.jpg,attacker/train/beagle/beagle_177.jpg,500,375,98386,de1eed6676de7385e6d52267ed50cb4e82e97988118760b36d75af96610fabd1
attacker,train,beagle,beagle_18.jpg,https://raw.githubusercontent.com/ml4py/dataset-iiit-pet/master/images/beagle_18.jpg,attacker/train/beagle/beagle_18.jpg,336,500,124702,e3f2ffc349271a1acfb9bd48ab4c4788d34edd645fbb1d0f71b324c552bf57ee
attacker,train,beagle,beagle_189.jpg,https://raw.githubusercontent.com/ml4py/dataset-iiit-pet/master/images/beagle_189.jpg,attacker/train/beagle/beagle_189.jpg,345,500,193404,fc267f21fae206691edd8a6aa2b8597a6b83c7958986a0e2cdf89426e3ce2380
attacker,train,beagle,beagle_19.jpg,https://raw.githubusercontent.com/ml4py/dataset-iiit-pet/master/images/beagle_19.jpg,attacker/train/beagle/beagle_19.jpg,500,334,65950,11cdb09fbcf3f63d66291f9d7cade0621fcf08a845dd57dabc210f2572b73f1e
attacker,train,beagle,beagle_190.jpg,https://raw.githubusercontent.com/ml4py/dataset-iiit-pet/master/images/beagle_190.jpg,attacker/train/beagle/beagle_190.jpg,500,290,99182,893c4cb3e13aa23d36c447da9af86d1bdd801b1fcb30eaffaa8ec005ebebeb05
attacker,train,beagle,beagle_193.jpg,https://raw.githubusercontent.com/ml4py/dataset-iiit-pet/master/images/beagle_193.jpg,attacker/train/beagle/beagle_193.jpg,500,375,102278,5f39645b113b5a51fc159dfdebf30875855af3e988bef7011d2b60c66215c653
attacker,train,beagle,beagle_197.jpg,https://raw.githubusercontent.com/ml4py/dataset-iiit-pet/master/images/beagle_197.jpg,attacker/train/beagle/beagle_197.jpg,500,333,92817,46d34a1a2b4a168650968cb91c61659d296a776cfae298007fe502f75cb5ccb6
attacker,train,beagle,beagle_199.jpg,https://raw.githubusercontent.com/ml4py/dataset-iiit-pet/master/images/beagle_199.jpg,attacker/train/beagle/beagle_199.jpg,500,333,74278,ff3cbd7154c98f23b50c23d68bbca641aaa7478333222ae38914041597fc6a02
attacker,train,beagle,beagle_203.jpg,https://raw.githubusercontent.com/ml4py/dataset-iiit-pet/master/images/beagle_203.jpg,attacker/train/beagle/beagle_203.jpg,500,333,109631,ac992e243b6a28509c2743fc7ca5d05138f9115ba929627eb2a1efb724cebaba
attacker,train,beagle,beagle_28.jpg,https://raw.githubusercontent.com/ml4py/dataset-iiit-pet/master/images/beagle_28.jpg,attacker/train/beagle/beagle_28.jpg,333,500,98139,508f4f68da0ce7a9c6dae38abbd3935e1c414ee173718b4b52d7b050393e3da9
attacker,train,beagle,beagle_30.jpg,https://raw.githubusercontent.com/ml4py/dataset-iiit-pet/master/images/beagle_30.jpg,attacker/train/beagle/beagle_30.jpg,333,500,146015,91cd65d4aee58cf2e9296b5888b1bf27f3c436d5603a7b35d3b179cd2b270dd6
attacker,train,beagle,beagle_35.jpg,https://raw.githubusercontent.com/ml4py/dataset-iiit-pet/master/images/beagle_35.jpg,attacker/train/beagle/beagle_35.jpg,500,333,76503,0dc9b3b449d5815d98c19b4d430e46d6e69c85f6adb7636d869eeadd61a30aa5
attacker,train,beagle,beagle_38.jpg,https://raw.githubusercontent.com/ml4py/dataset-iiit-pet/master/images/beagle_38.jpg,attacker/train/beagle/beagle_38.jpg,500,379,129559,bddb9cb79c583220bd75d293fb61f1ffd83acf300e7430b046ea5447884de351
attacker,train,beagle,beagle_4.jpg,https://raw.githubusercontent.com/ml4py/dataset-iiit-pet/master/images/beagle_4.jpg,attacker/train/beagle/beagle_4.jpg,500,335,127857,35308e8f27866043a66545ba943bc2312ad6591bed187e004e2ee0ed804d5cb8
attacker,train,beagle,beagle_47.jpg,https://raw.githubusercontent.com/ml4py/dataset-iiit-pet/master/images/beagle_47.jpg,attacker/train/beagle/beagle_47.jpg,500,391,170187,0f6e82361e062fe38c64512b236e378efab13e35793e6dd0ad6e0d1b997a38c8
attacker,train,beagle,beagle_5.jpg,https://raw.githubusercontent.com/ml4py/dataset-iiit-pet/master/images/beagle_5.jpg,attacker/train/beagle/beagle_5.jpg,500,375,182349,cebf84a6de0016c5b8335677b7f9a464b0c437602259baf78854b92e2af278f6
attacker,train,beagle,beagle_61.jpg,https://raw.githubusercontent.com/ml4py/dataset-iiit-pet/master/images/beagle_61.jpg,attacker/train/beagle/beagle_61.jpg,500,333,76960,969f437bc4c9d2e7109af34fef3ecb2798bc452f40ea1ee42eede326683be7b0
attacker,train,beagle,beagle_64.jpg,https://raw.githubusercontent.com/ml4py/dataset-iiit-pet/master/images/beagle_64.jpg,attacker/train/beagle/beagle_64.jpg,374,500,133964,bce6c6fc6d3c7e791cd4242085e390e19106c55a285463a44ec5ac06a67dba32
attacker,train,beagle,beagle_66.jpg,https://raw.githubusercontent.com/ml4py/dataset-iiit-pet/master/images/beagle_66.jpg,attacker/train/beagle/beagle_66.jpg,357,500,83845,a291d2eb611243cf419e44ac9309e9570fb949bd13cac3e7f17b5e3c580be978
attacker,train,beagle,beagle_71.jpg,https://raw.githubusercontent.com/ml4py/dataset-iiit-pet/master/images/beagle_71.jpg,attacker/train/beagle/beagle_71.jpg,500,334,107374,c9b5549aa3dead183de330d5334f7adb69dc460b6a79f4d05e8413dcc9b8fb78
attacker,train,beagle,beagle_75.jpg,https://raw.githubusercontent.com/ml4py/dataset-iiit-pet/master/images/beagle_75.jpg,attacker/train/beagle/beagle_75.jpg,500,333,75553,3e6cefbc913e3f6934ef2b46e5690ff7e786e4419717c3cb2c7697b4ce2a023a
attacker,train,beagle,beagle_8.jpg,https://raw.githubusercontent.com/ml4py/dataset-iiit-pet/master/images/beagle_8.jpg,attacker/train/beagle/beagle_8.jpg,475,500,199588,1274c78e3c2559855cd2d413871cf39a38894285cfdcac3bac173a31d948d885
attacker,train,beagle,beagle_84.jpg,https://raw.githubusercontent.com/ml4py/dataset-iiit-pet/master/images/beagle_84.jpg,attacker/train/beagle/beagle_84.jpg,500,334,99305,9e49d2e13a150716766bde69e60140b9624d9b9ca25ee423c33753f55a087680
attacker,train,beagle,beagle_85.jpg,https://raw.githubusercontent.com/ml4py/dataset-iiit-pet/master/images/beagle_85.jpg,attacker/train/beagle/beagle_85.jpg,500,355,86033,cbf712caa7af1ab654b134f7a247598e7595791573d06d25dc76a3a73ce7573a
attacker,train,beagle,beagle_87.jpg,https://raw.githubusercontent.com/ml4py/dataset-iiit-pet/master/images/beagle_87.jpg,attacker/train/beagle/beagle_87.jpg,500,334,56399,410e7235a4689c41322301cee75f8c3fc884bab458b263582be7939b6ed54c06
attacker,train,beagle,beagle_91.jpg,https://raw.githubusercontent.com/ml4py/dataset-iiit-pet/master/images/beagle_91.jpg,attacker/train/beagle/beagle_91.jpg,500,375,228565,7b007033b9ecd7b0b9aa21f5471beac63ca44b6b127bbb142b34eb07bc841575
attacker,train,beagle,beagle_97.jpg,https://raw.githubusercontent.com/ml4py/dataset-iiit-pet/master/images/beagle_97.jpg,attacker/train/beagle/beagle_97.jpg,500,317,83290,972be62c2a949b4fb3b38f795fe7e0ea475e7b06a72e9ae90d5f578345c66a97
attacker,train,bengal,Bengal_104.jpg,https://raw.githubusercontent.com/ml4py/dataset-iiit-pet/master/images/Bengal_104.jpg,attacker/train/bengal/Bengal_104.jpg,500,463,177704,a9ecfcdee804c8740ac765482f317f10b1def907d36cbf530f5b4c43dc68a6c9
attacker,train,bengal,Bengal_105.jpg,https://raw.githubusercontent.com/ml4py/dataset-iiit-pet/master/images/Bengal_105.jpg,attacker/train/bengal/Bengal_105.jpg,500,466,184491,299c1815cac84a9f2fe68d0e5643d0b3b53a7146ae7fd3e8f08d48fe7068d065
attacker,train,bengal,Bengal_107.jpg,https://raw.githubusercontent.com/ml4py/dataset-iiit-pet/master/images/Bengal_107.jpg,attacker/train/bengal/Bengal_107.jpg,500,335,102786,1b7dbed05e3863331a6bda4c8e2eb408127603f414d3bece4c46c2cfc5e6549c
attacker,train,bengal,Bengal_114.jpg,https://raw.githubusercontent.com/ml4py/dataset-iiit-pet/master/images/Bengal_114.jpg,attacker/train/bengal/Bengal_114.jpg,500,375,138374,461d1775b27bc010a04325c70e3bea0eeae25939c42c3a0e8f3027473b762660
attacker,train,bengal,Bengal_117.jpg,https://raw.githubusercontent.com/ml4py/dataset-iiit-pet/master/images/Bengal_117.jpg,attacker/train/bengal/Bengal_117.jpg,500,332,148945,a3f55d828c652c648732b29d3c29789dc722568cd34097d8e92a5c1cd68f8a5c
attacker,train,bengal,Bengal_124.jpg,https://raw.githubusercontent.com/ml4py/dataset-iiit-pet/master/images/Bengal_124.jpg,attacker/train/bengal/Bengal_124.jpg,500,371,115854,c1fa73c217ac7cb1dd3ee3f3fd52f61d61fa244047b74133399b48162b09c107
attacker,train,bengal,Bengal_128.jpg,https://raw.githubusercontent.com/ml4py/dataset-iiit-pet/master/images/Bengal_128.jpg,attacker/train/bengal/Bengal_128.jpg,500,334,134577,e78bdd34586197e7cc327a865662410308e406f20987ca78fdc9c1918af33712
attacker,train,bengal,Bengal_129.jpg,https://raw.githubusercontent.com/ml4py/dataset-iiit-pet/master/images/Bengal_129.jpg,attacker/train/bengal/Bengal_129.jpg,500,281,88796,685abbd9eba07c49f792b76d2857b6b60cc40ad5b0321a08ee06abf0397f6d3d
attacker,train,bengal,Bengal_133.jpg,https://raw.githubusercontent.com/ml4py/dataset-iiit-pet/master/images/Bengal_133.jpg,attacker/train/bengal/Bengal_133.jpg,300,200,8792,08fd53985d062327373b812c9808aee2ebb708b950005e5ddb8c8d8f00548774
attacker,train,bengal,Bengal_14.jpg,https://raw.githubusercontent.com/ml4py/dataset-iiit-pet/master/images/Bengal_14.jpg,attacker/train/bengal/Bengal_14.jpg,500,333,103700,c8a0224bbef5c7bdaec9c7513d1a89c4cae28882ef67885071a8008f6cd3e6ea
attacker,train,bengal,Bengal_145.jpg,https://raw.githubusercontent.com/ml4py/dataset-iiit-pet/master/images/Bengal_145.jpg,attacker/train/bengal/Bengal_145.jpg,300,225,11500,9b977d9f338f595a84be399bcd070105810ad32fb21a4209f4b72237c22a5ddc
attacker,train,bengal,Bengal_148.jpg,https://raw.githubusercontent.com/ml4py/dataset-iiit-pet/master/images/Bengal_148.jpg,attacker/train/bengal/Bengal_148.jpg,300,200,8559,6a4df42b7d99674d7ae747b44db56bca464156693c5e5c5c4d7b4700e12e9766
attacker,train,bengal,Bengal_151.jpg,https://raw.githubusercontent.com/ml4py/dataset-iiit-pet/master/images/Bengal_151.jpg,attacker/train/bengal/Bengal_151.jpg,300,225,13711,f97ee766560600db2d8344e99fc3d67de22835224e20bf57d0ff957e61a815e2
attacker,train,bengal,Bengal_157.jpg,https://raw.githubusercontent.com/ml4py/dataset-iiit-pet/master/images/Bengal_157.jpg,attacker/train/bengal/Bengal_157.jpg,262,246,14371,f3209966d4b1a1eb9b9b052328938cfef28d3c5dd126f945fa4223d0bb42e737
attacker,train,bengal,Bengal_16.jpg,https://raw.githubusercontent.com/ml4py/dataset-iiit-pet/master/images/Bengal_16.jpg,attacker/train/bengal/Bengal_16.jpg,500,333,99353,a747d624bb1be48498c8770ed46336e2f547025dc03d86a24d6170bce6baa8f1
attacker,train,bengal,Bengal_163.jpg,https://raw.githubusercontent.com/ml4py/dataset-iiit-pet/master/images/Bengal_163.jpg,attacker/train/bengal/Bengal_163.jpg,300,225,12611,e438575cd037d4cfb773134ac15d46b952fe24e3b3e35092d43240c82147425a
attacker,train,bengal,Bengal_164.jpg,https://raw.githubusercontent.com/ml4py/dataset-iiit-pet/master/images/Bengal_164.jpg,attacker/train/bengal/Bengal_164.jpg,300,225,12393,7f6daed758be81acc5ad462497598c600f23f97280be2e6d51749024677c3983
attacker,train,bengal,Bengal_169.jpg,https://raw.githubusercontent.com/ml4py/dataset-iiit-pet/master/images/Bengal_169.jpg,attacker/train/bengal/Bengal_169.jpg,300,225,9357,eeff687d236db3362a5f575e60eea4cd1dbbf91fe039b06673d087ec12c208aa
attacker,train,bengal,Bengal_17.jpg,https://raw.githubusercontent.com/ml4py/dataset-iiit-pet/master/images/Bengal_17.jpg,attacker/train/bengal/Bengal_17.jpg,500,375,314446,e39612e3184ceea4a659c2a7b69a359f208cd4084fec1060416997b7d3d6830c
attacker,train,bengal,Bengal_171.jpg,https://raw.githubusercontent.com/ml4py/dataset-iiit-pet/master/images/Bengal_171.jpg,attacker/train/bengal/Bengal_171.jpg,300,225,8785,21db6bff64181203a5087c46a6b39377888124d775aeffb4bc0b4e5d7e1e1a6e
attacker,train,bengal,Bengal_177.jpg,https://raw.githubusercontent.com/ml4py/dataset-iiit-pet/master/images/Bengal_177.jpg,attacker/train/bengal/Bengal_177.jpg,225,300,10696,0efc172692b978b47fcc0e3615e97b91a111cef2b137d8859395c448ae45af82
attacker,train,bengal,Bengal_178.jpg,https://raw.githubusercontent.com/ml4py/dataset-iiit-pet/master/images/Bengal_178.jpg,attacker/train/bengal/Bengal_178.jpg,300,225,8835,55466e74af6e4aac0495310c4a0acccb12c5b36510784278ce4d0e9280afd96e
attacker,train,bengal,Bengal_182.jpg,https://raw.githubusercontent.com/ml4py/dataset-iiit-pet/master/images/Bengal_182.jpg,attacker/train/bengal/Bengal_182.jpg,625,566,64145,e540bd02ff6b60b12143fca4ffe4cfa7dfac9763c884fe06dead17d783e7ee61
attacker,train,bengal,Bengal_186.jpg,https://raw.githubusercontent.com/ml4py/dataset-iiit-pet/master/images/Bengal_186.jpg,attacker/train/bengal/Bengal_186.jpg,470,300,74011,a518db3242977f5f022cbb042932586373bdadbefe4551e83b969dc050826eb6
attacker,train,bengal,Bengal_194.jpg,https://raw.githubusercontent.com/ml4py/dataset-iiit-pet/master/images/Bengal_194.jpg,attacker/train/bengal/Bengal_194.jpg,210,240,9056,722d377c42e3ec06e412bc061edf58d88ac75ac0b23600a8dfac1144676b82d6
attacker,train,bengal,Bengal_22.jpg,https://raw.githubusercontent.com/ml4py/dataset-iiit-pet/master/images/Bengal_22.jpg,attacker/train/bengal/Bengal_22.jpg,375,500,199895,cd34515a3a75032e6914bf13eedbc2fb69aad01cd7a2812efa415bb231002f75
attacker,train,bengal,Bengal_39.jpg,https://raw.githubusercontent.com/ml4py/dataset-iiit-pet/master/images/Bengal_39.jpg,attacker/train/bengal/Bengal_39.jpg,500,324,126309,5eadae167b433f9b4834e9a10de82331dcc487c669b1f361b9dcbb534fd49a92
attacker,train,bengal,Bengal_41.jpg,https://raw.githubusercontent.com/ml4py/dataset-iiit-pet/master/images/Bengal_41.jpg,attacker/train/bengal/Bengal_41.jpg,500,500,141467,32961a64b166e84134905ef157fced733f7403bd118ab6469fca37f3c6c8b393
attacker,train,bengal,Bengal_55.jpg,https://raw.githubusercontent.com/ml4py/dataset-iiit-pet/master/images/Bengal_55.jpg,attacker/train/bengal/Bengal_55.jpg,500,333,173457,32c4673bcc7dd7c0b3c7a8a2ba37aab1cffa157ffa57e3e30666c9dc33f4a8df
attacker,train,bengal,Bengal_63.jpg,https://raw.githubusercontent.com/ml4py/dataset-iiit-pet/master/images/Bengal_63.jpg,attacker/train/bengal/Bengal_63.jpg,500,375,98723,6db237023c703d92e8556eae69c91d770ff2797c8c331e71000e86b6e75c464a
attacker,train,bengal,Bengal_64.jpg,https://raw.githubusercontent.com/ml4py/dataset-iiit-pet/master/images/Bengal_64.jpg,attacker/train/bengal/Bengal_64.jpg,500,375,99150,c6ea596d7bd0ec70187c1c9cd704e1d4e824c238f6c49f8ac9786f1591b7c94f
attacker,train,bengal,Bengal_66.jpg,https://raw.githubusercontent.com/ml4py/dataset-iiit-pet/master/images/Bengal_66.jpg,attacker/train/bengal/Bengal_66.jpg,500,375,86754,64c75fb5c0211ab4c3bee24cbeb3ea4133d3c158626160d0450c7eb07b8b4331
attacker,train,bengal,Bengal_68.jpg,https://raw.githubusercontent.com/ml4py/dataset-iiit-pet/master/images/Bengal_68.jpg,attacker/train/bengal/Bengal_68.jpg,500,375,77722,f576cb637c6058dc5556e1c5cbda2257c5a237d946c0fa31807abbf9834aecea
attacker,train,bengal,Bengal_75.jpg,https://raw.githubusercontent.com/ml4py/dataset-iiit-pet/master/images/Bengal_75.jpg,attacker/train/bengal/Bengal_75.jpg,358,500,88907,444c61e12a60ab38b6e14d2b1411a28f5e5eaafe5c37ccfeac248ad07c6405b3
attacker,train,bengal,Bengal_80.jpg,https://raw.githubusercontent.com/ml4py/dataset-iiit-pet/master/images/Bengal_80.jpg,attacker/train/bengal/Bengal_80.jpg,500,500,105034,ce28eff3a92a644ee971568e5d6ba95c7e50e81090a00530a705d2f9d6bbb9ca
attacker,train,bengal,Bengal_87.jpg,https://raw.githubusercontent.com/ml4py/dataset-iiit-pet/master/images/Bengal_87.jpg,attacker/train/bengal/Bengal_87.jpg,500,375,137090,4d422bd8e5aff0774ef3069dd1297efdb3c2a48577ab536dc684a69efc2155b8
attacker,train,bengal,Bengal_88.jpg,https://raw.githubusercontent.com/ml4py/dataset-iiit-pet/master/images/Bengal_88.jpg,attacker/train/bengal/Bengal_88.jpg,500,335,117140,ac4199ab9f99fda5bac75af13244feb1c81ff3d503e27b0adadac7d0018664bc
attacker,train,bengal,Bengal_93.jpg,https://raw.githubusercontent.com/ml4py/dataset-iiit-pet/master/images/Bengal_93.jpg,attacker/train/bengal/Bengal_93.jpg,500,375,130338,0a373339d9baba287d3b3c39300e655be50b2dff8de5dc8b9a676132de29df30
attacker,train,bengal,Bengal_94.jpg,https://raw.githubusercontent.com/ml4py/dataset-iiit-pet/master/images/Bengal_94.jpg,attacker/train/bengal/Bengal_94.jpg,500,322,105161,ab88131579061e4c84969fba10dd6be2e3ae631bd2bf0503c8f1390027702328
attacker,train,bengal,Bengal_96.jpg,https://raw.githubusercontent.com/ml4py/dataset-iiit-pet/master/images/Bengal_96.jpg,attacker/train/bengal/Bengal_96.jpg,500,375,172722,d41792dda8c2f8883a0d2b7d42e25d8b7b675122724ce68f35efb5f64e0ff3d3
attacker,train,pug,pug_115.jpg,https://raw.githubusercontent.com/ml4py/dataset-iiit-pet/master/images/pug_115.jpg,attacker/train/pug/pug_115.jpg,375,500,245663,6ef9c8ee0367c7fa4af0b6a49e9eed372362eee0bfe1645d71a6c5af5395f755
attacker,train,pug,pug_123.jpg,https://raw.githubusercontent.com/ml4py/dataset-iiit-pet/master/images/pug_123.jpg,attacker/train/pug/pug_123.jpg,223,300,10726,83f519d0058d2d43cbc1a6b66c85e1c3bb7315c41abb54c605dcac2733951677
attacker,train,pug,pug_126.jpg,https://raw.githubusercontent.com/ml4py/dataset-iiit-pet/master/images/pug_126.jpg,attacker/train/pug/pug_126.jpg,203,300,6995,5de7d2c4172a68f95204dcbc0e212bf4c5350b8bfe097678d34a6cadc7498941
attacker,train,pug,pug_139.jpg,https://raw.githubusercontent.com/ml4py/dataset-iiit-pet/master/images/pug_139.jpg,attacker/train/pug/pug_139.jpg,300,235,11432,751740b8e9551b62f253f7edd18b3ce46dde3ac3b5725a122343d5f7696fdc70
attacker,train,pug,pug_141.jpg,https://raw.githubusercontent.com/ml4py/dataset-iiit-pet/master/images/pug_141.jpg,attacker/train/pug/pug_141.jpg,299,224,48303,f0d9c9e3ee743451499db6930d38ed8c53fe85391bf3ddc4858952a7db672196
attacker,train,pug,pug_145.jpg,https://raw.githubusercontent.com/ml4py/dataset-iiit-pet/master/images/pug_145.jpg,attacker/train/pug/pug_145.jpg,300,225,18531,f3f22460ba8f6dea96b162395e09bed2d1bbfbca2fc8055a643f419e1181b74e
attacker,train,pug,pug_157.jpg,https://raw.githubusercontent.com/ml4py/dataset-iiit-pet/master/images/pug_157.jpg,attacker/train/pug/pug_157.jpg,300,267,14320,10337d5ce402d0dc02abf5d46b085b0d81f84f340a08905885fa237ff3f5f786
attacker,train,pug,pug_160.jpg,https://raw.githubusercontent.com/ml4py/dataset-iiit-pet/master/images/pug_160.jpg,attacker/train/pug/pug_160.jpg,300,225,12250,80631923d9d3edd722ad0352fa3715c84be431d77ddfd67524bf75ae69f03bac
attacker,train,pug,pug_164.jpg,https://raw.githubusercontent.com/ml4py/dataset-iiit-pet/master/images/pug_164.jpg,attacker/train/pug/pug_164.jpg,230,300,12613,bd4616e1f4d43e83dc2bbc2927fc36362da32091528dc5fc32535dc1491b4838
attacker,train,pug,pug_165.jpg,https://raw.githubusercontent.com/ml4py/dataset-iiit-pet/master/images/pug_165.jpg,attacker/train/pug/pug_165.jpg,300,225,15896,1f6e5710afc56db915e5a6d60bc04d116eb548d40aea1c75e6f61f7970c61760
attacker,train,pug,pug_170.jpg,https://raw.githubusercontent.com/ml4py/dataset-iiit-pet/master/images/pug_170.jpg,attacker/train/pug/pug_170.jpg,300,201,10563,7ec8e789ac7c064fe648b1bb48f3b6c652cfd158c11e99d4cbb6ca94ecf42033
attacker,train,pug,pug_177.jpg,https://raw.githubusercontent.com/ml4py/dataset-iiit-pet/master/images/pug_177.jpg,attacker/train/pug/pug_177.jpg,300,225,9531,97ea7121cc4e5f76fd9b7be59b896ca423a7931583b8dae6b3a79b5aefd33a7c
attacker,train,pug,pug_179.jpg,https://raw.githubusercontent.com/ml4py/dataset-iiit-pet/master/images/pug_179.jpg,attacker/train/pug/pug_179.jpg,300,225,15617,f4b784b70f6a31e0a9be3336bd72cc707d8f19071a321c5c52d55a811e091d1c
attacker,train,pug,pug_180.jpg,https://raw.githubusercontent.com/ml4py/dataset-iiit-pet/master/images/pug_180.jpg,attacker/train/pug/pug_180.jpg,300,214,9002,1b49935fc2186bc15f0ed9897c3163cfb11878216edabc42c61a15cb3ac6ed4a
attacker,train,pug,pug_185.jpg,https://raw.githubusercontent.com/ml4py/dataset-iiit-pet/master/images/pug_185.jpg,attacker/train/pug/pug_185.jpg,300,225,9577,8a628281418134f7aa52719f58c6dcd703c8d3f8d17d16475985eaefa60eb781
attacker,train,pug,pug_186.jpg,https://raw.githubusercontent.com/ml4py/dataset-iiit-pet/master/images/pug_186.jpg,attacker/train/pug/pug_186.jpg,261,300,15853,b9e94bfb361d3191a0c519a129924b4da89d6e5571f07f5b9b698e6faf155dda
attacker,train,pug,pug_188.jpg,https://raw.githubusercontent.com/ml4py/dataset-iiit-pet/master/images/pug_188.jpg,attacker/train/pug/pug_188.jpg,300,215,10729,b5fd90e629c9b53be60c3a76f12b407af11c02ad806a6185dab6c4abbb127568
attacker,train,pug,pug_189.jpg,https://raw.githubusercontent.com/ml4py/dataset-iiit-pet/master/images/pug_189.jpg,attacker/train/pug/pug_189.jpg,300,225,13285,4dc2b24c6e483784229c54177317fb5f3d821f6c9357602e755d969bc9548ff4
attacker,train,pug,pug_2.jpg,https://raw.githubusercontent.com/ml4py/dataset-iiit-pet/master/images/pug_2.jpg,attacker/train/pug/pug_2.jpg,332,500,134485,f66099bfe8d5b3106329bbb3fbfc9136bcd3d13c79d446e105f1708f53c121f1
attacker,train,pug,pug_202.jpg,https://raw.githubusercontent.com/ml4py/dataset-iiit-pet/master/images/pug_202.jpg,attacker/train/pug/pug_202.jpg,197,300,15620,2683f9c1890e32d4c280145c0e808364025f47feafb33da75bf7f141cee281fd
attacker,train,pug,pug_22.jpg,https://raw.githubusercontent.com/ml4py/dataset-iiit-pet/master/images/pug_22.jpg,attacker/train/pug/pug_22.jpg,500,478,223042,ad28169eb01e6f1fa30ee52bb57e9f94ac451afe199bf47045d5a265088074df
attacker,train,pug,pug_24.jpg,https://raw.githubusercontent.com/ml4py/dataset-iiit-pet/master/images/pug_24.jpg,attacker/train/pug/pug_24.jpg,500,333,98824,3ce97783d49dc610c30e697907aa082918f6de647bcd8af29bc0795196c63169
attacker,train,pug,pug_26.jpg,https://raw.githubusercontent.com/ml4py/dataset-iiit-pet/master/images/pug_26.jpg,attacker/train/pug/pug_26.jpg,360,500,144596,1148bd13f407d3fa6276e674877a4ada7568fb92a44bc7993123853fb2b3d919
attacker,train,pug,pug_32.jpg,https://raw.githubusercontent.com/ml4py/dataset-iiit-pet/master/images/pug_32.jpg,attacker/train/pug/pug_32.jpg,482,500,251701,dc6bafef71be96125711bcd6b800774700472004b465b26174a64270e55bdc76
attacker,train,pug,pug_33.jpg,https://raw.githubusercontent.com/ml4py/dataset-iiit-pet/master/images/pug_33.jpg,attacker/train/pug/pug_33.jpg,500,368,198558,d1e352fe764b93890e244e686c6e7128ad270b04c6036fe35519f29f8e49572b
attacker,train,pug,pug_34.jpg,https://raw.githubusercontent.com/ml4py/dataset-iiit-pet/master/images/pug_34.jpg,attacker/train/pug/pug_34.jpg,500,448,197611,393be027ab034dce8db1f77cc9b471b55e2bd0f1b57e1fc04c61aa2f94d3be44
attacker,train,pug,pug_39.jpg,https://raw.githubusercontent.com/ml4py/dataset-iiit-pet/master/images/pug_39.jpg,attacker/train/pug/pug_39.jpg,333,500,102629,9b5d5d8e20c4aa648fddfe4ac28bd016494829e8165fd40f1c43c62f0923f8db
attacker,train,pug,pug_40.jpg,https://raw.githubusercontent.com/ml4py/dataset-iiit-pet/master/images/pug_40.jpg,attacker/train/pug/pug_40.jpg,333,500,174758,761df568f8d870de3b45c43977653a00fcf3c682b4bf8f99a5a93b873fca9f55
attacker,train,pug,pug_41.jpg,https://raw.githubusercontent.com/ml4py/dataset-iiit-pet/master/images/pug_41.jpg,attacker/train/pug/pug_41.jpg,332,500,167645,388a2a17baaf01b545d1916518e688120da893e076037ff624abafe5bfd8193a
attacker,train,pug,pug_47.jpg,https://raw.githubusercontent.com/ml4py/dataset-iiit-pet/master/images/pug_47.jpg,attacker/train/pug/pug_47.jpg,500,333,89499,55aad346723f7a10e0054eda0b2b58ae24a42a5a0fd936e560f4d8584ba3f69c
attacker,train,pug,pug_59.jpg,https://raw.githubusercontent.com/ml4py/dataset-iiit-pet/master/images/pug_59.jpg,attacker/train/pug/pug_59.jpg,500,349,81901,642785331698ed03e34bb62e75561e72e14671f1735e6aba89a6206bdfb0dbdb
attacker,train,pug,pug_6.jpg,https://raw.githubusercontent.com/ml4py/dataset-iiit-pet/master/images/pug_6.jpg,attacker/train/pug/pug_6.jpg,500,337,95677,5ae3cc42fefb154a8bff54b18bc56f79e71bc9ca781a1ccc106a8669cd8f710f
attacker,train,pug,pug_67.jpg,https://raw.githubusercontent.com/ml4py/dataset-iiit-pet/master/images/pug_67.jpg,attacker/train/pug/pug_67.jpg,500,332,98992,8eb79c77a0bd04f80ae69aa53a960b1292cc6736d71d6cf2d8fd62bd6563379b
attacker,train,pug,pug_72.jpg,https://raw.githubusercontent.com/ml4py/dataset-iiit-pet/master/images/pug_72.jpg,attacker/train/pug/pug_72.jpg,500,333,148312,2535b070375bb33b38b557b5cd71c5fc6efa3361ed9e1bbdef19fabc4a5b3f39
attacker,train,pug,pug_77.jpg,https://raw.githubusercontent.com/ml4py/dataset-iiit-pet/master/images/pug_77.jpg,attacker/train/pug/pug_77.jpg,500,375,225357,5412d4b6b4166135932b5bf75ef2cf0e66185b557050ef2a7ebafb4068a5f9e7
attacker,train,pug,pug_92.jpg,https://raw.githubusercontent.com/ml4py/dataset-iiit-pet/master/images/pug_92.jpg,attacker/train/pug/pug_92.jpg,500,333,132625,7918c0e1e1624ae4226e36ea4c22f143a92ac8564f5c0dfe9d0c3b5a16fe66af
attacker,train,pug,pug_93.jpg,https://raw.githubusercontent.com/ml4py/dataset-iiit-pet/master/images/pug_93.jpg,attacker/train/pug/pug_93.jpg,333,500,122948,d9ddf898603824fb27255361d211678584780443e16ae1234a49f95be750fa83
attacker,train,pug,pug_94.jpg,https://raw.githubusercontent.com/ml4py/dataset-iiit-pet/master/images/pug_94.jpg,attacker/train/pug/pug_94.jpg,500,333,78817,bc3eea5b748c27978e5699737e7e004e735d3000ab41d3ebe4dfd32c68dad8d3
attacker,train,pug,pug_95.jpg,https://raw.githubusercontent.com/ml4py/dataset-iiit-pet/master/images/pug_95.jpg,attacker/train/pug/pug_95.jpg,500,334,103864,60ccf0ab693daceb169f367c2fddcf35f30681e27e8aa153a88199c48c1c513b
attacker,train,pug,pug_99.jpg,https://raw.githubusercontent.com/ml4py/dataset-iiit-pet/master/images/pug_99.jpg,attacker/train/pug/pug_99.jpg,500,333,78151,88ede061c625cc71689c43173c280753320265facb78193181ca3f1efec6dd7e
attacker,train,samoyed,samoyed_105.jpg,https://raw.githubusercontent.com/ml4py/dataset-iiit-pet/master/images/samoyed_105.jpg,attacker/train/samoyed/samoyed_105.jpg,500,454,123156,79d8e9194aba0d9184fbd9383b341aaca4b720b869c77e4a476544cacef56187
attacker,train,samoyed,samoyed_109.jpg,https://raw.githubusercontent.com/ml4py/dataset-iiit-pet/master/images/samoyed_109.jpg,attacker/train/samoyed/samoyed_109.jpg,500,333,84965,1e954e1f4a07c8e53f938cb0e4815491fc247c1627e7781e91de56fb06ba1321
attacker,train,samoyed,samoyed_124.jpg,https://raw.githubusercontent.com/ml4py/dataset-iiit-pet/master/images/samoyed_124.jpg,attacker/train/samoyed/samoyed_124.jpg,500,344,115729,17cb98e1ae313118c5283f9fa9d253c1bc2c67a05b5764c971babc478b470f34
attacker,train,samoyed,samoyed_127.jpg,https://raw.githubusercontent.com/ml4py/dataset-iiit-pet/master/images/samoyed_127.jpg,attacker/train/samoyed/samoyed_127.jpg,500,374,127847,b3233f226195c3b2df8ddcad46da341c05f0f58ea5aa59c4670489441bd6451e
attacker,train,samoyed,samoyed_135.jpg,https://raw.githubusercontent.com/ml4py/dataset-iiit-pet/master/images/samoyed_135.jpg,attacker/train/samoyed/samoyed_135.jpg,500,375,168461,a40f8df2bdb4d6802d63e94f47d4d0482ab0927e90842a05622c2017d9fe3f20
attacker,train,samoyed,samoyed_138.jpg,https://raw.githubusercontent.com/ml4py/dataset-iiit-pet/master/images/samoyed_138.jpg,attacker/train/samoyed/samoyed_138.jpg,500,375,70880,c95b188e83499c76311bed4397724cd0f097223a824dfba4d5e541da9013e0b6
attacker,train,samoyed,samoyed_142.jpg,https://raw.githubusercontent.com/ml4py/dataset-iiit-pet/master/images/samoyed_142.jpg,attacker/train/samoyed/samoyed_142.jpg,500,375,128711,4cc5cc71d09e86782938a071bf97a74352c03a60bba9c5e39ad276818f76bc55
attacker,train,samoyed,samoyed_146.jpg,https://raw.githubusercontent.com/ml4py/dataset-iiit-pet/master/images/samoyed_146.jpg,attacker/train/samoyed/samoyed_146.jpg,500,375,131388,80a5b9435ffe6a7a1f2ea4d9485f1cd88d4b8c66b616b623055380eb2643dff8
attacker,train,samoyed,samoyed_149.jpg,https://raw.githubusercontent.com/ml4py/dataset-iiit-pet/master/images/samoyed_149.jpg,attacker/train/samoyed/samoyed_149.jpg,500,375,169351,7b4849d369f110dd45c50abae131cb38bcd06b1465dc3d7db2572a169007f457
attacker,train,samoyed,samoyed_156.jpg,https://raw.githubusercontent.com/ml4py/dataset-iiit-pet/master/images/samoyed_156.jpg,attacker/train/samoyed/samoyed_156.jpg,500,333,54741,39412945f2bcffb6968eca38b9a8613fafe174ede68ff76c93198e7222d2ef3d
attacker,train,samoyed,samoyed_158.jpg,https://raw.githubusercontent.com/ml4py/dataset-iiit-pet/master/images/samoyed_158.jpg,attacker/train/samoyed/samoyed_158.jpg,500,333,111331,f1fdbde599ffb55ea726d553e93065821f096d519a22a7201339571845d207f1
attacker,train,samoyed,samoyed_160.jpg,https://raw.githubusercontent.com/ml4py/dataset-iiit-pet/master/images/samoyed_160.jpg,attacker/train/samoyed/samoyed_160.jpg,500,333,74658,6ee99742eb62b42a58197b532908a62543867eb329feb0febb53d803b4c862ed
attacker,train,samoyed,samoyed_163.jpg,https://raw.githubusercontent.com/ml4py/dataset-iiit-pet/master/images/samoyed_163.jpg,attacker/train/samoyed/samoyed_163.jpg,500,333,65109,db97f48af8b45e11e5701148f3613f32aa4217d9d912eaf6e9d5422051d6e708
attacker,train,samoyed,samoyed_164.jpg,https://raw.githubusercontent.com/ml4py/dataset-iiit-pet/master/images/samoyed_164.jpg,attacker/train/samoyed/samoyed_164.jpg,500,333,46029,d19362ad3ed0dcb570ef09f583f30470294393c979334cf606921f2b422c8264
attacker,train,samoyed,samoyed_170.jpg,https://raw.githubusercontent.com/ml4py/dataset-iiit-pet/master/images/samoyed_170.jpg,attacker/train/samoyed/samoyed_170.jpg,500,333,110472,43b89b4757c41c56c33b3e0ad9b7ee82c963092b918a8d8c35ad9976fde4906a
attacker,train,samoyed,samoyed_172.jpg,https://raw.githubusercontent.com/ml4py/dataset-iiit-pet/master/images/samoyed_172.jpg,attacker/train/samoyed/samoyed_172.jpg,500,375,94474,5539afdd7fca2585710dbe428467bbde68e4aa2cdb545977b88fa4be54ffa75d
attacker,train,samoyed,samoyed_176.jpg,https://raw.githubusercontent.com/ml4py/dataset-iiit-pet/master/images/samoyed_176.jpg,attacker/train/samoyed/samoyed_176.jpg,500,334,104384,160f74356057aa1067f90bfce9939c03a48a64a6655d3140a193f63826c749e0
attacker,train,samoyed,samoyed_178.jpg,https://raw.githubusercontent.com/ml4py/dataset-iiit-pet/master/images/samoyed_178.jpg,attacker/train/samoyed/samoyed_178.jpg,500,334,94619,a8f610b5c740e2fc5996db9c77e330962c058fd0f143cddf3fab94942ed12a57
attacker,train,samoyed,samoyed_190.jpg,https://raw.githubusercontent.com/ml4py/dataset-iiit-pet/master/images/samoyed_190.jpg,attacker/train/samoyed/samoyed_190.jpg,375,500,156043,79bd4e2305621f4350e86fd5dbbbbf48f5fca5d3d38b3322b8615c78d49f009a
attacker,train,samoyed,samoyed_191.jpg,https://raw.githubusercontent.com/ml4py/dataset-iiit-pet/master/images/samoyed_191.jpg,attacker/train/samoyed/samoyed_191.jpg,375,500,155856,35bf140c1aaa5072af4db5d7e44a1124a68cd22a3dbf23f9d9633e86b29e1119
attacker,train,samoyed,samoyed_20.jpg,https://raw.githubusercontent.com/ml4py/dataset-iiit-pet/master/images/samoyed_20.jpg,attacker/train/samoyed/samoyed_20.jpg,500,335,77290,9c7d93d58df4d71d3735c6c3cc51e0d6dfe373e72c48dce7da375ccbe973bfbd
attacker,train,samoyed,samoyed_202.jpg,https://raw.githubusercontent.com/ml4py/dataset-iiit-pet/master/images/samoyed_202.jpg,attacker/train/samoyed/samoyed_202.jpg,333,500,65834,5bc0c51dac110862e73510228de1c9ceea7b7a0a588d07c46b44242f5be7d1a4
attacker,train,samoyed,samoyed_25.jpg,https://raw.githubusercontent.com/ml4py/dataset-iiit-pet/master/images/samoyed_25.jpg,attacker/train/samoyed/samoyed_25.jpg,500,333,96252,6118d199960f3c9626f5e2504fd8b6561acf00b37923fa6c3445737060509f50
attacker,train,samoyed,samoyed_31.jpg,https://raw.githubusercontent.com/ml4py/dataset-iiit-pet/master/images/samoyed_31.jpg,attacker/train/samoyed/samoyed_31.jpg,375,500,111296,01d447eaa8a69c76cb7774b9d4b82b44fa97e94a59fe34dfb5aa96cf10471bb3
attacker,train,samoyed,samoyed_37.jpg,https://raw.githubusercontent.com/ml4py/dataset-iiit-pet/master/images/samoyed_37.jpg,attacker/train/samoyed/samoyed_37.jpg,500,375,102686,0f2a230a9d6bf41fa5aebce817f9ed6fb9812152f571832bf7cc699bde5b602e
attacker,train,samoyed,samoyed_38.jpg,https://raw.githubusercontent.com/ml4py/dataset-iiit-pet/master/images/samoyed_38.jpg,attacker/train/samoyed/samoyed_38.jpg,500,333,85234,b4cc005279d39020aa3de1ab4323197276eb07c2c27af37f3a950d88529995c9
attacker,train,samoyed,samoyed_41.jpg,https://raw.githubusercontent.com/ml4py/dataset-iiit-pet/master/images/samoyed_41.jpg,attacker/train/samoyed/samoyed_41.jpg,500,334,64009,d91b4523d57161e9782194563aecc3260dbcbf7675356ca05a1228a397f3bd6a
attacker,train,samoyed,samoyed_43.jpg,https://raw.githubusercontent.com/ml4py/dataset-iiit-pet/master/images/samoyed_43.jpg,attacker/train/samoyed/samoyed_43.jpg,500,372,78339,ad4a6c5332b51913389c02e87173c0790a616ddcfd5f38d273aadce6e881d300
attacker,train,samoyed,samoyed_45.jpg,https://raw.githubusercontent.com/ml4py/dataset-iiit-pet/master/images/samoyed_45.jpg,attacker/train/samoyed/samoyed_45.jpg,500,332,181055,80ea0000c4e1b6a4e910b3eb8048f30dfb567a073964f1f3b899e05369a50401
attacker,train,samoyed,samoyed_5.jpg,https://raw.githubusercontent.com/ml4py/dataset-iiit-pet/master/images/samoyed_5.jpg,attacker/train/samoyed/samoyed_5.jpg,375,500,122929,383093118a2642ed7b92414ec5a570edd41b2f0c0d3d8d64889fdcaa7a7dc5be
attacker,train,samoyed,samoyed_57.jpg,https://raw.githubusercontent.com/ml4py/dataset-iiit-pet/master/images/samoyed_57.jpg,attacker/train/samoyed/samoyed_57.jpg,333,500,123214,25aeeb807549e28ff00311aad22222f81513c3f0929b1d6d37cdfe1697255749
attacker,train,samoyed,samoyed_58.jpg,https://raw.githubusercontent.com/ml4py/dataset-iiit-pet/master/images/samoyed_58.jpg,attacker/train/samoyed/samoyed_58.jpg,333,500,131559,2152cb641f9cb61204bf8e05cc962f664ce185440c453436686d240097f11596
attacker,train,samoyed,samoyed_59.jpg,https://raw.githubusercontent.com/ml4py/dataset-iiit-pet/master/images/samoyed_59.jpg,attacker/train/samoyed/samoyed_59.jpg,500,400,154815,e0b3651da149f3b39395d87d862b21ba5dae24fa2bbe31dd2127ac125f52b99e
attacker,train,samoyed,samoyed_6.jpg,https://raw.githubusercontent.com/ml4py/dataset-iiit-pet/master/images/samoyed_6.jpg,attacker/train/samoyed/samoyed_6.jpg,500,335,75208,5a7db7659ec1fd7e0e863e69529eeb45d23aa1bddb9657486918e31713580e92
attacker,train,samoyed,samoyed_70.jpg,https://raw.githubusercontent.com/ml4py/dataset-iiit-pet/master/images/samoyed_70.jpg,attacker/train/samoyed/samoyed_70.jpg,500,333,121105,92bb5ed2527b47a6e297e0283cf009b918609618535fd5f096b8f6d6a963b365
attacker,train,samoyed,samoyed_78.jpg,https://raw.githubusercontent.com/ml4py/dataset-iiit-pet/master/images/samoyed_78.jpg,attacker/train/samoyed/samoyed_78.jpg,359,500,104296,0b3e7e437166a9c9396204b573bde4386989c4035d83fdc54c62f05c32ca9402
attacker,train,samoyed,samoyed_80.jpg,https://raw.githubusercontent.com/ml4py/dataset-iiit-pet/master/images/samoyed_80.jpg,attacker/train/samoyed/samoyed_80.jpg,500,332,69713,6f325b002b3bf2baccd38043dfa0792c6660e258e4c1c42c717d3b8063f39026
attacker,train,samoyed,samoyed_83.jpg,https://raw.githubusercontent.com/ml4py/dataset-iiit-pet/master/images/samoyed_83.jpg,attacker/train/samoyed/samoyed_83.jpg,500,375,120636,0e372c04484d74c0fc32c6d91fbaa3366af7108a17c5e9fad3d9ada3e56f6c43
attacker,train,samoyed,samoyed_87.jpg,https://raw.githubusercontent.com/ml4py/dataset-iiit-pet/master/images/samoyed_87.jpg,attacker/train/samoyed/samoyed_87.jpg,333,500,83600,418cc16f33446051a724d47b722a0b3c661a979db4db683be4e7eab0f75b816b
attacker,train,samoyed,samoyed_90.jpg,https://raw.githubusercontent.com/ml4py/dataset-iiit-pet/master/images/samoyed_90.jpg,attacker/train/samoyed/samoyed_90.jpg,500,333,85598,66d938b25ad059a067a6a6464f6ee6275d8b9a7a1bc15ea44c893915502931c8
attacker,train,siamese,Siamese_102.jpg,https://raw.githubusercontent.com/ml4py/dataset-iiit-pet/master/images/Siamese_102.jpg,attacker/train/siamese/Siamese_102.jpg,500,413,120496,f6b812af4d5d49a898e30e9c6c52b6b707aa34f4da0297f1680bec5ec707d0fd
attacker,train,siamese,Siamese_106.jpg,https://raw.githubusercontent.com/ml4py/dataset-iiit-pet/master/images/Siamese_106.jpg,attacker/train/siamese/Siamese_106.jpg,500,375,109904,9e2c46a536b7a17e6e7fa1b2f3193cdcb404cae21166082da6177d59eb95074c
attacker,train,siamese,Siamese_110.jpg,https://raw.githubusercontent.com/ml4py/dataset-iiit-pet/master/images/Siamese_110.jpg,attacker/train/siamese/Siamese_110.jpg,375,500,126874,75ebc99bb455eca35a29d502d50cdcb9ac7c2ee3e6677c4e44d0895c9db981ea
attacker,train,siamese,Siamese_117.jpg,https://raw.githubusercontent.com/ml4py/dataset-iiit-pet/master/images/Siamese_117.jpg,attacker/train/siamese/Siamese_117.jpg,500,333,65022,e238564462a5be62e7bd647a5dd841e6c927c7cc4ba117156819de32c8a76089
attacker,train,siamese,Siamese_138.jpg,https://raw.githubusercontent.com/ml4py/dataset-iiit-pet/master/images/Siamese_138.jpg,attacker/train/siamese/Siamese_138.jpg,333,500,63765,45e8bad613ba57592b27b44c4f91a14216565e818d8bca045907cc4108194fde
attacker,train,siamese,Siamese_142.jpg,https://raw.githubusercontent.com/ml4py/dataset-iiit-pet/master/images/Siamese_142.jpg,attacker/train/siamese/Siamese_142.jpg,500,439,127780,407f060113f370c9b20293496fb27f87a4e912d41448a65e23e4b59a10328e12
attacker,train,siamese,Siamese_145.jpg,https://raw.githubusercontent.com/ml4py/dataset-iiit-pet/master/images/Siamese_145.jpg,attacker/train/siamese/Siamese_145.jpg,500,375,104756,cdaa32bad607457f4fe1cf10b637b8976c011f3ca7bfdf5604b57a081a9c5b3c
attacker,train,siamese,Siamese_148.jpg,https://raw.githubusercontent.com/ml4py/dataset-iiit-pet/master/images/Siamese_148.jpg,attacker/train/siamese/Siamese_148.jpg,500,437,131989,1f75799914995679efc9c19253b5682e5e6cb3b508a876dd5cb7df73f7b5128c
attacker,train,siamese,Siamese_151.jpg,https://raw.githubusercontent.com/ml4py/dataset-iiit-pet/master/images/Siamese_151.jpg,attacker/train/siamese/Siamese_151.jpg,333,500,97148,65aec922a091465808d75d65390584f75b7e8682566c548da6ef0e91d98f7beb
attacker,train,siamese,Siamese_163.jpg,https://raw.githubusercontent.com/ml4py/dataset-iiit-pet/master/images/Siamese_163.jpg,attacker/train/siamese/Siamese_163.jpg,500,375,169172,99cfe5b9db309dc3f68c155a859d4fa24c28228c0d6eeac32708103235681e93
attacker,train,siamese,Siamese_169.jpg,https://raw.githubusercontent.com/ml4py/dataset-iiit-pet/master/images/Siamese_169.jpg,attacker/train/siamese/Siamese_169.jpg,500,375,107075,624b1ae19d9cc751cb983537be58f84ebf2eab7d681dde6f184d3041e84273c3
attacker,train,siamese,Siamese_174.jpg,https://raw.githubusercontent.com/ml4py/dataset-iiit-pet/master/images/Siamese_174.jpg,attacker/train/siamese/Siamese_174.jpg,500,334,91685,9af23e07cff484a3705575210cc1e5e1a0a891a3ae92ed0b0ce75374703dac8d
attacker,train,siamese,Siamese_178.jpg,https://raw.githubusercontent.com/ml4py/dataset-iiit-pet/master/images/Siamese_178.jpg,attacker/train/siamese/Siamese_178.jpg,500,400,91142,9faefae96c8dc91923bd22911399c27552ff2401636699b59029d83b3ee9bf67
attacker,train,siamese,Siamese_185.jpg,https://raw.githubusercontent.com/ml4py/dataset-iiit-pet/master/images/Siamese_185.jpg,attacker/train/siamese/Siamese_185.jpg,331,500,94978,7ee1cf3d89c63e4174b4cf820b8da3ab42be6b673da7ee0682a1e433ccd5e022
attacker,train,siamese,Siamese_188.jpg,https://raw.githubusercontent.com/ml4py/dataset-iiit-pet/master/images/Siamese_188.jpg,attacker/train/siamese/Siamese_188.jpg,500,375,159120,fd0f1ef3fbc863e92fbc6bbbe3ce099b2e333d8f7f67d433ad1f9ea43170aec1
attacker,train,siamese,Siamese_189.jpg,https://raw.githubusercontent.com/ml4py/dataset-iiit-pet/master/images/Siamese_189.jpg,attacker/train/siamese/Siamese_189.jpg,334,500,71910,ecaf9789fca77969eb29cc6b0aee621014350775583e54483c5b60bdc420bd13
attacker,train,siamese,Siamese_200.jpg,https://raw.githubusercontent.com/ml4py/dataset-iiit-pet/master/images/Siamese_200.jpg,attacker/train/siamese/Siamese_200.jpg,375,500,86282,bf3e5249fdcf74c06f3f3ad5435565ea42c571d6efdd71e4443b1bf14efcde47
attacker,train,siamese,Siamese_202.jpg,https://raw.githubusercontent.com/ml4py/dataset-iiit-pet/master/images/Siamese_202.jpg,attacker/train/siamese/Siamese_202.jpg,451,500,116135,c7c5f6a6c24417e8eed119bec0e36a1ce8f826c18bb68bbe44460ff21d57aa92
attacker,train,siamese,Siamese_22.jpg,https://raw.githubusercontent.com/ml4py/dataset-iiit-pet/master/images/Siamese_22.jpg,attacker/train/siamese/Siamese_22.jpg,333,500,94303,13345222caf0678d7cd18b4d7317fa95aa325a6161fe62d0dc41fbc70f2c9573
attacker,train,siamese,Siamese_227.jpg,https://raw.githubusercontent.com/ml4py/dataset-iiit-pet/master/images/Siamese_227.jpg,attacker/train/siamese/Siamese_227.jpg,199,300,6970,02508965106b41126336c124b529f148c206fd820f6b34c79d8a75ef9d731d7c
attacker,train,siamese,Siamese_250.jpg,https://raw.githubusercontent.com/ml4py/dataset-iiit-pet/master/images/Siamese_250.jpg,attacker/train/siamese/Siamese_250.jpg,200,266,43468,f67bfc78ccf3b5ec734e68a1a2456e23e6eae29cedcaa12a0a13920058d1a6f5
attacker,train,siamese,Siamese_254.jpg,https://raw.githubusercontent.com/ml4py/dataset-iiit-pet/master/images/Siamese_254.jpg,attacker/train/siamese/Siamese_254.jpg,200,300,7331,515aac54e2ba127f09998cd0c4a304e7b9f5c5b84a5877b66210d7b20fed46b2
attacker,train,siamese,Siamese_29.jpg,https://raw.githubusercontent.com/ml4py/dataset-iiit-pet/master/images/Siamese_29.jpg,attacker/train/siamese/Siamese_29.jpg,333,500,87388,9599bd15ce36a0eeb6ef6661791c1d35ce5da85b12b340d2fdc8590c2334ae27
attacker,train,siamese,Siamese_31.jpg,https://raw.githubusercontent.com/ml4py/dataset-iiit-pet/master/images/Siamese_31.jpg,attacker/train/siamese/Siamese_31.jpg,500,339,98800,06955aab6eeb72ca2b5e59d392546a0a95b45d6d4df3abb9f5ef4c3b30222f91
attacker,train,siamese,Siamese_40.jpg,https://raw.githubusercontent.com/ml4py/dataset-iiit-pet/master/images/Siamese_40.jpg,attacker/train/siamese/Siamese_40.jpg,333,500,93588,31c51b8945d4a3e3b2ad346d9897ae34f955187e3714f141abacd72ef8f55e66
attacker,train,siamese,Siamese_41.jpg,https://raw.githubusercontent.com/ml4py/dataset-iiit-pet/master/images/Siamese_41.jpg,attacker/train/siamese/Siamese_41.jpg,333,500,86859,5c07038466f4deead9a73d4ffd2d5cca07dac165adca6a3e631c71c22e395d02
attacker,train,siamese,Siamese_42.jpg,https://raw.githubusercontent.com/ml4py/dataset-iiit-pet/master/images/Siamese_42.jpg,attacker/train/siamese/Siamese_42.jpg,500,375,113384,c4617d2a14fd44e344614ea77f4af23b8ac3efa56796c9c69f2207552ace7b9f
attacker,train,siamese,Siamese_43.jpg,https://raw.githubusercontent.com/ml4py/dataset-iiit-pet/master/images/Siamese_43.jpg,attacker/train/siamese/Siamese_43.jpg,500,375,103310,9e1c4549cf0d29699a01b7a4816b9fad1d966e45351836240ea4dfb84cc6ad05
attacker,train,siamese,Siamese_44.jpg,https://raw.githubusercontent.com/ml4py/dataset-iiit-pet/master/images/Siamese_44.jpg,attacker/train/siamese/Siamese_44.jpg,375,500,64126,0e459d8dbff5157e65d68dcb3b359e161bd7167959ee209fd1403cd8882100a0
attacker,train,siamese,Siamese_52.jpg,https://raw.githubusercontent.com/ml4py/dataset-iiit-pet/master/images/Siamese_52.jpg,attacker/train/siamese/Siamese_52.jpg,500,375,65213,7ecd5569b2cdf0fdf726a1b88500173dc5881119bf5ccfe2c1c4678acdca76e9
attacker,train,siamese,Siamese_56.jpg,https://raw.githubusercontent.com/ml4py/dataset-iiit-pet/master/images/Siamese_56.jpg,attacker/train/siamese/Siamese_56.jpg,500,375,156672,c81e0381a80920b65608f544f7890e304c19b86ab127db57472a36388e2d6d29
attacker,train,siamese,Siamese_63.jpg,https://raw.githubusercontent.com/ml4py/dataset-iiit-pet/master/images/Siamese_63.jpg,attacker/train/siamese/Siamese_63.jpg,431,500,165188,a3808d09a6b42a3e2c41c6eaf0699fb4fde8559cf45f04711d4408ef64a6003b
attacker,train,siamese,Siamese_72.jpg,https://raw.githubusercontent.com/ml4py/dataset-iiit-pet/master/images/Siamese_72.jpg,attacker/train/siamese/Siamese_72.jpg,500,434,118264,3888088b7bfe71d7f375737d6f3a9aaee0d91ac097e65ad6bbb4443a3aee4517
attacker,train,siamese,Siamese_73.jpg,https://raw.githubusercontent.com/ml4py/dataset-iiit-pet/master/images/Siamese_73.jpg,attacker/train/siamese/Siamese_73.jpg,333,500,74069,96443d1631539c3e69ae29c81cc60a68f10157452e1c15828b6225dc632c6016
attacker,train,siamese,Siamese_80.jpg,https://raw.githubusercontent.com/ml4py/dataset-iiit-pet/master/images/Siamese_80.jpg,attacker/train/siamese/Siamese_80.jpg,500,375,87296,59d9c4b218a3cb0997e3863df3b1ebcaa4555f88891b817b99ef35a7165f9003
attacker,train,siamese,Siamese_85.jpg,https://raw.githubusercontent.com/ml4py/dataset-iiit-pet/master/images/Siamese_85.jpg,attacker/train/siamese/Siamese_85.jpg,424,500,103446,e3111380ad03b9f09b983a3573d2e0d13c4958dcad5aeefa1550a93029a68978
attacker,train,siamese,Siamese_87.jpg,https://raw.githubusercontent.com/ml4py/dataset-iiit-pet/master/images/Siamese_87.jpg,attacker/train/siamese/Siamese_87.jpg,500,334,96957,fca2b7fead604ff63dc1b36c41aa3559971c6d72af47087efea7fc311f2d987a
attacker,train,siamese,Siamese_89.jpg,https://raw.githubusercontent.com/ml4py/dataset-iiit-pet/master/images/Siamese_89.jpg,attacker/train/siamese/Siamese_89.jpg,500,396,105966,fd23226b7c97d016c68407ae49e3fb8e873cb317e0bd10d7fadd61c9340a4732
attacker,train,siamese,Siamese_92.jpg,https://raw.githubusercontent.com/ml4py/dataset-iiit-pet/master/images/Siamese_92.jpg,attacker/train/siamese/Siamese_92.jpg,500,375,134870,d4b64f63aaf1582bcdd604dd6511c9689d785c6fefa586db3d0382f74699fc6a
attacker,train,siamese,Siamese_94.jpg,https://raw.githubusercontent.com/ml4py/dataset-iiit-pet/master/images/Siamese_94.jpg,attacker/train/siamese/Siamese_94.jpg,500,375,109615,8081cd06ce2ea2c0020b92468d1370b3e1a28b0c8a7e8936254d56bec7ef73a0
attacker,val,beagle,beagle_105.jpg,https://raw.githubusercontent.com/ml4py/dataset-iiit-pet/master/images/beagle_105.jpg,attacker/val/beagle/beagle_105.jpg,500,395,109219,d239afb11191fb9f958c053f042d9fa034e912a61bba8e719fa1110d09a54f2c
attacker,val,beagle,beagle_129.jpg,https://raw.githubusercontent.com/ml4py/dataset-iiit-pet/master/images/beagle_129.jpg,attacker/val/beagle/beagle_129.jpg,332,500,98333,6f9f1b13bef6f7e81d8f36b7ed164e2b9a7cfbebb1eb2a556d27f8d85f7e3e5d
attacker,val,beagle,beagle_133.jpg,https://raw.githubusercontent.com/ml4py/dataset-iiit-pet/master/images/beagle_133.jpg,attacker/val/beagle/beagle_133.jpg,500,375,124941,a0b903c9dd9f8c82f6a9f008c2605306a217a92193521148269cfd38d38bd7a6
attacker,val,beagle,beagle_179.jpg,https://raw.githubusercontent.com/ml4py/dataset-iiit-pet/master/images/beagle_179.jpg,attacker/val/beagle/beagle_179.jpg,494,500,175775,b2b1431fe09a659f04725eb9c0c3b1183979c261bb5a92a600b5325a2ebb74c0
attacker,val,beagle,beagle_27.jpg,https://raw.githubusercontent.com/ml4py/dataset-iiit-pet/master/images/beagle_27.jpg,attacker/val/beagle/beagle_27.jpg,334,500,92139,77bebed5dcf5500b149c764513d62a6daed9ac56951c4386826f8dc1d976f21b
attacker,val,beagle,beagle_34.jpg,https://raw.githubusercontent.com/ml4py/dataset-iiit-pet/master/images/beagle_34.jpg,attacker/val/beagle/beagle_34.jpg,500,396,139788,f9ad8d1b9e85995c37cac17d36790c8078c746def6283a0b88f3c0d481d69147
attacker,val,beagle,beagle_53.jpg,https://raw.githubusercontent.com/ml4py/dataset-iiit-pet/master/images/beagle_53.jpg,attacker/val/beagle/beagle_53.jpg,500,280,200783,65d8a15831bcb190148bfddcb53902ee25ba0e4fedb799590035e14faa4b9ccd
attacker,val,beagle,beagle_54.jpg,https://raw.githubusercontent.com/ml4py/dataset-iiit-pet/master/images/beagle_54.jpg,attacker/val/beagle/beagle_54.jpg,500,333,115126,8a9239d218e9d5ba047f5eefdd5e1b0e08a622368b1160ba2e8a55861a887bc6
attacker,val,beagle,beagle_72.jpg,https://raw.githubusercontent.com/ml4py/dataset-iiit-pet/master/images/beagle_72.jpg,attacker/val/beagle/beagle_72.jpg,500,333,71230,b7d852f9531a358acee057c95e8f628aa56422ef07127daacd58fc588ea872bf
attacker,val,beagle,beagle_89.jpg,https://raw.githubusercontent.com/ml4py/dataset-iiit-pet/master/images/beagle_89.jpg,attacker/val/beagle/beagle_89.jpg,500,333,117457,e12a759c240d71d7194f4573f34288cc4430568a8b33a28dcae8d8716947d4e4
attacker,val,bengal,Bengal_103.jpg,https://raw.githubusercontent.com/ml4py/dataset-iiit-pet/master/images/Bengal_103.jpg,attacker/val/bengal/Bengal_103.jpg,500,371,93601,f356186372fa41c460c027b0cd10ecd72b39a74aec7ebd40204141ac519ab924
attacker,val,bengal,Bengal_116.jpg,https://raw.githubusercontent.com/ml4py/dataset-iiit-pet/master/images/Bengal_116.jpg,attacker/val/bengal/Bengal_116.jpg,500,230,103216,e3accdaaff6f5144d18054c7ce0672cd1782cb87611e68b1a54fdac1c69aa3d7
attacker,val,bengal,Bengal_132.jpg,https://raw.githubusercontent.com/ml4py/dataset-iiit-pet/master/images/Bengal_132.jpg,attacker/val/bengal/Bengal_132.jpg,300,300,19339,66c659d70bf7181991bae52890dc9daa486102222d3b4b21a1b020b81e6d2a3a
attacker,val,bengal,Bengal_135.jpg,https://raw.githubusercontent.com/ml4py/dataset-iiit-pet/master/images/Bengal_135.jpg,attacker/val/bengal/Bengal_135.jpg,300,145,7628,2658624b0ba73a2e80faae57a99c9d9aec5b422e572fd1615325507e0f8df9b7
attacker,val,bengal,Bengal_156.jpg,https://raw.githubusercontent.com/ml4py/dataset-iiit-pet/master/images/Bengal_156.jpg,attacker/val/bengal/Bengal_156.jpg,300,263,11109,cd5c70c6b82330ebe799fc5ba2097f4cc266439a91ccfbe491b175c138e64616
attacker,val,bengal,Bengal_167.jpg,https://raw.githubusercontent.com/ml4py/dataset-iiit-pet/master/images/Bengal_167.jpg,attacker/val/bengal/Bengal_167.jpg,300,225,13511,73bbedfd636935bec6769c2c5397c2f449e21f1a966c30ac48db7ac2043be91a
attacker,val,bengal,Bengal_26.jpg,https://raw.githubusercontent.com/ml4py/dataset-iiit-pet/master/images/Bengal_26.jpg,attacker/val/bengal/Bengal_26.jpg,500,333,77470,83c9f6eb4058d04833538c233e53e3c6d6eecd40d0600e8d1f2569746546854a
attacker,val,bengal,Bengal_49.jpg,https://raw.githubusercontent.com/ml4py/dataset-iiit-pet/master/images/Bengal_49.jpg,attacker/val/bengal/Bengal_49.jpg,500,333,153344,6d3f5c07e9c6bfd3e6febab6fbd2ebdddb590952fa9de37007273ca59f06a94b
attacker,val,bengal,Bengal_5.jpg,https://raw.githubusercontent.com/ml4py/dataset-iiit-pet/master/images/Bengal_5.jpg,attacker/val/bengal/Bengal_5.jpg,500,327,77550,46d9cea6179e1ac3f29e774a1b2de76aadb7ee0a0e41239172e4e9f20d706110
attacker,val,bengal,Bengal_90.jpg,https://raw.githubusercontent.com/ml4py/dataset-iiit-pet/master/images/Bengal_90.jpg,attacker/val/bengal/Bengal_90.jpg,500,333,86274,f34aee4f35e09f751d0c7964f357eb77014b3d03aaf80866c06b7bf8f220b40e
attacker,val,pug,pug_100.jpg,https://raw.githubusercontent.com/ml4py/dataset-iiit-pet/master/images/pug_100.jpg,attacker/val/pug/pug_100.jpg,333,500,74826,6648ef7d6965ed53e2276bf171a677880efd56ad3b54facd626a6d0aaed077e7
attacker,val,pug,pug_125.jpg,https://raw.githubusercontent.com/ml4py/dataset-iiit-pet/master/images/pug_125.jpg,attacker/val/pug/pug_125.jpg,300,195,8908,4a04865f219fe662bc9f8b6f88ee785aad26be14fa8e638e2847faa973c81870
attacker,val,pug,pug_135.jpg,https://raw.githubusercontent.com/ml4py/dataset-iiit-pet/master/images/pug_135.jpg,attacker/val/pug/pug_135.jpg,208,300,11828,3e8526ed5c42e9eb56b8e21da85f0c95fb335b56ed8416ca7a5763423bb76c84
attacker,val,pug,pug_146.jpg,https://raw.githubusercontent.com/ml4py/dataset-iiit-pet/master/images/pug_146.jpg,attacker/val/pug/pug_146.jpg,300,224,11208,577e50984f10f2d07fcaea4ffb8695576014646146796f34df1d15603ac5a56d
attacker,val,pug,pug_19.jpg,https://raw.githubusercontent.com/ml4py/dataset-iiit-pet/master/images/pug_19.jpg,attacker/val/pug/pug_19.jpg,500,370,110983,09d11041e54444f9397cf1edd5b028850ff7f92bb9401505c543319625058b6e
attacker,val,pug,pug_196.jpg,https://raw.githubusercontent.com/ml4py/dataset-iiit-pet/master/images/pug_196.jpg,attacker/val/pug/pug_196.jpg,225,300,10585,eff50d89c41062392bb85d416940142bf65698ff87329c50eb23d44bbdac507f
attacker,val,pug,pug_37.jpg,https://raw.githubusercontent.com/ml4py/dataset-iiit-pet/master/images/pug_37.jpg,attacker/val/pug/pug_37.jpg,500,333,91855,659be1d819d5f79d3f1ac59a577d62adc3f4f69967dfb5bc73e3ccaefe19d526
attacker,val,pug,pug_4.jpg,https://raw.githubusercontent.com/ml4py/dataset-iiit-pet/master/images/pug_4.jpg,attacker/val/pug/pug_4.jpg,333,500,97816,150d28d40905d7fd9e2e385814f8d34bc98d12b532887903e863b3cbc1935a35
attacker,val,pug,pug_61.jpg,https://raw.githubusercontent.com/ml4py/dataset-iiit-pet/master/images/pug_61.jpg,attacker/val/pug/pug_61.jpg,500,350,94727,fd85093667700513b519a5c490ab94717371d9ee116aec1119840d08ccfbb576
attacker,val,pug,pug_98.jpg,https://raw.githubusercontent.com/ml4py/dataset-iiit-pet/master/images/pug_98.jpg,attacker/val/pug/pug_98.jpg,500,332,125457,214a62c7cc3740512282d966eb7ede79b13eb55467432231317429f29c707a2e
attacker,val,samoyed,samoyed_10.jpg,https://raw.githubusercontent.com/ml4py/dataset-iiit-pet/master/images/samoyed_10.jpg,attacker/val/samoyed/samoyed_10.jpg,500,357,175044,228d52d92a9a28256394a270a8f52a6ac78681cfd6f5a2bb7c6cc53a1dfc4dc3
attacker,val,samoyed,samoyed_11.jpg,https://raw.githubusercontent.com/ml4py/dataset-iiit-pet/master/images/samoyed_11.jpg,attacker/val/samoyed/samoyed_11.jpg,325,500,126998,0091d8060bc5460c57de0308ed666a79487f94c83475ec61438b68c380e08913
attacker,val,samoyed,samoyed_126.jpg,https://raw.githubusercontent.com/ml4py/dataset-iiit-pet/master/images/samoyed_126.jpg,attacker/val/samoyed/samoyed_126.jpg,500,333,79206,5f2ef2c5017a72cf5655b31a75fbea2b2cdbf99790a1705e97b42a4574c7501f
attacker,val,samoyed,samoyed_134.jpg,https://raw.githubusercontent.com/ml4py/dataset-iiit-pet/master/images/samoyed_134.jpg,attacker/val/samoyed/samoyed_134.jpg,375,500,149014,d5e2beaab8a114fa88b442289e448e8186b3e1dc9d141efaa6d6f70b9d454eda
attacker,val,samoyed,samoyed_137.jpg,https://raw.githubusercontent.com/ml4py/dataset-iiit-pet/master/images/samoyed_137.jpg,attacker/val/samoyed/samoyed_137.jpg,375,500,157484,67357cc3487b3e7c80be2d1d37a211bca131ee14bf39df8e8f2408491b3aa734
attacker,val,samoyed,samoyed_140.jpg,https://raw.githubusercontent.com/ml4py/dataset-iiit-pet/master/images/samoyed_140.jpg,attacker/val/samoyed/samoyed_140.jpg,500,375,182048,73e97788c0801a12da235a45df8bbd52f03be58398a9a1458094ab4e0e5fa11e
attacker,val,samoyed,samoyed_152.jpg,https://raw.githubusercontent.com/ml4py/dataset-iiit-pet/master/images/samoyed_152.jpg,attacker/val/samoyed/samoyed_152.jpg,334,500,110259,bdd1caa4aba6d926fe2f405dd2906697570cc75f3326a40cd224a613b84ab647
attacker,val,samoyed,samoyed_181.jpg,https://raw.githubusercontent.com/ml4py/dataset-iiit-pet/master/images/samoyed_181.jpg,attacker/val/samoyed/samoyed_181.jpg,500,334,110501,2542a7f130465c95a772705f49b038f21c0ebc138685baa2533abccc8ca6277f
attacker,val,samoyed,samoyed_55.jpg,https://raw.githubusercontent.com/ml4py/dataset-iiit-pet/master/images/samoyed_55.jpg,attacker/val/samoyed/samoyed_55.jpg,500,333,85179,7c544d8254ef6e89794d129afdd0c686df4b322068252ae37fb2d6e903776001
attacker,val,samoyed,samoyed_60.jpg,https://raw.githubusercontent.com/ml4py/dataset-iiit-pet/master/images/samoyed_60.jpg,attacker/val/samoyed/samoyed_60.jpg,375,500,119663,92caf9474cb987c9b363c9a3b057e27e1275c5911a92e4c0353021eeba3028f3
attacker,val,siamese,Siamese_100.jpg,https://raw.githubusercontent.com/ml4py/dataset-iiit-pet/master/images/Siamese_100.jpg,attacker/val/siamese/Siamese_100.jpg,500,375,85167,8e5fc1770169972cd74e0ec186bd553ec749f49e0877a00c2cff8c65bf599dfb
attacker,val,siamese,Siamese_108.jpg,https://raw.githubusercontent.com/ml4py/dataset-iiit-pet/master/images/Siamese_108.jpg,attacker/val/siamese/Siamese_108.jpg,500,378,93223,3e5a739cdbb9da6fc185d7ac5f10a7815ed4a3659801af2220b71271b099aa9d
attacker,val,siamese,Siamese_113.jpg,https://raw.githubusercontent.com/ml4py/dataset-iiit-pet/master/images/Siamese_113.jpg,attacker/val/siamese/Siamese_113.jpg,500,375,139188,c76a2b85e3a1e130c225a2b25b6e63db5e7c239afccb147048d7321627abfdf6
attacker,val,siamese,Siamese_149.jpg,https://raw.githubusercontent.com/ml4py/dataset-iiit-pet/master/images/Siamese_149.jpg,attacker/val/siamese/Siamese_149.jpg,500,333,117016,3c081d2e3c51dfce3c7b8f319c6f0fc832d9f07e2c08892f5e60797c8c8c7120
attacker,val,siamese,Siamese_182.jpg,https://raw.githubusercontent.com/ml4py/dataset-iiit-pet/master/images/Siamese_182.jpg,attacker/val/siamese/Siamese_182.jpg,500,350,66848,94ad79a12d57f5f4f7988303db74a89c4c1e207817e73a0da1c4fd50cd19b7d8
attacker,val,siamese,Siamese_201.jpg,https://raw.githubusercontent.com/ml4py/dataset-iiit-pet/master/images/Siamese_201.jpg,attacker/val/siamese/Siamese_201.jpg,235,270,35675,dadab0c3b74a56faf99f308a14d77f6b43de40f2ae14acdf48b931318aff25b9
attacker,val,siamese,Siamese_206.jpg,https://raw.githubusercontent.com/ml4py/dataset-iiit-pet/master/images/Siamese_206.jpg,attacker/val/siamese/Siamese_206.jpg,375,500,151653,4a8d00b53df8d48cb66646cc8d7de86ee431b8dacfc860b3284c113b26c077a7
attacker,val,siamese,Siamese_228.jpg,https://raw.githubusercontent.com/ml4py/dataset-iiit-pet/master/images/Siamese_228.jpg,attacker/val/siamese/Siamese_228.jpg,257,300,9011,5a9d36de01f793f24ad335988313c8bfa7061818383e47b64a831094855d497c
attacker,val,siamese,Siamese_46.jpg,https://raw.githubusercontent.com/ml4py/dataset-iiit-pet/master/images/Siamese_46.jpg,attacker/val/siamese/Siamese_46.jpg,335,500,99917,64ccb40533770cf257aedc3425472af756497c7b0e99adf4d69d19cc21cd7bfc
attacker,val,siamese,Siamese_67.jpg,https://raw.githubusercontent.com/ml4py/dataset-iiit-pet/master/images/Siamese_67.jpg,attacker/val/siamese/Siamese_67.jpg,325,500,92270,a3ee899aa61f7ca75ef23da7edc58a50d1ab459dc950036d127f319922fadbc8
pretrain,train,beagle,beagle_1.jpg,https://raw.githubusercontent.com/ml4py/dataset-iiit-pet/master/images/beagle_1.jpg,pretrain/train/beagle/beagle_1.jpg,500,400,90130,a373c9de30436753aeb1fb8c920754cdec57e48d71b4e460515a3853faca281c
pretrain,train,beagle,beagle_10.jpg,https://raw.githubusercontent.com/ml4py/dataset-iiit-pet/master/images/beagle_10.jpg,pretrain/train/beagle/beagle_10.jpg,500,334,87839,e62a947726d309e2d042c441ec3265644f0f124bc9a4cd84363d592a8a49a7cc
pretrain,train,beagle,beagle_109.jpg,https://raw.githubusercontent.com/ml4py/dataset-iiit-pet/master/images/beagle_109.jpg,pretrain/train/beagle/beagle_109.jpg,500,329,83307,9c67ff9e07a4b2aff4d9eef1941038640e4d697847539158f826b41fbccf8abb
pretrain,train,beagle,beagle_111.jpg,https://raw.githubusercontent.com/ml4py/dataset-iiit-pet/master/images/beagle_111.jpg,pretrain/train/beagle/beagle_111.jpg,500,333,57946,293f6082d5633f7ec423f796ac047d5a408e974a07a159564b6e504ad1110aa0
pretrain,train,beagle,beagle_119.jpg,https://raw.githubusercontent.com/ml4py/dataset-iiit-pet/master/images/beagle_119.jpg,pretrain/train/beagle/beagle_119.jpg,456,500,98107,8febaa7fb4acc63ecb2a029b528bcae89179115ac3447949f323e8110cf0b707
pretrain,train,beagle,beagle_122.jpg,https://raw.githubusercontent.com/ml4py/dataset-iiit-pet/master/images/beagle_122.jpg,pretrain/train/beagle/beagle_122.jpg,500,333,111803,ea4c4dcc666caa676602922bcfdd60fc6e489b871bcc8394c031213d526fde08
pretrain,train,beagle,beagle_125.jpg,https://raw.githubusercontent.com/ml4py/dataset-iiit-pet/master/images/beagle_125.jpg,pretrain/train/beagle/beagle_125.jpg,500,333,175990,ef68567e4d68bd21ae2dfdae99a1f58d6b715bc187f82697027f11b22c586bdb
pretrain,train,beagle,beagle_13.jpg,https://raw.githubusercontent.com/ml4py/dataset-iiit-pet/master/images/beagle_13.jpg,pretrain/train/beagle/beagle_13.jpg,500,375,92553,8bff423a43eece55a0bf4f6b3c5debc2c275ff5258f8690d92f3a6f1f1dfff4e
pretrain,train,beagle,beagle_137.jpg,https://raw.githubusercontent.com/ml4py/dataset-iiit-pet/master/images/beagle_137.jpg,pretrain/train/beagle/beagle_137.jpg,500,375,77637,e0b444eb1491defcdb00f3eb5d42f5ee1ab5c4ab15e0d921b203c2fa51c09b2a
pretrain,train,beagle,beagle_140.jpg,https://raw.githubusercontent.com/ml4py/dataset-iiit-pet/master/images/beagle_140.jpg,pretrain/train/beagle/beagle_140.jpg,500,375,106555,beed987c57ebfd06fb94ea94110e73d35797a77e348118205e3b126edeb19c1a
pretrain,train,beagle,beagle_150.jpg,https://raw.githubusercontent.com/ml4py/dataset-iiit-pet/master/images/beagle_150.jpg,pretrain/train/beagle/beagle_150.jpg,500,361,101539,e7e2c03176df6561469bbd9d750bf9e07d48fd557c3859c27f489a5c89959e88
pretrain,train,beagle,beagle_153.jpg,https://raw.githubusercontent.com/ml4py/dataset-iiit-pet/master/images/beagle_153.jpg,pretrain/train/beagle/beagle_153.jpg,500,378,125094,26731a4da70b96afed04d5c69a4556fe439add6bb12c9e2dfde02a70415c3f3f
pretrain,train,beagle,beagle_154.jpg,https://raw.githubusercontent.com/ml4py/dataset-iiit-pet/master/images/beagle_154.jpg,pretrain/train/beagle/beagle_154.jpg,332,500,119738,301e843443e2b311bb4f74107340eeed142ea067a5c4892ef8baeea3ee061e54
pretrain,train,beagle,beagle_158.jpg,https://raw.githubusercontent.com/ml4py/dataset-iiit-pet/master/images/beagle_158.jpg,pretrain/train/beagle/beagle_158.jpg,500,375,243402,b004e5a3c2da4a37257c81b4062fd763c42c946808c120b364c374df42b1ba04
pretrain,train,beagle,beagle_163.jpg,https://raw.githubusercontent.com/ml4py/dataset-iiit-pet/master/images/beagle_163.jpg,pretrain/train/beagle/beagle_163.jpg,500,375,130411,4941a1b40a7096f53b182dcb3c267f4b1c0585f95d52ba9cfaca7cfddefb7fa5
pretrain,train,beagle,beagle_166.jpg,https://raw.githubusercontent.com/ml4py/dataset-iiit-pet/master/images/beagle_166.jpg,pretrain/train/beagle/beagle_166.jpg,500,375,127763,51c1279b7127311e46bd4a10a708b6a6ee96f4f8b75638dea0e7b004346c9632
pretrain,train,beagle,beagle_169.jpg,https://raw.githubusercontent.com/ml4py/dataset-iiit-pet/master/images/beagle_169.jpg,pretrain/train/beagle/beagle_169.jpg,500,375,160159,62129b3072c3f093a2080ab03a44da09b021d061531fc1bd411836294638671f
pretrain,train,beagle,beagle_170.jpg,https://raw.githubusercontent.com/ml4py/dataset-iiit-pet/master/images/beagle_170.jpg,pretrain/train/beagle/beagle_170.jpg,500,375,166711,3fdc26ff1d328e28949ba028d5eff7627ad413c2eab3a246fd5eed6cecf8bd62
pretrain,train,beagle,beagle_175.jpg,https://raw.githubusercontent.com/ml4py/dataset-iiit-pet/master/images/beagle_175.jpg,pretrain/train/beagle/beagle_175.jpg,500,375,119408,aeec7b53893a20f4d3e4502d09e9890d1d860056af7dd6e9fa0901be97837494
pretrain,train,beagle,beagle_178.jpg,https://raw.githubusercontent.com/ml4py/dataset-iiit-pet/master/images/beagle_178.jpg,pretrain/train/beagle/beagle_178.jpg,500,375,91866,d0a9c884f09391588125bce5c21c6f6780c8c169de7f780cb308c7d226b9f3c6
pretrain,train,beagle,beagle_180.jpg,https://raw.githubusercontent.com/ml4py/dataset-iiit-pet/master/images/beagle_180.jpg,pretrain/train/beagle/beagle_180.jpg,500,333,70911,8e1b3e31faed868c418018049cc18836caf280c41bb2892d32fe647abcfc4899
pretrain,train,beagle,beagle_185.jpg,https://raw.githubusercontent.com/ml4py/dataset-iiit-pet/master/images/beagle_185.jpg,pretrain/train/beagle/beagle_185.jpg,334,500,77739,0c76fec1cbe388abe783eabe9e8a477138a977e6af71190c91a129ac804e2b8b
pretrain,train,beagle,beagle_187.jpg,https://raw.githubusercontent.com/ml4py/dataset-iiit-pet/master/images/beagle_187.jpg,pretrain/train/beagle/beagle_187.jpg,334,500,61984,dc5598f98077a6cae776b2f9f8f6c933cc812e6b70d26c730393b41ac11f3c7e
pretrain,train,beagle,beagle_191.jpg,https://raw.githubusercontent.com/ml4py/dataset-iiit-pet/master/images/beagle_191.jpg,pretrain/train/beagle/beagle_191.jpg,333,500,71369,251f51b389cf1c91c0fdf923cd391f0157e3bf3d5a0937332fbaeb1f39adbe57
pretrain,train,beagle,beagle_2.jpg,https://raw.githubusercontent.com/ml4py/dataset-iiit-pet/master/images/beagle_2.jpg,pretrain/train/beagle/beagle_2.jpg,500,332,131127,fcc06ece27a2f4815aec6ea990bc2eb929f24e639cb9460be1f300d8aa8e3baf
pretrain,train,beagle,beagle_200.jpg,https://raw.githubusercontent.com/ml4py/dataset-iiit-pet/master/images/beagle_200.jpg,pretrain/train/beagle/beagle_200.jpg,500,333,85363,c75f6fd2057e881f35a823ed2fcc20834b960679efe2c812220b32d4e05e6ebb
pretrain,train,beagle,beagle_22.jpg,https://raw.githubusercontent.com/ml4py/dataset-iiit-pet/master/images/beagle_22.jpg,pretrain/train/beagle/beagle_22.jpg,500,335,85557,add622088c951f3a8db801028c7918960fb1ad432cb582a669cf5fd978c9309c
pretrain,train,beagle,beagle_23.jpg,https://raw.githubusercontent.com/ml4py/dataset-iiit-pet/master/images/beagle_23.jpg,pretrain/train/beagle/beagle_23.jpg,500,335,105864,bda9ff9f33062013a53a6971466b6896dda8637732e725587f04e32918b22970
pretrain,train,beagle,beagle_29.jpg,https://raw.githubusercontent.com/ml4py/dataset-iiit-pet/master/images/beagle_29.jpg,pretrain/train/beagle/beagle_29.jpg,500,331,88956,642aaac1a4d0d63af63feabe8f16b5e12a5532ec32d0c6f1e54c92f98c65cb91
pretrain,train,beagle,beagle_3.jpg,https://raw.githubusercontent.com/ml4py/dataset-iiit-pet/master/images/beagle_3.jpg,pretrain/train/beagle/beagle_3.jpg,500,335,87728,cd4099f6271264cc040662ee68b7b55094912a01d5467f59b009029d628d647b
pretrain,train,beagle,beagle_31.jpg,https://raw.githubusercontent.com/ml4py/dataset-iiit-pet/master/images/beagle_31.jpg,pretrain/train/beagle/beagle_31.jpg,500,449,218517,9c1215304460b0de4842b30fb73c0ce81661ef45221cbb6dac1863b2f8d9d5c2
pretrain,train,beagle,beagle_32.jpg,https://raw.githubusercontent.com/ml4py/dataset-iiit-pet/master/images/beagle_32.jpg,pretrain/train/beagle/beagle_32.jpg,500,333,72017,8b2c4c65f4b6c6d14ba2574220e782947d556af790f2733d9da536b75d1fe66c
pretrain,train,beagle,beagle_37.jpg,https://raw.githubusercontent.com/ml4py/dataset-iiit-pet/master/images/beagle_37.jpg,pretrain/train/beagle/beagle_37.jpg,408,500,185434,449c788f9fadaced72e0293a3b58b3ac902c0309e04f58afff2cf19b1447691c
pretrain,train,beagle,beagle_40.jpg,https://raw.githubusercontent.com/ml4py/dataset-iiit-pet/master/images/beagle_40.jpg,pretrain/train/beagle/beagle_40.jpg,500,375,169218,16e3f42eb6bed13fe29a81e2738c73c3f38e71583b82d747c5ec76d57c8a2b0d
pretrain,train,beagle,beagle_41.jpg,https://raw.githubusercontent.com/ml4py/dataset-iiit-pet/master/images/beagle_41.jpg,pretrain/train/beagle/beagle_41.jpg,500,333,92713,67b2ddedc9473d44f3707b75b58b0dc60cf23b1816aa571682e486037e87b128
pretrain,train,beagle,beagle_42.jpg,https://raw.githubusercontent.com/ml4py/dataset-iiit-pet/master/images/beagle_42.jpg,pretrain/train/beagle/beagle_42.jpg,500,400,191170,001bffb65b7e6a6f9dc625923f5cfccf2d33b8fd2db9360813641dcdc92f4651
pretrain,train,beagle,beagle_48.jpg,https://raw.githubusercontent.com/ml4py/dataset-iiit-pet/master/images/beagle_48.jpg,pretrain/train/beagle/beagle_48.jpg,500,365,180508,c3524b96b6e5949a6cd5321d3386a1f624657a45ade45faea2a1a906bbbfb7e8
pretrain,train,beagle,beagle_55.jpg,https://raw.githubusercontent.com/ml4py/dataset-iiit-pet/master/images/beagle_55.jpg,pretrain/train/beagle/beagle_55.jpg,335,500,159152,56549aecc23a7a0f25a86fbb99770b8825392a0c5b660a076b274c37332a32e1
pretrain,train,beagle,beagle_6.jpg,https://raw.githubusercontent.com/ml4py/dataset-iiit-pet/master/images/beagle_6.jpg,pretrain/train/beagle/beagle_6.jpg,500,385,264727,86facc8b668882ae2bc4fda5254ba6e174ddcbc13a4a80bea26d729ed2e3c30a
pretrain,train,beagle,beagle_62.jpg,https://raw.githubusercontent.com/ml4py/dataset-iiit-pet/master/images/beagle_62.jpg,pretrain/train/beagle/beagle_62.jpg,500,334,110287,dcc35c261d170ddd58970788bed01232c892c8996aec075ab2628c212d8a2700
pretrain,train,beagle,beagle_63.jpg,https://raw.githubusercontent.com/ml4py/dataset-iiit-pet/master/images/beagle_63.jpg,pretrain/train/beagle/beagle_63.jpg,500,375,108153,15fff1e75593ebbbfbf1ec25cb024d5ecda8bee835884f559063f638d173c496
pretrain,train,beagle,beagle_65.jpg,https://raw.githubusercontent.com/ml4py/dataset-iiit-pet/master/images/beagle_65.jpg,pretrain/train/beagle/beagle_65.jpg,500,333,59677,dfaf584220095cc14c64460c9ecef7c6150717985de9677eeb0ff93de64cf82b
pretrain,train,beagle,beagle_67.jpg,https://raw.githubusercontent.com/ml4py/dataset-iiit-pet/master/images/beagle_67.jpg,pretrain/train/beagle/beagle_67.jpg,500,375,183081,e9cae4a5269200f573a3de9787e55b13012a4338a62210ce66e84e07eaf9e1a8
pretrain,train,beagle,beagle_68.jpg,https://raw.githubusercontent.com/ml4py/dataset-iiit-pet/master/images/beagle_68.jpg,pretrain/train/beagle/beagle_68.jpg,500,500,133915,9b7fd5c38282d20131f57fed0b427e58629527a7ec6d9b2d465fca21929542b6
pretrain,train,beagle,beagle_69.jpg,https://raw.githubusercontent.com/ml4py/dataset-iiit-pet/master/images/beagle_69.jpg,pretrain/train/beagle/beagle_69.jpg,500,249,54352,11ca082ae951ce3930d25ab905d2ea99c40baf0e5f900e126053e1749828a55a
pretrain,train,beagle,beagle_77.jpg,https://raw.githubusercontent.com/ml4py/dataset-iiit-pet/master/images/beagle_77.jpg,pretrain/train/beagle/beagle_77.jpg,500,334,160465,12875a2f89fc479b9844df287286a5cc82731268cb76e5cfdd26445d8fa02a03
pretrain,train,beagle,beagle_9.jpg,https://raw.githubusercontent.com/ml4py/dataset-iiit-pet/master/images/beagle_9.jpg,pretrain/train/beagle/beagle_9.jpg,357,500,98010,ab08500f1d67434382fe77f5f924c6125d4c648b119dd5c5e3233c82af6380e8
pretrain,train,beagle,beagle_90.jpg,https://raw.githubusercontent.com/ml4py/dataset-iiit-pet/master/images/beagle_90.jpg,pretrain/train/beagle/beagle_90.jpg,335,500,80066,aa20b75c6bce17abd298041f711c61cae0eb387ea89b588fef4f418ab287c4f0
pretrain,train,beagle,beagle_93.jpg,https://raw.githubusercontent.com/ml4py/dataset-iiit-pet/master/images/beagle_93.jpg,pretrain/train/beagle/beagle_93.jpg,500,333,84632,857294430436f926555ae41981910197f3f267851ff2a76464649fc75daaf03f
pretrain,train,beagle,beagle_99.jpg,https://raw.githubusercontent.com/ml4py/dataset-iiit-pet/master/images/beagle_99.jpg,pretrain/train/beagle/beagle_99.jpg,375,500,184553,e9b8f2590604f913c653accd9f3b51c93c93ab16f371f014da418959cc19499e
pretrain,train,bengal,Bengal_100.jpg,https://raw.githubusercontent.com/ml4py/dataset-iiit-pet/master/images/Bengal_100.jpg,pretrain/train/bengal/Bengal_100.jpg,500,333,126696,ac43a059d79fb5bd5c853783b26ff624106a1c0d61a91c286e084b1926c393a0
pretrain,train,bengal,Bengal_102.jpg,https://raw.githubusercontent.com/ml4py/dataset-iiit-pet/master/images/Bengal_102.jpg,pretrain/train/bengal/Bengal_102.jpg,334,500,105463,226936012f79da76f347217a9274905349acf2de90aa4107bef09b21aca73284
pretrain,train,bengal,Bengal_112.jpg,https://raw.githubusercontent.com/ml4py/dataset-iiit-pet/master/images/Bengal_112.jpg,pretrain/train/bengal/Bengal_112.jpg,500,436,119236,631283b48596811d899441eb7765cc9c2e5007ae400362e3e590361492802b9c
pretrain,train,bengal,Bengal_115.jpg,https://raw.githubusercontent.com/ml4py/dataset-iiit-pet/master/images/Bengal_115.jpg,pretrain/train/bengal/Bengal_115.jpg,333,500,106897,372ce09232843aeb819c4ef5f84666d698d2ce080998b0d5c1094a716a1ee06b
pretrain,train,bengal,Bengal_119.jpg,https://raw.githubusercontent.com/ml4py/dataset-iiit-pet/master/images/Bengal_119.jpg,pretrain/train/bengal/Bengal_119.jpg,356,500,109528,09c820573cb5781b28f2c707715f5da83f09bd62dc4bec946963cce36b7da7de
pretrain,train,bengal,Bengal_120.jpg,https://raw.githubusercontent.com/ml4py/dataset-iiit-pet/master/images/Bengal_120.jpg,pretrain/train/bengal/Bengal_120.jpg,500,375,64974,a06163efc47aaee6d87acbb12dcb5c85baef646322f4a8ac8b15d0ec5618e7fa
pretrain,train,bengal,Bengal_13.jpg,https://raw.githubusercontent.com/ml4py/dataset-iiit-pet/master/images/Bengal_13.jpg,pretrain/train/bengal/Bengal_13.jpg,500,256,144408,089fd934608d33e8a39940a855af97f54b15bb063c7c9295c1ecd7a362f4fe8d
pretrain,train,bengal,Bengal_134.jpg,https://raw.githubusercontent.com/ml4py/dataset-iiit-pet/master/images/Bengal_134.jpg,pretrain/train/bengal/Bengal_134.jpg,300,225,11978,cff8fc6603000a9d5e06617e4b2499b381319e5f3205fa4148c5e862e7bdb5a7
pretrain,train,bengal,Bengal_140.jpg,https://raw.githubusercontent.com/ml4py/dataset-iiit-pet/master/images/Bengal_140.jpg,pretrain/train/bengal/Bengal_140.jpg,300,163,9681,5f151cbe91ce79a958e649a91929fa5317cab5346a7e128cf442fb8f9be3344f
pretrain,train,bengal,Bengal_142.jpg,https://raw.githubusercontent.com/ml4py/dataset-iiit-pet/master/images/Bengal_142.jpg,pretrain/train/bengal/Bengal_142.jpg,300,225,12852,87ef60cd7d06ec2604c96bc664107c1616485cb0c9c1550ec22a12c9b468beeb
pretrain,train,bengal,Bengal_143.jpg,https://raw.githubusercontent.com/ml4py/dataset-iiit-pet/master/images/Bengal_143.jpg,pretrain/train/bengal/Bengal_143.jpg,300,225,11726,ed6bd73f8efdb65da4ad3c61b81a8ebd3cf02971cbce7a6431ebd9636123c089
pretrain,train,bengal,Bengal_146.jpg,https://raw.githubusercontent.com/ml4py/dataset-iiit-pet/master/images/Bengal_146.jpg,pretrain/train/bengal/Bengal_146.jpg,200,200,12573,eb6102aab1eba7f1eaf42b38a2e72bf978fcbac12de5ec0b454ef9b8b828717c
pretrain,train,bengal,Bengal_147.jpg,https://raw.githubusercontent.com/ml4py/dataset-iiit-pet/master/images/Bengal_147.jpg,pretrain/train/bengal/Bengal_147.jpg,225,300,9214,cf48b21e2824227fe3ac302039b2c20f5782f10cc4b60f922946262c56e60f20
pretrain,train,bengal,Bengal_149.jpg,https://raw.githubusercontent.com/ml4py/dataset-iiit-pet/master/images/Bengal_149.jpg,pretrain/train/bengal/Bengal_149.jpg,300,225,9630,d227a8fd684ffeff76c6e102028f73db9f74c7fbc363a4459d1937fd5255d581
pretrain,train,bengal,Bengal_155.jpg,https://raw.githubusercontent.com/ml4py/dataset-iiit-pet/master/images/Bengal_155.jpg,pretrain/train/bengal/Bengal_155.jpg,225,300,13264,33f26a2f8d4da068113c5a27f2edfe7e48ec93b1dbbabc18c1ace09876a1d6e4
pretrain,train,bengal,Bengal_158.jpg,https://raw.githubusercontent.com/ml4py/dataset-iiit-pet/master/images/Bengal_158.jpg,pretrain/train/bengal/Bengal_158.jpg,300,225,8288,d4735941cd7f53712347214babbb8c88853f643e4308f9a325c01d87f4ef8486
pretrain,train,bengal,Bengal_160.jpg,https://raw.githubusercontent.com/ml4py/dataset-iiit-pet/master/images/Bengal_160.jpg,pretrain/train/bengal/Bengal_160.jpg,296,300,16401,dc51bd9f0ff6195c5b57d11dac12debca6728377e6ab453b31b651463b8698b1
pretrain,train,bengal,Bengal_162.jpg,https://raw.githubusercontent.com/ml4py/dataset-iiit-pet/master/images/Bengal_162.jpg,pretrain/train/bengal/Bengal_162.jpg,300,225,11811,3aa126af64adf4bb5db19f43abf5a4b9a686e2757b3b0eb607711343b380911f
pretrain,train,bengal,Bengal_165.jpg,https://raw.githubusercontent.com/ml4py/dataset-iiit-pet/master/images/Bengal_165.jpg,pretrain/train/bengal/Bengal_165.jpg,277,300,9780,89d917f548e5c82fd5485f16b1a958bdea2353c12e9143e8f07a10d6510cb919
pretrain,train,bengal,Bengal_168.jpg,https://raw.githubusercontent.com/ml4py/dataset-iiit-pet/master/images/Bengal_168.jpg,pretrain/train/bengal/Bengal_168.jpg,300,225,12946,af612ee2300dc2bad7644d88baea8c33c313bbedc92d6f715fdfe6cf3058f182
pretrain,train,bengal,Bengal_172.jpg,https://raw.githubusercontent.com/ml4py/dataset-iiit-pet/master/images/Bengal_172.jpg,pretrain/train/bengal/Bengal_172.jpg,300,269,34251,c4edc372c83125df313914424b1a05f7f7f8e7e3c5a21af68143f323fdfdd078
pretrain,train,bengal,Bengal_173.jpg,https://raw.githubusercontent.com/ml4py/dataset-iiit-pet/master/images/Bengal_173.jpg,pretrain/train/bengal/Bengal_173.jpg,300,182,9956,cbac7d599009a79576ab5b0fb205eb43aaa8a4f9f2451664ead66c7060c0413c
pretrain,train,bengal,Bengal_183.jpg,https://raw.githubusercontent.com/ml4py/dataset-iiit-pet/master/images/Bengal_183.jpg,pretrain/train/bengal/Bengal_183.jpg,350,300,103717,5ff9ca0acb4f70e11afba293780552346f4c29f4e1879820119b3d0d5f97ca87
pretrain,train,bengal,Bengal_187.jpg,https://raw.githubusercontent.com/ml4py/dataset-iiit-pet/master/images/Bengal_187.jpg,pretrain/train/bengal/Bengal_187.jpg,387,258,15071,a37df748c640da83570efefd8a684085f581a1a095c55e09ab0f3c0dca78d485
pretrain,train,bengal,Bengal_19.jpg,https://raw.githubusercontent.com/ml4py/dataset-iiit-pet/master/images/Bengal_19.jpg,pretrain/train/bengal/Bengal_19.jpg,500,500,198772,9df02dcbc9cd2a4dbac4325175ffcdb9117af32a40523c3b9310bce00919a06f
pretrain,train,bengal,Bengal_197.jpg,https://raw.githubusercontent.com/ml4py/dataset-iiit-pet/master/images/Bengal_197.jpg,pretrain/train/bengal/Bengal_197.jpg,300,206,9082,a9e9db109d8294c40c7127120f7ed38e3ad7d01453f30d248598c445636312af
pretrain,train,bengal,Bengal_198.jpg,https://raw.githubusercontent.com/ml4py/dataset-iiit-pet/master/images/Bengal_198.jpg,pretrain/train/bengal/Bengal_198.jpg,366,370,16887,3e99e7fe60c6e53331bab71acdb49424bdc00dfcaf2a7aed10c48ee90e63d7b1
pretrain,train,bengal,Bengal_21.jpg,https://raw.githubusercontent.com/ml4py/dataset-iiit-pet/master/images/Bengal_21.jpg,pretrain/train/bengal/Bengal_21.jpg,500,333,89442,6f6df1790881096ea7915d949ca09355b945aba0484527bc42d096bf4c3d04da
pretrain,train,bengal,Bengal_24.jpg,https://raw.githubusercontent.com/ml4py/dataset-iiit-pet/master/images/Bengal_24.jpg,pretrain/train/bengal/Bengal_24.jpg,500,375,140695,d6c98fdb7410b35e9e20b7a6239f25f8303873b380f2cb1b79f60ec2bbbddc66
pretrain,train,bengal,Bengal_27.jpg,https://raw.githubusercontent.com/ml4py/dataset-iiit-pet/master/images/Bengal_27.jpg,pretrain/train/bengal/Bengal_27.jpg,500,500,178021,c42f9387d29c2e3baa6ee00097ea0ece6ae44380f965d6b5a3ec3d82301f8aea
pretrain,train,bengal,Bengal_28.jpg,https://raw.githubusercontent.com/ml4py/dataset-iiit-pet/master/images/Bengal_28.jpg,pretrain/train/bengal/Bengal_28.jpg,333,500,139980,bdc51a3b689f0590f1f1847a4a26d804c031d0666cd9346d8c23c3467d67f8f8
pretrain,train,bengal,Bengal_3.jpg,https://raw.githubusercontent.com/ml4py/dataset-iiit-pet/master/images/Bengal_3.jpg,pretrain/train/bengal/Bengal_3.jpg,500,412,122768,e437eed7dd7559634d24bfbde2ea1eee1cf947d3cc27e2311060e0379211f5b2
pretrain,train,bengal,Bengal_34.jpg,https://raw.githubusercontent.com/ml4py/dataset-iiit-pet/master/images/Bengal_34.jpg,pretrain/train/bengal/Bengal_34.jpg,500,357,197108,b4aa993eae4b39329924a0b713af46871c67ccdf30b6addc21234e6c83aeccb5
pretrain,train,bengal,Bengal_35.jpg,https://raw.githubusercontent.com/ml4py/dataset-iiit-pet/master/images/Bengal_35.jpg,pretrain/train/bengal/Bengal_35.jpg,500,375,237317,ece11f61b41023792e8450656c51fc483fd0ab0b410d4de7f76caacda5d40de4
pretrain,train,bengal,Bengal_40.jpg,https://raw.githubusercontent.com/ml4py/dataset-iiit-pet/master/images/Bengal_40.jpg,pretrain/train/bengal/Bengal_40.jpg,500,500,128609,f47076a7cb1b39d4a82aaadff0848632a768fc7c6821d494a365f94944026733
pretrain,train,bengal,Bengal_43.jpg,https://raw.githubusercontent.com/ml4py/dataset-iiit-pet/master/images/Bengal_43.jpg,pretrain/train/bengal/Bengal_43.jpg,500,357,123594,d2b5256b7b142250cfd2879c5d8c3b2a796709ad4205d998e12daf941effe2ef
pretrain,train,bengal,Bengal_46.jpg,https://raw.githubusercontent.com/ml4py/dataset-iiit-pet/master/images/Bengal_46.jpg,pretrain/train/bengal/Bengal_46.jpg,500,375,126007,55edcb519432b07a56375f19e3a9fe2b2c42f4ad84dd0b53ae03682a122a9a7a
pretrain,train,bengal,Bengal_47.jpg,https://raw.githubusercontent.com/ml4py/dataset-iiit-pet/master/images/Bengal_47.jpg,pretrain/train/bengal/Bengal_47.jpg,500,375,88299,c9d43917dbdb245a001e58ee964ee2236b0c8bf4b1ceb58e4f89af5541e993ff
pretrain,train,bengal,Bengal_6.jpg,https://raw.githubusercontent.com/ml4py/dataset-iiit-pet/master/images/Bengal_6.jpg,pretrain/train/bengal/Bengal_6.jpg,500,281,143332,7941c44ff22cbf92eab4e386b4738aa957c9ff7714c29272827e9a74c5527f26
pretrain,train,bengal,Bengal_61.jpg,https://raw.githubusercontent.com/ml4py/dataset-iiit-pet/master/images/Bengal_61.jpg,pretrain/train/bengal/Bengal_61.jpg,500,373,148230,8bba90aa121ee8b4ff4ce20b70fbd6f60d34977d43906eb4dc7f6e598ec8f675
pretrain,train,bengal,Bengal_62.jpg,https://raw.githubusercontent.com/ml4py/dataset-iiit-pet/master/images/Bengal_62.jpg,pretrain/train/bengal/Bengal_62.jpg,500,334,153599,2ca314d7b4f67f4367541cb99b4f61c05487123dc22d7c587953d113d515ff19
pretrain,train,bengal,Bengal_65.jpg,https://raw.githubusercontent.com/ml4py/dataset-iiit-pet/master/images/Bengal_65.jpg,pretrain/train/bengal/Bengal_65.jpg,500,333,114474,b91ef79bc40f408d63002c491cfdfa2c40a63ec3d0e8130627ac7a1c9b5f8284
pretrain,train,bengal,Bengal_69.jpg,https://raw.githubusercontent.com/ml4py/dataset-iiit-pet/master/images/Bengal_69.jpg,pretrain/train/bengal/Bengal_69.jpg,375,500,107640,7b3ba09cbaa81fabbf05cd905ab1ea5fe9b5aa1445b416d6b25cb540d3c6b03b
pretrain,train,bengal,Bengal_74.jpg,https://raw.githubusercontent.com/ml4py/dataset-iiit-pet/master/images/Bengal_74.jpg,pretrain/train/bengal/Bengal_74.jpg,500,400,149110,fe37a42d1d328994d439fa1405d7dfdb2167cc6ef6d830bf329f854f4805d2e3
pretrain,train,bengal,Bengal_83.jpg,https://raw.githubusercontent.com/ml4py/dataset-iiit-pet/master/images/Bengal_83.jpg,pretrain/train/bengal/Bengal_83.jpg,500,375,112442,6e54bdcde39ea9a3929ad5a733a0dcd24fd9ee6c26944e7d6df748ac2dde9fe6
pretrain,train,bengal,Bengal_86.jpg,https://raw.githubusercontent.com/ml4py/dataset-iiit-pet/master/images/Bengal_86.jpg,pretrain/train/bengal/Bengal_86.jpg,316,500,102104,ede927e4b46ed6b1d34b44785c17d7aafe7b4b97652863cc806f6388506c5e17
pretrain,train,bengal,Bengal_89.jpg,https://raw.githubusercontent.com/ml4py/dataset-iiit-pet/master/images/Bengal_89.jpg,pretrain/train/bengal/Bengal_89.jpg,333,500,101480,26c628993c3793abad088ff38879ddf325cb96dd400ebebdc083cc746325a84f
pretrain,train,bengal,Bengal_92.jpg,https://raw.githubusercontent.com/ml4py/dataset-iiit-pet/master/images/Bengal_92.jpg,pretrain/train/bengal/Bengal_92.jpg,375,500,128045,a8c0014c868fbb9e9732bf53463f72edb40ffe8a8562d5ae4009298bec8dae1a
pretrain,train,bengal,Bengal_97.jpg,https://raw.githubusercontent.com/ml4py/dataset-iiit-pet/master/images/Bengal_97.jpg,pretrain/train/bengal/Bengal_97.jpg,500,374,138468,1f7e7e055bb3110b456a791c9507fbb05a4408a8d322c4647e6b1ada514247dd
pretrain,train,bengal,Bengal_99.jpg,https://raw.githubusercontent.com/ml4py/dataset-iiit-pet/master/images/Bengal_99.jpg,pretrain/train/bengal/Bengal_99.jpg,500,401,136481,36d69e6d3b31b46715fc237e9a91027e8bff6ef157d84a5f28a81f6ff8e4ad1f
pretrain,train,pug,pug_10.jpg,https://raw.githubusercontent.com/ml4py/dataset-iiit-pet/master/images/pug_10.jpg,pretrain/train/pug/pug_10.jpg,333,500,118657,613a98eb31494376cd54f726fc3da0499f9f648f85ff27e9a8948ecf6c3dc7a5
pretrain,train,pug,pug_104.jpg,https://raw.githubusercontent.com/ml4py/dataset-iiit-pet/master/images/pug_104.jpg,pretrain/train/pug/pug_104.jpg,500,394,139158,8fd3e81b195b99a50ee6187a96df4214c68563aefb74e7e56ea36e9716433e6e
pretrain,train,pug,pug_112.jpg,https://raw.githubusercontent.com/ml4py/dataset-iiit-pet/master/images/pug_112.jpg,pretrain/train/pug/pug_112.jpg,333,500,93404,d6bbd60d490cb085f710b74a6104c245f6363b3e4fd732f0dddacb439c69906a
pretrain,train,pug,pug_114.jpg,https://raw.githubusercontent.com/ml4py/dataset-iiit-pet/master/images/pug_114.jpg,pretrain/train/pug/pug_114.jpg,375,500,112494,ffa829e12f17c4e9e03c4d65e87951b02edb89295414c5e10a9ff1edac0420c9
pretrain,train,pug,pug_118.jpg,https://raw.githubusercontent.com/ml4py/dataset-iiit-pet/master/images/pug_118.jpg,pretrain/train/pug/pug_118.jpg,332,500,115627,fff79bb93c501f2fc87315c015b2876ace1199f67af41728c6156d37745caa09
pretrain,train,pug,pug_12.jpg,https://raw.githubusercontent.com/ml4py/dataset-iiit-pet/master/images/pug_12.jpg,pretrain/train/pug/pug_12.jpg,500,333,90481,32324c44b46136baf157fd25a48166b0c42faf238d65118e8d2f8c28de22581d
pretrain,train,pug,pug_121.jpg,https://raw.githubusercontent.com/ml4py/dataset-iiit-pet/master/images/pug_121.jpg,pretrain/train/pug/pug_121.jpg,300,222,11382,ca8640481e019d3b4d7f68399ef10d2f10fc85b6fc711c38d2f11d9a0dbf9000
pretrain,train,pug,pug_127.jpg,https://raw.githubusercontent.com/ml4py/dataset-iiit-pet/master/images/pug_127.jpg,pretrain/train/pug/pug_127.jpg,300,269,47697,d3f0736181950dd60c4bbb3ec4738d22f384c4ebe228b936e20ce46aa4aeb5dc
pretrain,train,pug,pug_129.jpg,https://raw.githubusercontent.com/ml4py/dataset-iiit-pet/master/images/pug_129.jpg,pretrain/train/pug/pug_129.jpg,300,225,17114,be45a746aa5c05d7d0ef206421c6af6142664bb86e525cc0bc293fa30c7b1cb8
pretrain,train,pug,pug_13.jpg,https://raw.githubusercontent.com/ml4py/dataset-iiit-pet/master/images/pug_13.jpg,pretrain/train/pug/pug_13.jpg,500,375,90616,5ea284ba735f39f850a865c7b2548dc9bd12424e724656ffe7c122e490e41604
pretrain,train,pug,pug_131.jpg,https://raw.githubusercontent.com/ml4py/dataset-iiit-pet/master/images/pug_131.jpg,pretrain/train/pug/pug_131.jpg,300,200,7893,a24d4d34585d856f2b674fd2d9075a5fff4e20116195cf18b42df1ecd0126002
pretrain,train,pug,pug_136.jpg,https://raw.githubusercontent.com/ml4py/dataset-iiit-pet/master/images/pug_136.jpg,pretrain/train/pug/pug_136.jpg,300,210,12570,40b0ec8c036d15c0b8268a2561a6f0cad0b0f663b1b245220f44a982a1d4d9e1
pretrain,train,pug,pug_14.jpg,https://raw.githubusercontent.com/ml4py/dataset-iiit-pet/master/images/pug_14.jpg,pretrain/train/pug/pug_14.jpg,500,334,80244,0e0548af458950f47118d9a47474587fe8ea60d64fed708ce321e30909d62449
pretrain,train,pug,pug_143.jpg,https://raw.githubusercontent.com/ml4py/dataset-iiit-pet/master/images/pug_143.jpg,pretrain/train/pug/pug_143.jpg,300,225,13429,8b32fc496b2d0b45194e2469a5b8eb334acc6c7e389ea7120f80d8e9b8a1a7b6
pretrain,train,pug,pug_148.jpg,https://raw.githubusercontent.com/ml4py/dataset-iiit-pet/master/images/pug_148.jpg,pretrain/train/pug/pug_148.jpg,300,200,8871,d0bdf8823ecbc56e61e7f080e06543cf2f585de17279504cc44ecd71b818f446
pretrain,train,pug,pug_149.jpg,https://raw.githubusercontent.com/ml4py/dataset-iiit-pet/master/images/pug_149.jpg,pretrain/train/pug/pug_149.jpg,300,253,11570,8de87a822b91f1860544fa3fad43a2e6746ed99666c65aa1feaf2429d2a3d519
pretrain,train,pug,pug_15.jpg,https://raw.githubusercontent.com/ml4py/dataset-iiit-pet/master/images/pug_15.jpg,pretrain/train/pug/pug_15.jpg,500,500,217018,bc66020b6d469b3b59678d7d990e6a0c0fed36e56fdac41716883dc896926c11
pretrain,train,pug,pug_156.jpg,https://raw.githubusercontent.com/ml4py/dataset-iiit-pet/master/images/pug_156.jpg,pretrain/train/pug/pug_156.jpg,300,225,11391,0bbba6a90c8d16caf49bcfc518ec84d90eaeb5463079164c3d2e5da72148ab44
pretrain,train,pug,pug_163.jpg,https://raw.githubusercontent.com/ml4py/dataset-iiit-pet/master/images/pug_163.jpg,pretrain/train/pug/pug_163.jpg,275,300,14479,c4c8b1f384b72bbd66ceb6b52238b79292cd0edaa14a352d96c6eb9950b8d79b
pretrain,train,pug,pug_167.jpg,https://raw.githubusercontent.com/ml4py/dataset-iiit-pet/master/images/pug_167.jpg,pretrain/train/pug/pug_167.jpg,300,205,12513,a472caa7e465d535416bc319a9e735730e27df2ee4b31d957443d1eb3b2a2e44
pretrain,train,pug,pug_171.jpg,https://raw.githubusercontent.com/ml4py/dataset-iiit-pet/master/images/pug_171.jpg,pretrain/train/pug/pug_171.jpg,300,219,8223,766c384104402e3e10ec7c0aa05191eea7292a93a0b26ae1609a9b7cf4e52730
pretrain,train,pug,pug_172.jpg,https://raw.githubusercontent.com/ml4py/dataset-iiit-pet/master/images/pug_172.jpg,pretrain/train/pug/pug_172.jpg,225,300,8643,78e90ef04fa98c67340fc44b12993848f9d91a8c7958ac1f8b245d1a0c171793
pretrain,train,pug,pug_174.jpg,https://raw.githubusercontent.com/ml4py/dataset-iiit-pet/master/images/pug_174.jpg,pretrain/train/pug/pug_174.jpg,300,225,10367,ad5bc95ae64bef1f6e2657acf89ba700cd53a46c98861d5460da8a5ebd99cfd4
pretrain,train,pug,pug_175.jpg,https://raw.githubusercontent.com/ml4py/dataset-iiit-pet/master/images/pug_175.jpg,pretrain/train/pug/pug_175.jpg,300,224,14895,8643a9a842312a0e9ca723f3b8474d3cc1be777c83b1d9cb0133995db45374ad
pretrain,train,pug,pug_176.jpg,https://raw.githubusercontent.com/ml4py/dataset-iiit-pet/master/images/pug_176.jpg,pretrain/train/pug/pug_176.jpg,300,227,15795,86d49a66a5a12dc28bacb81908644c72a26f86f35c370ed9ae966cb2f301736e
pretrain,train,pug,pug_178.jpg,https://raw.githubusercontent.com/ml4py/dataset-iiit-pet/master/images/pug_178.jpg,pretrain/train/pug/pug_178.jpg,300,233,10639,adec52a89d45a309d5acf52b43dad90cc43657ea31e98febc213d271ff02a197
pretrain,train,pug,pug_181.jpg,https://raw.githubusercontent.com/ml4py/dataset-iiit-pet/master/images/pug_181.jpg,pretrain/train/pug/pug_181.jpg,209,300,10730,ed61e07ea9cab73faf4c2745e7cce586c4124e003ce0cc63e37d3cfd93ff8586
pretrain,train,pug,pug_190.jpg,https://raw.githubusercontent.com/ml4py/dataset-iiit-pet/master/images/pug_190.jpg,pretrain/train/pug/pug_190.jpg,274,300,13251,c834e33ed09efead3b9ab5ed9da843d952768e5b9e1382224dccd41788fbd81c
pretrain,train,pug,pug_199.jpg,https://raw.githubusercontent.com/ml4py/dataset-iiit-pet/master/images/pug_199.jpg,pretrain/train/pug/pug_199.jpg,200,150,5355,f66575bcd417c0ca3a17790360dcaa2cd1e4566bff03ed23d31c7651153631cf
pretrain,train,pug,pug_20.jpg,https://raw.githubusercontent.com/ml4py/dataset-iiit-pet/master/images/pug_20.jpg,pretrain/train/pug/pug_20.jpg,500,375,179822,6b7ae21433682f6197552a0045f8236c29452ffa9b4747932c51d165a2adae77
pretrain,train,pug,pug_21.jpg,https://raw.githubusercontent.com/ml4py/dataset-iiit-pet/master/images/pug_21.jpg,pretrain/train/pug/pug_21.jpg,428,500,129605,31e05f27e04b1b2f6c97c0c9dc65f9c9c1bfb8c9c09cba0c78a693fc36955396
pretrain,train,pug,pug_23.jpg,https://raw.githubusercontent.com/ml4py/dataset-iiit-pet/master/images/pug_23.jpg,pretrain/train/pug/pug_23.jpg,445,500,113263,53924efccf1fb0aa6104a226c78306012234cf3360770b80515893a0a1407a27
pretrain,train,pug,pug_29.jpg,https://raw.githubusercontent.com/ml4py/dataset-iiit-pet/master/images/pug_29.jpg,pretrain/train/pug/pug_29.jpg,500,375,86187,ee46adb48b1598f0883439272ab225159a19232d63b8188fd3d49154178d382f
pretrain,train,pug,pug_30.jpg,https://raw.githubusercontent.com/ml4py/dataset-iiit-pet/master/images/pug_30.jpg,pretrain/train/pug/pug_30.jpg,359,500,150709,699bb0ef8b7eb4d63af0c27c1c5baa134ff6406bd60c43f9cb116eb80f77ac32
pretrain,train,pug,pug_43.jpg,https://raw.githubusercontent.com/ml4py/dataset-iiit-pet/master/images/pug_43.jpg,pretrain/train/pug/pug_43.jpg,500,333,101986,6763b56712c76db333ad566e8b4bbe3ca68f89e35740d4f5dc599905bc4da380
pretrain,train,pug,pug_52.jpg,https://raw.githubusercontent.com/ml4py/dataset-iiit-pet/master/images/pug_52.jpg,pretrain/train/pug/pug_52.jpg,500,333,113842,09a4b72d07697012e4084ee287f33b1e9e72c7faeb354540fde0176e545c044b
pretrain,train,pug,pug_56.jpg,https://raw.githubusercontent.com/ml4py/dataset-iiit-pet/master/images/pug_56.jpg,pretrain/train/pug/pug_56.jpg,308,421,69408,f59260de3cce652fedfcf1a4025934049a7cea1d77d40bc83cdf131e2ac33191
pretrain,train,pug,pug_58.jpg,https://raw.githubusercontent.com/ml4py/dataset-iiit-pet/master/images/pug_58.jpg,pretrain/train/pug/pug_58.jpg,357,500,71385,6d47aa7fc1c0003468d8db5f5681e4e7747a8804dfe0517c8c1798cb5646253a
pretrain,train,pug,pug_63.jpg,https://raw.githubusercontent.com/ml4py/dataset-iiit-pet/master/images/pug_63.jpg,pretrain/train/pug/pug_63.jpg,500,333,91318,79196ba904cb081a0fca8f66f9778d610e34c0081d09f3d88c379b1cc766d736
pretrain,train,pug,pug_65.jpg,https://raw.githubusercontent.com/ml4py/dataset-iiit-pet/master/images/pug_65.jpg,pretrain/train/pug/pug_65.jpg,500,398,113566,fe1d8891bf41cc1ae5f4e920bb157b18649425b840e880c560306545ca68ae56
pretrain,train,pug,pug_69.jpg,https://raw.githubusercontent.com/ml4py/dataset-iiit-pet/master/images/pug_69.jpg,pretrain/train/pug/pug_69.jpg,500,332,65559,821d21c5c518648e48c524955e8c2585b11288ae29e80b4b9fcb51a6f3610cdc
pretrain,train,pug,pug_70.jpg,https://raw.githubusercontent.com/ml4py/dataset-iiit-pet/master/images/pug_70.jpg,pretrain/train/pug/pug_70.jpg,500,358,110430,88463e1b3153231e7a88186f2dafc35451a9fc12083fa696a8f9e1ad29403e0a
pretrain,train,pug,pug_71.jpg,https://raw.githubusercontent.com/ml4py/dataset-iiit-pet/master/images/pug_71.jpg,pretrain/train/pug/pug_71.jpg,500,333,90171,55bab39d7f3a44733138ccc83eeb8b0b486e32a1e23d0718a6cb9a6a4d882f6c
pretrain,train,pug,pug_73.jpg,https://raw.githubusercontent.com/ml4py/dataset-iiit-pet/master/images/pug_73.jpg,pretrain/train/pug/pug_73.jpg,500,333,91019,6866ac91f20877df4e4456f33f59dd8880ee525ac8886e58c18deebe4eb5b1c5
pretrain,train,pug,pug_75.jpg,https://raw.githubusercontent.com/ml4py/dataset-iiit-pet/master/images/pug_75.jpg,pretrain/train/pug/pug_75.jpg,333,500,116823,e81cdbacc4e55882edce1d04dd08e029f6005eac4523b8234b703dc17581d766
pretrain,train,pug,pug_78.jpg,https://raw.githubusercontent.com/ml4py/dataset-iiit-pet/master/images/pug_78.jpg,pretrain/train/pug/pug_78.jpg,500,333,111160,135f27e2dfd0bf620a24e5fceb0b74bfd3e134b65d6ea9ae613bf649bdfab1f9
pretrain,train,pug,pug_8.jpg,https://raw.githubusercontent.com/ml4py/dataset-iiit-pet/master/images/pug_8.jpg,pretrain/train/pug/pug_8.jpg,500,375,121339,a3444542e6efb053439645f21a1e102b08a68080034960fe2f9ba90770e2e8af
pretrain,train,pug,pug_84.jpg,https://raw.githubusercontent.com/ml4py/dataset-iiit-pet/master/images/pug_84.jpg,pretrain/train/pug/pug_84.jpg,500,375,156679,4bead6bd4ca9faeada68f97a9d5e3d1c2db5b700222c0c905a442bfac189bf87
pretrain,train,pug,pug_88.jpg,https://raw.githubusercontent.com/ml4py/dataset-iiit-pet/master/images/pug_88.jpg,pretrain/train/pug/pug_88.jpg,333,500,79258,ea40c250e84096d517acd353b4b020f76e52df6f6eb6cb22c595cf2873309a33
pretrain,train,pug,pug_96.jpg,https://raw.githubusercontent.com/ml4py/dataset-iiit-pet/master/images/pug_96.jpg,pretrain/train/pug/pug_96.jpg,500,491,136400,3fc0630242f739e7ef38d498122b58039b4b239975802651262e5a387accfd5f
pretrain,train,samoyed,samoyed_100.jpg,https://raw.githubusercontent.com/ml4py/dataset-iiit-pet/master/images/samoyed_100.jpg,pretrain/train/samoyed/samoyed_100.jpg,500,334,98848,7524659ea2d8f6624dc1a6e332023d3712fa0a7856d9c0ccf6c9d4d44c0c9878
pretrain,train,samoyed,samoyed_101.jpg,https://raw.githubusercontent.com/ml4py/dataset-iiit-pet/master/images/samoyed_101.jpg,pretrain/train/samoyed/samoyed_101.jpg,500,375,184338,08119377914b13f24f264b12d54843e2327c436ad320c8b90f02f3b31c0f0a74
pretrain,train,samoyed,samoyed_103.jpg,https://raw.githubusercontent.com/ml4py/dataset-iiit-pet/master/images/samoyed_103.jpg,pretrain/train/samoyed/samoyed_103.jpg,500,375,179114,5f36ed2613ca73ff9330d7cfbc7f06bcd8706077763e392eb03877b6b365ba33
pretrain,train,samoyed,samoyed_107.jpg,https://raw.githubusercontent.com/ml4py/dataset-iiit-pet/master/images/samoyed_107.jpg,pretrain/train/samoyed/samoyed_107.jpg,500,375,102284,03b23e26ac44ebae63e46eee438b43f1061eb262930809ff92f6d32da9e344c2
pretrain,train,samoyed,samoyed_108.jpg,https://raw.githubusercontent.com/ml4py/dataset-iiit-pet/master/images/samoyed_108.jpg,pretrain/train/samoyed/samoyed_108.jpg,333,500,130261,8c6732e35e8d4af7e53f286b997100a177da983eaad82a7779f627c779296cfb
pretrain,train,samoyed,samoyed_113.jpg,https://raw.githubusercontent.com/ml4py/dataset-iiit-pet/master/images/samoyed_113.jpg,pretrain/train/samoyed/samoyed_113.jpg,500,375,111447,a1cf2f981ba80fd7ed5b932199542064af14e639f97be00c8c517485a91e9300
pretrain,train,samoyed,samoyed_115.jpg,https://raw.githubusercontent.com/ml4py/dataset-iiit-pet/master/images/samoyed_115.jpg,pretrain/train/samoyed/samoyed_115.jpg,500,333,210852,56efdf19247aa106eee346b24178b3d960f7bac73d4ff967b68ee05122963598
pretrain,train,samoyed,samoyed_116.jpg,https://raw.githubusercontent.com/ml4py/dataset-iiit-pet/master/images/samoyed_116.jpg,pretrain/train/samoyed/samoyed_116.jpg,500,400,172144,bb691a315382677b38ea22a1ba54a3e618e08999293e10ed08a894a580000588
pretrain,train,samoyed,samoyed_128.jpg,https://raw.githubusercontent.com/ml4py/dataset-iiit-pet/master/images/samoyed_128.jpg,pretrain/train/samoyed/samoyed_128.jpg,500,375,126721,b96abecb1defabb2d592f620f62da1d435f0c338024e74cb908b5b0af40b8f1d
pretrain,train,samoyed,samoyed_13.jpg,https://raw.githubusercontent.com/ml4py/dataset-iiit-pet/master/images/samoyed_13.jpg,pretrain/train/samoyed/samoyed_13.jpg,333,500,115272,d751bcb6b9e5594975e501c5d39a091d8879663493af53f8517abdda79742606
pretrain,train,samoyed,samoyed_141.jpg,https://raw.githubusercontent.com/ml4py/dataset-iiit-pet/master/images/samoyed_141.jpg,pretrain/train/samoyed/samoyed_141.jpg,500,351,171723,ce45fbc2abd8a5a2b241f6e53202eb1a07306dcc20235ae905bcb205532d910b
pretrain,train,samoyed,samoyed_147.jpg,https://raw.githubusercontent.com/ml4py/dataset-iiit-pet/master/images/samoyed_147.jpg,pretrain/train/samoyed/samoyed_147.jpg,500,375,164220,b704741e634cda699db23ff7874ae2f411ac5edbe9f64e2198470101ddd47f8b
pretrain,train,samoyed,samoyed_148.jpg,https://raw.githubusercontent.com/ml4py/dataset-iiit-pet/master/images/samoyed_148.jpg,pretrain/train/samoyed/samoyed_148.jpg,500,375,169052,eb69762390192ac45fdb94e1e08551a018c421778b4b94881d00f3da5ad3db6a
pretrain,train,samoyed,samoyed_153.jpg,https://raw.githubusercontent.com/ml4py/dataset-iiit-pet/master/images/samoyed_153.jpg,pretrain/train/samoyed/samoyed_153.jpg,500,375,59646,062d17b5dfe25b271999a73850dea8d0cd1c435cfb46cb486af77800c6bfe8b1
pretrain,train,samoyed,samoyed_155.jpg,https://raw.githubusercontent.com/ml4py/dataset-iiit-pet/master/images/samoyed_155.jpg,pretrain/train/samoyed/samoyed_155.jpg,500,333,80889,7c457fe3a2fb12bc1ab20adf44e77c940292393755ad440c7eac670ac78718f6
pretrain,train,samoyed,samoyed_16.jpg,https://raw.githubusercontent.com/ml4py/dataset-iiit-pet/master/images/samoyed_16.jpg,pretrain/train/samoyed/samoyed_16.jpg,375,500,129976,ed06a6eb3436216006b4d98f16d1bd66823212d784a354802f7d61a82b13cd45
pretrain,train,samoyed,samoyed_165.jpg,https://raw.githubusercontent.com/ml4py/dataset-iiit-pet/master/images/samoyed_165.jpg,pretrain/train/samoyed/samoyed_165.jpg,317,500,89389,dfa6a6785308cbf8f2fc81122cda2cebca1f84e97832cfd882256501cfa39e5b
pretrain,train,samoyed,samoyed_174.jpg,https://raw.githubusercontent.com/ml4py/dataset-iiit-pet/master/images/samoyed_174.jpg,pretrain/train/samoyed/samoyed_174.jpg,500,334,70195,fe51fee84a640875deb9658a8dd4f6210beaeae7b73d3066515c2230e2889071
pretrain,train,samoyed,samoyed_180.jpg,https://raw.githubusercontent.com/ml4py/dataset-iiit-pet/master/images/samoyed_180.jpg,pretrain/train/samoyed/samoyed_180.jpg,500,334,122624,ae06ecc4087b109d8d92a4a0e11c6de354980c2cbdc32ec3e74b8b12d598c878
pretrain,train,samoyed,samoyed_183.jpg,https://raw.githubusercontent.com/ml4py/dataset-iiit-pet/master/images/samoyed_183.jpg,pretrain/train/samoyed/samoyed_183.jpg,500,334,96268,5017b9b5307d109bf550e47954f15714493318671be0e3d39400ad800a8bbd4f
pretrain,train,samoyed,samoyed_19.jpg,https://raw.githubusercontent.com/ml4py/dataset-iiit-pet/master/images/samoyed_19.jpg,pretrain/train/samoyed/samoyed_19.jpg,500,375,132865,0fb64e41340881bb69300a19c2d76b424033dd1ae0d40fb07f44ab7365a29295
pretrain,train,samoyed,samoyed_192.jpg,https://raw.githubusercontent.com/ml4py/dataset-iiit-pet/master/images/samoyed_192.jpg,pretrain/train/samoyed/samoyed_192.jpg,375,500,168610,63dd330adebe956e63c225671a234cf31e46dd3a147c2664707c0e389790068a
pretrain,train,samoyed,samoyed_196.jpg,https://raw.githubusercontent.com/ml4py/dataset-iiit-pet/master/images/samoyed_196.jpg,pretrain/train/samoyed/samoyed_196.jpg,375,500,184642,60a73a78b2df99e07508485228f0ddc1ecc573cca81ce17b8e475c2ec3ac328e
pretrain,train,samoyed,samoyed_198.jpg,https://raw.githubusercontent.com/ml4py/dataset-iiit-pet/master/images/samoyed_198.jpg,pretrain/train/samoyed/samoyed_198.jpg,500,490,120895,90555ef8bfb8f77bebeb290cb9f0753e218ddfc89ea8dfb1db616c2f85782688
pretrain,train,samoyed,samoyed_199.jpg,https://raw.githubusercontent.com/ml4py/dataset-iiit-pet/master/images/samoyed_199.jpg,pretrain/train/samoyed/samoyed_199.jpg,333,500,110262,15c1bb04f7e1fb8f27b090aba645cf2c808b8a18282dd663a477ea9d161035e4
pretrain,train,samoyed,samoyed_200.jpg,https://raw.githubusercontent.com/ml4py/dataset-iiit-pet/master/images/samoyed_200.jpg,pretrain/train/samoyed/samoyed_200.jpg,500,375,181066,4f1c0e1c2f0785cb54e77b642ca7995f3b969470ad08d2efa3e59994d337f7c6
pretrain,train,samoyed,samoyed_21.jpg,https://raw.githubusercontent.com/ml4py/dataset-iiit-pet/master/images/samoyed_21.jpg,pretrain/train/samoyed/samoyed_21.jpg,500,375,91105,1eb2104b9ad81b5ab257e2356fe440ec050ff6313a7e1c87e8098c0388de3b51
pretrain,train,samoyed,samoyed_26.jpg,https://raw.githubusercontent.com/ml4py/dataset-iiit-pet/master/images/samoyed_26.jpg,pretrain/train/samoyed/samoyed_26.jpg,500,333,53056,d56de5928ae73754e88a08d7e24756e21c329a865faa5988dff48da1ec10993e
pretrain,train,samoyed,samoyed_27.jpg,https://raw.githubusercontent.com/ml4py/dataset-iiit-pet/master/images/samoyed_27.jpg,pretrain/train/samoyed/samoyed_27.jpg,400,328,44532,f3c2024c3761a70b00e93bc95c45cd0758b974b67060b3063c7fa9b7309edacf
pretrain,train,samoyed,samoyed_28.jpg,https://raw.githubusercontent.com/ml4py/dataset-iiit-pet/master/images/samoyed_28.jpg,pretrain/train/samoyed/samoyed_28.jpg,500,414,126985,3f7ae785e8a24259354ff613898d69df87f36b8ce97a047babdb45f68bca70ab
pretrain,train,samoyed,samoyed_30.jpg,https://raw.githubusercontent.com/ml4py/dataset-iiit-pet/master/images/samoyed_30.jpg,pretrain/train/samoyed/samoyed_30.jpg,333,500,83383,b215f07708c9164f56f5381900d9c88d4cb1d107b371ba4610b10e7b92b5ef4a
pretrain,train,samoyed,samoyed_4.jpg,https://raw.githubusercontent.com/ml4py/dataset-iiit-pet/master/images/samoyed_4.jpg,pretrain/train/samoyed/samoyed_4.jpg,290,500,88183,54041074e2fadcf86dbbd7bcfc6aadb0dc02ba2970572b751dd93565ef49f3db
pretrain,train,samoyed,samoyed_40.jpg,https://raw.githubusercontent.com/ml4py/dataset-iiit-pet/master/images/samoyed_40.jpg,pretrain/train/samoyed/samoyed_40.jpg,333,500,74039,61fe1d07cdc7856e633d20eb0fdf71ba968af0a0f87671f0f24bdd5706a5ceec
pretrain,train,samoyed,samoyed_47.jpg,https://raw.githubusercontent.com/ml4py/dataset-iiit-pet/master/images/samoyed_47.jpg,pretrain/train/samoyed/samoyed_47.jpg,333,500,65812,69f00828e9b58e6ac037d554285d3856a1a1c637c29fafcd92e179f752b7326f
pretrain,train,samoyed,samoyed_48.jpg,https://raw.githubusercontent.com/ml4py/dataset-iiit-pet/master/images/samoyed_48.jpg,pretrain/train/samoyed/samoyed_48.jpg,333,500,67530,6b63f2adae0247b71bf29f1e3120d427d6258a4ca62e0ef3b4a41794bdc7cebd
pretrain,train,samoyed,samoyed_53.jpg,https://raw.githubusercontent.com/ml4py/dataset-iiit-pet/master/images/samoyed_53.jpg,pretrain/train/samoyed/samoyed_53.jpg,500,333,89680,301a004249493c3b6540e707ff03022456a1b4e6f8e26330e2387e083b9de867
pretrain,train,samoyed,samoyed_65.jpg,https://raw.githubusercontent.com/ml4py/dataset-iiit-pet/master/images/samoyed_65.jpg,pretrain/train/samoyed/samoyed_65.jpg,500,375,127037,f2b62bf76b3f4a96dcc8ab38a9cfc12d5902d6d4346f86df0ecfb3fed55e15ee
pretrain,train,samoyed,samoyed_67.jpg,https://raw.githubusercontent.com/ml4py/dataset-iiit-pet/master/images/samoyed_67.jpg,pretrain/train/samoyed/samoyed_67.jpg,500,375,181225,dd183a5b43c0d9c9b0b1d7e297aaee8b545525b67b27911552965fe4b63fe91e
pretrain,train,samoyed,samoyed_73.jpg,https://raw.githubusercontent.com/ml4py/dataset-iiit-pet/master/images/samoyed_73.jpg,pretrain/train/samoyed/samoyed_73.jpg,500,333,115470,38186ce85600067983a94a33acc7ce4edcda2a085039607cca177fc9c1ba3cae
pretrain,train,samoyed,samoyed_74.jpg,https://raw.githubusercontent.com/ml4py/dataset-iiit-pet/master/images/samoyed_74.jpg,pretrain/train/samoyed/samoyed_74.jpg,500,375,129989,058c4560a17ce74d6c9575cf62cae716d8c9c30f58c25b9163d5e7408a53f939
pretrain,train,samoyed,samoyed_77.jpg,https://raw.githubusercontent.com/ml4py/dataset-iiit-pet/master/images/samoyed_77.jpg,pretrain/train/samoyed/samoyed_77.jpg,316,426,80279,6466853918ad2dee1faee0c136d246540220398da2ac91d77052078e7f68fe5d
pretrain,train,samoyed,samoyed_8.jpg,https://raw.githubusercontent.com/ml4py/dataset-iiit-pet/master/images/samoyed_8.jpg,pretrain/train/samoyed/samoyed_8.jpg,375,500,74350,e70f30b8a6db5ad4cc27bb39cc8e2c5d7e6ee527854a9d9208355e0f25576cb6
pretrain,train,samoyed,samoyed_81.jpg,https://raw.githubusercontent.com/ml4py/dataset-iiit-pet/master/images/samoyed_81.jpg,pretrain/train/samoyed/samoyed_81.jpg,500,469,228101,0fb91f1df920abea5e4d6dbcb491f05b92b636adae0cd6596a6e34ae502512b3
pretrain,train,samoyed,samoyed_82.jpg,https://raw.githubusercontent.com/ml4py/dataset-iiit-pet/master/images/samoyed_82.jpg,pretrain/train/samoyed/samoyed_82.jpg,500,375,50010,9d580059b7650c5e4d90bd160fc0e5c2233ed7647e8092207bdbe6547b8a3b5d
pretrain,train,samoyed,samoyed_84.jpg,https://raw.githubusercontent.com/ml4py/dataset-iiit-pet/master/images/samoyed_84.jpg,pretrain/train/samoyed/samoyed_84.jpg,500,333,83706,7be152d1357014ea827a8a11e5b414728c0a9e73f41ff2eff0a9f1c4707cd429
pretrain,train,samoyed,samoyed_9.jpg,https://raw.githubusercontent.com/ml4py/dataset-iiit-pet/master/images/samoyed_9.jpg,pretrain/train/samoyed/samoyed_9.jpg,375,500,116355,856cae5897ea5ce3de3f17d6347f8b41337d9a94fe0240bab4a92b9f13abeec2
pretrain,train,samoyed,samoyed_91.jpg,https://raw.githubusercontent.com/ml4py/dataset-iiit-pet/master/images/samoyed_91.jpg,pretrain/train/samoyed/samoyed_91.jpg,333,500,119495,0b48feba9db831bb49fd01fffcfa64f1a0c4aaaa175a61286d1cc77ee19676b7
pretrain,train,samoyed,samoyed_92.jpg,https://raw.githubusercontent.com/ml4py/dataset-iiit-pet/master/images/samoyed_92.jpg,pretrain/train/samoyed/samoyed_92.jpg,333,500,107556,37d12ab3091d7e05588750f638d916cee662a790645377812e14c57ff7b28d41
pretrain,train,samoyed,samoyed_93.jpg,https://raw.githubusercontent.com/ml4py/dataset-iiit-pet/master/images/samoyed_93.jpg,pretrain/train/samoyed/samoyed_93.jpg,500,315,84227,e95ba0f47fbe5671094e5ebb8117c4ef68c4b95614b0942d7c42d369e41e03b8
pretrain,train,samoyed,samoyed_94.jpg,https://raw.githubusercontent.com/ml4py/dataset-iiit-pet/master/images/samoyed_94.jpg,pretrain/train/samoyed/samoyed_94.jpg,425,500,111903,e5f79cefe0817f0fa40357d0cb59cb0367a29b1413525b347cf019c34af03bdf
pretrain,train,siamese,Siamese_103.jpg,https://raw.githubusercontent.com/ml4py/dataset-iiit-pet/master/images/Siamese_103.jpg,pretrain/train/siamese/Siamese_103.jpg,500,310,75741,bc031ee32bdd36922294ad970712506b92fa271e080e963bde431d137dd7a9ee
pretrain,train,siamese,Siamese_114.jpg,https://raw.githubusercontent.com/ml4py/dataset-iiit-pet/master/images/Siamese_114.jpg,pretrain/train/siamese/Siamese_114.jpg,362,500,90851,205998b2302880851f59241855f67ab33c43bb0c3bed94af094807ab8bc74e04
pretrain,train,siamese,Siamese_116.jpg,https://raw.githubusercontent.com/ml4py/dataset-iiit-pet/master/images/Siamese_116.jpg,pretrain/train/siamese/Siamese_116.jpg,334,500,92041,3169696f92469925e1c60f33fe83ce33952e26e3f8b5c2af3248a9edae0196da
pretrain,train,siamese,Siamese_120.jpg,https://raw.githubusercontent.com/ml4py/dataset-iiit-pet/master/images/Siamese_120.jpg,pretrain/train/siamese/Siamese_120.jpg,375,500,100355,3550ba17c0635619d891bb67eafd900783719448db49e53e7818cc4b275d8b6f
pretrain,train,siamese,Siamese_122.jpg,https://raw.githubusercontent.com/ml4py/dataset-iiit-pet/master/images/Siamese_122.jpg,pretrain/train/siamese/Siamese_122.jpg,333,500,65377,42c45ae7edd885c2ec72896e7e5aaf6c4112c1fddb85ecc80ea1988e9aab0c4a
pretrain,train,siamese,Siamese_131.jpg,https://raw.githubusercontent.com/ml4py/dataset-iiit-pet/master/images/Siamese_131.jpg,pretrain/train/siamese/Siamese_131.jpg,500,423,116487,84195eae165f8f741293a89bac09cf900b89a6dccd2d196d6248e24e54f9c661
pretrain,train,siamese,Siamese_135.jpg,https://raw.githubusercontent.com/ml4py/dataset-iiit-pet/master/images/Siamese_135.jpg,pretrain/train/siamese/Siamese_135.jpg,500,334,107747,45883041d31051c1067f66416155978e203fdd42557b819abd9eb70d12c1ee55
pretrain,train,siamese,Siamese_143.jpg,https://raw.githubusercontent.com/ml4py/dataset-iiit-pet/master/images/Siamese_143.jpg,pretrain/train/siamese/Siamese_143.jpg,500,375,136992,1489c01177b5880007dd947b5514e532a3bfe69823cb473800e511da23d535f3
pretrain,train,siamese,Siamese_150.jpg,https://raw.githubusercontent.com/ml4py/dataset-iiit-pet/master/images/Siamese_150.jpg,pretrain/train/siamese/Siamese_150.jpg,500,333,119303,d073921750223ac742a6ec1f44f69128022677d3ef733ec4740b8bce11ed1605
pretrain,train,siamese,Siamese_152.jpg,https://raw.githubusercontent.com/ml4py/dataset-iiit-pet/master/images/Siamese_152.jpg,pretrain/train/siamese/Siamese_152.jpg,333,500,87977,a751b703171d3bf966e2411ace7b2d85a8e9978f42bdcbaff5754fa2e4d363ad
pretrain,train,siamese,Siamese_153.jpg,https://raw.githubusercontent.com/ml4py/dataset-iiit-pet/master/images/Siamese_153.jpg,pretrain/train/siamese/Siamese_153.jpg,500,333,118469,2ffed7345f39db8db2bce5a475532983e3727d78c6cf83429b424c1e937463f3
pretrain,train,siamese,Siamese_154.jpg,https://raw.githubusercontent.com/ml4py/dataset-iiit-pet/master/images/Siamese_154.jpg,pretrain/train/siamese/Siamese_154.jpg,500,375,77054,ecefb39a1beeccff800a84aa7326d30240a9fd6acec5bb14c7732e6cbfcf3bf7
pretrain,train,siamese,Siamese_158.jpg,https://raw.githubusercontent.com/ml4py/dataset-iiit-pet/master/images/Siamese_158.jpg,pretrain/train/siamese/Siamese_158.jpg,500,375,122787,e83bd28b8a1954d003dcf625676e89f2fee57cf257da642e0f292694577d79c4
pretrain,train,siamese,Siamese_162.jpg,https://raw.githubusercontent.com/ml4py/dataset-iiit-pet/master/images/Siamese_162.jpg,pretrain/train/siamese/Siamese_162.jpg,500,375,120262,1a57a5bdcf8628e3a6b288be728c95fcc00676c1bfc6efd92adbba5f002cff97
pretrain,train,siamese,Siamese_171.jpg,https://raw.githubusercontent.com/ml4py/dataset-iiit-pet/master/images/Siamese_171.jpg,pretrain/train/siamese/Siamese_171.jpg,500,375,203819,6be06f2aa36d21f2a945bb5662f47ac8ebd94a618b3a1cac9ab9e8b793e4f74b
pretrain,train,siamese,Siamese_176.jpg,https://raw.githubusercontent.com/ml4py/dataset-iiit-pet/master/images/Siamese_176.jpg,pretrain/train/siamese/Siamese_176.jpg,500,400,122959,0a6c1d30f1082acbbd72036af84e2e72bd93e468edda8b28ca588185258ad838
pretrain,train,siamese,Siamese_18.jpg,https://raw.githubusercontent.com/ml4py/dataset-iiit-pet/master/images/Siamese_18.jpg,pretrain/train/siamese/Siamese_18.jpg,500,333,99243,bbb7300e71ed9a9c5d169dc9f36705fbbc7c922354d8963af3b921d548c283b7
pretrain,train,siamese,Siamese_180.jpg,https://raw.githubusercontent.com/ml4py/dataset-iiit-pet/master/images/Siamese_180.jpg,pretrain/train/siamese/Siamese_180.jpg,500,367,145937,14cad93cfdf707b01d1ca4b5b80f665ae7b33ed44e891230efde9522f44ca9c2
pretrain,train,siamese,Siamese_187.jpg,https://raw.githubusercontent.com/ml4py/dataset-iiit-pet/master/images/Siamese_187.jpg,pretrain/train/siamese/Siamese_187.jpg,500,375,99394,a30cbac95bd1caf52e08cc4cc1f6ba49d65761e1415f8733350286d0aa22d7d2
pretrain,train,siamese,Siamese_193.jpg,https://raw.githubusercontent.com/ml4py/dataset-iiit-pet/master/images/Siamese_193.jpg,pretrain/train/siamese/Siamese_193.jpg,333,500,118080,f43162f71ecb02166d11931cc5b81f8100a8e8568fc351e963a8e051499ebcd4
pretrain,train,siamese,Siamese_194.jpg,https://raw.githubusercontent.com/ml4py/dataset-iiit-pet/master/images/Siamese_194.jpg,pretrain/train/siamese/Siamese_194.jpg,500,333,84144,2f92943c751312031ffa48102214de662331f57f872d2835d0d43c9d59e6d680
pretrain,train,siamese,Siamese_195.jpg,https://raw.githubusercontent.com/ml4py/dataset-iiit-pet/master/images/Siamese_195.jpg,pretrain/train/siamese/Siamese_195.jpg,500,333,76902,9c51cc1ec98ac0b1cf3b87447d2a2f80c77eb0868c443fab5262d29e23697749
pretrain,train,siamese,Siamese_20.jpg,https://raw.githubusercontent.com/ml4py/dataset-iiit-pet/master/images/Siamese_20.jpg,pretrain/train/siamese/Siamese_20.jpg,333,500,79314,a82cea2c2506e1402f992205581c693c7c65fd02e51067fbb319f6c219dc6d6c
pretrain,train,siamese,Siamese_203.jpg,https://raw.githubusercontent.com/ml4py/dataset-iiit-pet/master/images/Siamese_203.jpg,pretrain/train/siamese/Siamese_203.jpg,500,334,101764,76655bc6a5bc68cc556ff77dc34f46d98658d3aa435acc032108aa46350bf12f
pretrain,train,siamese,Siamese_210.jpg,https://raw.githubusercontent.com/ml4py/dataset-iiit-pet/master/images/Siamese_210.jpg,pretrain/train/siamese/Siamese_210.jpg,500,500,114870,cf5ff6c017bd3a7b2ace2e4f8a1b65fd4a25200713671ac1007b1f2732fbb160
pretrain,train,siamese,Siamese_216.jpg,https://raw.githubusercontent.com/ml4py/dataset-iiit-pet/master/images/Siamese_216.jpg,pretrain/train/siamese/Siamese_216.jpg,300,225,6939,6eb44d5fdc77908d7104ecaf21bd961cbd14dc1c65068dc98969490631b2c937
pretrain,train,siamese,Siamese_224.jpg,https://raw.githubusercontent.com/ml4py/dataset-iiit-pet/master/images/Siamese_224.jpg,pretrain/train/siamese/Siamese_224.jpg,300,225,16979,3db26708175058f4a9b69ad5bf192e9695598dc9b1af3bac02e727fa8605027f
pretrain,train,siamese,Siamese_234.jpg,https://raw.githubusercontent.com/ml4py/dataset-iiit-pet/master/images/Siamese_234.jpg,pretrain/train/siamese/Siamese_234.jpg,300,225,13295,6133ef18248347ef9b919969ee7c2d07f768806d7ca34770734943bccbecd679
pretrain,train,siamese,Siamese_238.jpg,https://raw.githubusercontent.com/ml4py/dataset-iiit-pet/master/images/Siamese_238.jpg,pretrain/train/siamese/Siamese_238.jpg,300,200,10847,77ff2fb9e20721d7452d94406faf55ea5e043d62e1d4de3ab02f069fc7296a37
pretrain,train,siamese,Siamese_25.jpg,https://raw.githubusercontent.com/ml4py/dataset-iiit-pet/master/images/Siamese_25.jpg,pretrain/train/siamese/Siamese_25.jpg,335,500,133279,cbe26510695b3ecae5e608429aaa01689945eec100c76deb1168f1d0f4f39dd1
pretrain,train,siamese,Siamese_26.jpg,https://raw.githubusercontent.com/ml4py/dataset-iiit-pet/master/images/Siamese_26.jpg,pretrain/train/siamese/Siamese_26.jpg,500,332,121215,33cb567ba5e0e0a7ccddc4201117908858b250bc2422d2bac9c7fdd8e0bbfdbf
pretrain,train,siamese,Siamese_32.jpg,https://raw.githubusercontent.com/ml4py/dataset-iiit-pet/master/images/Siamese_32.jpg,pretrain/train/siamese/Siamese_32.jpg,340,500,137679,e4073dfbb5c557e5bece6b86728b8bc9ea34ff26e627977afa97820504357443
pretrain,train,siamese,Siamese_34.jpg,https://raw.githubusercontent.com/ml4py/dataset-iiit-pet/master/images/Siamese_34.jpg,pretrain/train/siamese/Siamese_34.jpg,335,500,99260,f403ec5e6f6cf1c42ea6c67b630acf36a4349da0c182687decdd732beaab083b
pretrain,train,siamese,Siamese_36.jpg,https://raw.githubusercontent.com/ml4py/dataset-iiit-pet/master/images/Siamese_36.jpg,pretrain/train/siamese/Siamese_36.jpg,500,333,95758,8405a1fd50b7b719e628dc1115cd15b5bff1969fcaf37fbfe925d722f42c4863
pretrain,train,siamese,Siamese_49.jpg,https://raw.githubusercontent.com/ml4py/dataset-iiit-pet/master/images/Siamese_49.jpg,pretrain/train/siamese/Siamese_49.jpg,500,375,104704,bcd17071c20100ea1ac3b31d31eb34d60d994b200ff04a9e53868f733b4a5b22
pretrain,train,siamese,Siamese_5.jpg,https://raw.githubusercontent.com/ml4py/dataset-iiit-pet/master/images/Siamese_5.jpg,pretrain/train/siamese/Siamese_5.jpg,183,275,11897,ea6f13fa04aedfc512f9fcce5c21c8759dbbb7d1e8e92c354b5c25b2b653cdc9
pretrain,train,siamese,Siamese_50.jpg,https://raw.githubusercontent.com/ml4py/dataset-iiit-pet/master/images/Siamese_50.jpg,pretrain/train/siamese/Siamese_50.jpg,500,451,154013,95bfb1750fdeb6a11b51252af120f7032fdf717965fe0c2408ba402381979888
pretrain,train,siamese,Siamese_57.jpg,https://raw.githubusercontent.com/ml4py/dataset-iiit-pet/master/images/Siamese_57.jpg,pretrain/train/siamese/Siamese_57.jpg,500,281,164567,9b4c1f9f4158ec44b6aeb2d4cf86687ea26d5c684adc60ec1fe3e08b1bbc9f15
pretrain,train,siamese,Siamese_61.jpg,https://raw.githubusercontent.com/ml4py/dataset-iiit-pet/master/images/Siamese_61.jpg,pretrain/train/siamese/Siamese_61.jpg,500,335,89466,2bb99fda6d871df5984a56ec06bb399ac69a82c506275577a30c6cca6bde5fdd
pretrain,train,siamese,Siamese_69.jpg,https://raw.githubusercontent.com/ml4py/dataset-iiit-pet/master/images/Siamese_69.jpg,pretrain/train/siamese/Siamese_69.jpg,500,375,89106,90232538c1979ac66d16caab6cb661829b5f9c951bce6976889185c32f0f43e5
pretrain,train,siamese,Siamese_70.jpg,https://raw.githubusercontent.com/ml4py/dataset-iiit-pet/master/images/Siamese_70.jpg,pretrain/train/siamese/Siamese_70.jpg,375,500,131114,17f4014dca55949b5fadf3e7d92de62212b6061c46008d1bf07637744ca65571
pretrain,train,siamese,Siamese_71.jpg,https://raw.githubusercontent.com/ml4py/dataset-iiit-pet/master/images/Siamese_71.jpg,pretrain/train/siamese/Siamese_71.jpg,500,350,107682,4dea4c5a91bd1fe82f404a199b2d54b00ddf324b4279b8690e2700a1b6277fad
pretrain,train,siamese,Siamese_77.jpg,https://raw.githubusercontent.com/ml4py/dataset-iiit-pet/master/images/Siamese_77.jpg,pretrain/train/siamese/Siamese_77.jpg,500,375,185596,5c14e0ca44e89ab9d471fc1a358f5649f9e61fe32e27fd52c42edafc3288acf9
pretrain,train,siamese,Siamese_78.jpg,https://raw.githubusercontent.com/ml4py/dataset-iiit-pet/master/images/Siamese_78.jpg,pretrain/train/siamese/Siamese_78.jpg,335,500,95018,378a0d3e76200affe2d4f131b8cc86b147d9d867f37312d4fc5384ce27b3e72e
pretrain,train,siamese,Siamese_79.jpg,https://raw.githubusercontent.com/ml4py/dataset-iiit-pet/master/images/Siamese_79.jpg,pretrain/train/siamese/Siamese_79.jpg,402,500,175801,64005f6a6aa69a2f064342e2fe5a0d489d563c4d0d1d5caace53ba8cd02744c5
pretrain,train,siamese,Siamese_83.jpg,https://raw.githubusercontent.com/ml4py/dataset-iiit-pet/master/images/Siamese_83.jpg,pretrain/train/siamese/Siamese_83.jpg,500,375,128618,e162efff0cba21cd6d3caaa5f6cfa3480d035387bc7bd1570d145049812f1f0f
pretrain,train,siamese,Siamese_91.jpg,https://raw.githubusercontent.com/ml4py/dataset-iiit-pet/master/images/Siamese_91.jpg,pretrain/train/siamese/Siamese_91.jpg,500,375,128497,38f7874ac4c5954c77ada369b138fa21d01c6cf1457f4720a5660716f8988d5a
pretrain,train,siamese,Siamese_95.jpg,https://raw.githubusercontent.com/ml4py/dataset-iiit-pet/master/images/Siamese_95.jpg,pretrain/train/siamese/Siamese_95.jpg,500,375,123635,743c2f550b2d8f0e5034e137dd8f00c7f731155bc68102ca0c0ef63b7da43291
pretrain,train,siamese,Siamese_96.jpg,https://raw.githubusercontent.com/ml4py/dataset-iiit-pet/master/images/Siamese_96.jpg,pretrain/train/siamese/Siamese_96.jpg,500,379,141776,247db03733770b005c3cd376e8413d243e244f78c158c0f039c467446a4480b9
pretrain,train,siamese,Siamese_97.jpg,https://raw.githubusercontent.com/ml4py/dataset-iiit-pet/master/images/Siamese_97.jpg,pretrain/train/siamese/Siamese_97.jpg,500,375,105041,d257f64827c5b76e144b76f7f0a40880d38fa98e1c4ac85c2d749fb2c7343a9b
pretrain,val,beagle,beagle_120.jpg,https://raw.githubusercontent.com/ml4py/dataset-iiit-pet/master/images/beagle_120.jpg,pretrain/val/beagle/beagle_120.jpg,333,500,60419,51f234ac916a9ded9c8c41a0aab3049ff678c7bb0e3054181a3407f90016b3bd
pretrain,val,beagle,beagle_131.jpg,https://raw.githubusercontent.com/ml4py/dataset-iiit-pet/master/images/beagle_131.jpg,pretrain/val/beagle/beagle_131.jpg,500,375,137728,fa476beb9297dad3fe118fa6c1051148f1f153ee98cb140dfad5fca1897c4dce
pretrain,val,beagle,beagle_144.jpg,https://raw.githubusercontent.com/ml4py/dataset-iiit-pet/master/images/beagle_144.jpg,pretrain/val/beagle/beagle_144.jpg,500,375,115346,e8d960935824bc2fc268be14433a2f28a9aca45e0b8d2757941152e8b7b9178b
pretrain,val,beagle,beagle_156.jpg,https://raw.githubusercontent.com/ml4py/dataset-iiit-pet/master/images/beagle_156.jpg,pretrain/val/beagle/beagle_156.jpg,500,334,102618,707771a3f92c731bfd80f6b8f2b825c86626eed27ccbf6196e37d0cf99180c52
pretrain,val,beagle,beagle_186.jpg,https://raw.githubusercontent.com/ml4py/dataset-iiit-pet/master/images/beagle_186.jpg,pretrain/val/beagle/beagle_186.jpg,500,334,87749,c5ecd5ffb7f9c33a910ab04e17209f25b08412b5fa62c2ffb190c07300d28920
pretrain,val,beagle,beagle_194.jpg,https://raw.githubusercontent.com/ml4py/dataset-iiit-pet/master/images/beagle_194.jpg,pretrain/val/beagle/beagle_194.jpg,500,333,80775,7b6dbb878b56e9e031fafff91ca3de1801b6e28cba62d2d117a0bc64b9e5b828
pretrain,val,beagle,beagle_198.jpg,https://raw.githubusercontent.com/ml4py/dataset-iiit-pet/master/images/beagle_198.jpg,pretrain/val/beagle/beagle_198.jpg,334,500,98255,590056a4ddb6e9da36b720956c956f619426fdf1a5538705a333cae6796f953a
pretrain,val,beagle,beagle_33.jpg,https://raw.githubusercontent.com/ml4py/dataset-iiit-pet/master/images/beagle_33.jpg,pretrain/val/beagle/beagle_33.jpg,500,309,202475,5cf0f897b3732ef8244e5d14fb640b11973c41fec5e5db3aa2762a8ddf20b3d7
pretrain,val,beagle,beagle_83.jpg,https://raw.githubusercontent.com/ml4py/dataset-iiit-pet/master/images/beagle_83.jpg,pretrain/val/beagle/beagle_83.jpg,500,375,115916,5ea12dad019cf666519e581d6081469278ab229c1f0acbd07255bc8b1bbcf9ff
pretrain,val,beagle,beagle_94.jpg,https://raw.githubusercontent.com/ml4py/dataset-iiit-pet/master/images/beagle_94.jpg,pretrain/val/beagle/beagle_94.jpg,500,334,98635,d7342547d3c5275a09b6b866abe385b1c155ee922e5ec2be531097cee23b8a46
pretrain,val,bengal,Bengal_11.jpg,https://raw.githubusercontent.com/ml4py/dataset-iiit-pet/master/images/Bengal_11.jpg,pretrain/val/bengal/Bengal_11.jpg,500,336,138342,8e5edbaa935de77a9651cf3a20b472b357830ef902ea7bb2e8e1a7eacdf5b2fe
pretrain,val,bengal,Bengal_126.jpg,https://raw.githubusercontent.com/ml4py/dataset-iiit-pet/master/images/Bengal_126.jpg,pretrain/val/bengal/Bengal_126.jpg,500,374,197523,5a2dfe0ffc7490f99483f0cff435de6cb55d400baa419fd2b34ff61b6c576d00
pretrain,val,bengal,Bengal_184.jpg,https://raw.githubusercontent.com/ml4py/dataset-iiit-pet/master/images/Bengal_184.jpg,pretrain/val/bengal/Bengal_184.jpg,398,306,39931,64b6ae81deb72f824a7df49a4b1b2e91295959938cebf05b28749c048ff8681c
pretrain,val,bengal,Bengal_189.jpg,https://raw.githubusercontent.com/ml4py/dataset-iiit-pet/master/images/Bengal_189.jpg,pretrain/val/bengal/Bengal_189.jpg,320,240,16842,a001f6c37b494e7f6aa99e51229cc0644ef866fe3f86087c3d2437affad70624
pretrain,val,bengal,Bengal_190.jpg,https://raw.githubusercontent.com/ml4py/dataset-iiit-pet/master/images/Bengal_190.jpg,pretrain/val/bengal/Bengal_190.jpg,668,500,59934,16d005accb843a17e0bc0756a7e6eadfc395df4d835ca7493b61a3ea84f99413
pretrain,val,bengal,Bengal_37.jpg,https://raw.githubusercontent.com/ml4py/dataset-iiit-pet/master/images/Bengal_37.jpg,pretrain/val/bengal/Bengal_37.jpg,500,375,184931,d0a28d57f3621276ede6910497e3c793d5fafae3b52827e1c266fcce9d003e8c
pretrain,val,bengal,Bengal_50.jpg,https://raw.githubusercontent.com/ml4py/dataset-iiit-pet/master/images/Bengal_50.jpg,pretrain/val/bengal/Bengal_50.jpg,375,500,95217,c563a5d43b9f5ce0050d1644734dd96f7a0b820221af2b464b0c20d3b09b789d
pretrain,val,bengal,Bengal_77.jpg,https://raw.githubusercontent.com/ml4py/dataset-iiit-pet/master/images/Bengal_77.jpg,pretrain/val/bengal/Bengal_77.jpg,500,375,154996,7bf570db1216906bc731f2a246bde7305662d7c2f4439676e0b2bcb542819888
pretrain,val,bengal,Bengal_79.jpg,https://raw.githubusercontent.com/ml4py/dataset-iiit-pet/master/images/Bengal_79.jpg,pretrain/val/bengal/Bengal_79.jpg,500,387,142663,8b1b136d984281ab7c7fde0549c2cf73baac513f19dbce2173d327fd23ffd7ff
pretrain,val,bengal,Bengal_91.jpg,https://raw.githubusercontent.com/ml4py/dataset-iiit-pet/master/images/Bengal_91.jpg,pretrain/val/bengal/Bengal_91.jpg,500,333,113146,745f1fb882305ffa2fea0c4fac5c87878ddba5d99a9934b3249d0494dcc8c2f4
pretrain,val,pug,pug_109.jpg,https://raw.githubusercontent.com/ml4py/dataset-iiit-pet/master/images/pug_109.jpg,pretrain/val/pug/pug_109.jpg,375,500,107422,82e854aff089d5a16271901fdf885abb322d1e93b7d658b61749ef65385cfdb4
pretrain,val,pug,pug_110.jpg,https://raw.githubusercontent.com/ml4py/dataset-iiit-pet/master/images/pug_110.jpg,pretrain/val/pug/pug_110.jpg,342,500,95432,c1838efbee72965a5923bce81d30ef26d4233edb48a84c8965ff36a07f1c3f3e
pretrain,val,pug,pug_111.jpg,https://raw.githubusercontent.com/ml4py/dataset-iiit-pet/master/images/pug_111.jpg,pretrain/val/pug/pug_111.jpg,445,500,110740,d117e9e474bd291e266a54949bfd897265c823529ce2609b0840368f81a3aac8
pretrain,val,pug,pug_117.jpg,https://raw.githubusercontent.com/ml4py/dataset-iiit-pet/master/images/pug_117.jpg,pretrain/val/pug/pug_117.jpg,500,333,187994,68d72e3bd1abd33502e253e562e946507a3bd756f94fc09984cf448a3c731e37
pretrain,val,pug,pug_140.jpg,https://raw.githubusercontent.com/ml4py/dataset-iiit-pet/master/images/pug_140.jpg,pretrain/val/pug/pug_140.jpg,300,225,9674,d4b8015e7584be2da02e1e0cccc75067524b847614a924b3b7f2c7a9a7718553
pretrain,val,pug,pug_161.jpg,https://raw.githubusercontent.com/ml4py/dataset-iiit-pet/master/images/pug_161.jpg,pretrain/val/pug/pug_161.jpg,300,281,12619,d294cef6aec3d5dc6f9791f5f64d8ccf7678ee0ee17e6972aad9dbb967ce3398
pretrain,val,pug,pug_35.jpg,https://raw.githubusercontent.com/ml4py/dataset-iiit-pet/master/images/pug_35.jpg,pretrain/val/pug/pug_35.jpg,500,343,205903,88985199aec8952b8b92a6bfe3a847ccd2b6fe200c61dcfe44d588281fd53604
pretrain,val,pug,pug_42.jpg,https://raw.githubusercontent.com/ml4py/dataset-iiit-pet/master/images/pug_42.jpg,pretrain/val/pug/pug_42.jpg,500,466,114532,f33a1d4a8c802193eac4d78ea3cc7bd2b79fcd8bf94aa172efccb04048a08489
pretrain,val,pug,pug_82.jpg,https://raw.githubusercontent.com/ml4py/dataset-iiit-pet/master/images/pug_82.jpg,pretrain/val/pug/pug_82.jpg,500,333,74525,c2c529309115a9ba018788fb7ba4bdd78f8da441d9ae63ab20073264f62028ed
pretrain,val,pug,pug_87.jpg,https://raw.githubusercontent.com/ml4py/dataset-iiit-pet/master/images/pug_87.jpg,pretrain/val/pug/pug_87.jpg,500,333,92442,583e245dcaaff1d1bd6572635fe755e49f63c58a5ec5929a81e15e1f09d66ccb
pretrain,val,samoyed,samoyed_122.jpg,https://raw.githubusercontent.com/ml4py/dataset-iiit-pet/master/images/samoyed_122.jpg,pretrain/val/samoyed/samoyed_122.jpg,500,375,231202,bb7a2514ab99d51369b4a02e7591cb641b3dc5a560a813db49095b5f41546c33
pretrain,val,samoyed,samoyed_131.jpg,https://raw.githubusercontent.com/ml4py/dataset-iiit-pet/master/images/samoyed_131.jpg,pretrain/val/samoyed/samoyed_131.jpg,500,375,135064,fd5d1e24fbe82fe926ef7e06114c8b966855a531358536730fafa49c6b950190
pretrain,val,samoyed,samoyed_136.jpg,https://raw.githubusercontent.com/ml4py/dataset-iiit-pet/master/images/samoyed_136.jpg,pretrain/val/samoyed/samoyed_136.jpg,500,375,185727,d50035059778cc58915199bfaa527e745a28ccae7a725ac0dee3a4307eba2241
pretrain,val,samoyed,samoyed_151.jpg,https://raw.githubusercontent.com/ml4py/dataset-iiit-pet/master/images/samoyed_151.jpg,pretrain/val/samoyed/samoyed_151.jpg,500,335,84072,c62bd23f53f279d50f2e8e23e96ca226308a83ec0b1d9796b51ae9306480a0c9
pretrain,val,samoyed,samoyed_162.jpg,https://raw.githubusercontent.com/ml4py/dataset-iiit-pet/master/images/samoyed_162.jpg,pretrain/val/samoyed/samoyed_162.jpg,500,333,48759,da651d495abef178f6738b7ebd39cf41f726d7bbfb26fa1c1e5a2bdf91bb46f6
pretrain,val,samoyed,samoyed_22.jpg,https://raw.githubusercontent.com/ml4py/dataset-iiit-pet/master/images/samoyed_22.jpg,pretrain/val/samoyed/samoyed_22.jpg,500,375,73487,2965dd945c89b2aea1b905e4f8154a36d205f207721fcb7ec3f31c5948f7720e
pretrain,val,samoyed,samoyed_33.jpg,https://raw.githubusercontent.com/ml4py/dataset-iiit-pet/master/images/samoyed_33.jpg,pretrain/val/samoyed/samoyed_33.jpg,500,375,111380,1538c988483549a1210eef9d9ab68b96e2cef38bbb3384354d9b9333b9caa54b
pretrain,val,samoyed,samoyed_56.jpg,https://raw.githubusercontent.com/ml4py/dataset-iiit-pet/master/images/samoyed_56.jpg,pretrain/val/samoyed/samoyed_56.jpg,333,500,84808,219d06857d55dfd5b0d691e885dbf140520df097fd04834d650b9255a31fa566
pretrain,val,samoyed,samoyed_75.jpg,https://raw.githubusercontent.com/ml4py/dataset-iiit-pet/master/images/samoyed_75.jpg,pretrain/val/samoyed/samoyed_75.jpg,333,500,79554,af4edfc068ad5ce6b06a0fbae2b8c7e41c3bfa7aa4d10c5ec7e6b5f8689be9c3
pretrain,val,samoyed,samoyed_86.jpg,https://raw.githubusercontent.com/ml4py/dataset-iiit-pet/master/images/samoyed_86.jpg,pretrain/val/samoyed/samoyed_86.jpg,500,335,80957,261b68b8a81b13a46ef35a6e390df640350fb1cb60398ac0d95b44393fb9af50
pretrain,val,siamese,Siamese_112.jpg,https://raw.githubusercontent.com/ml4py/dataset-iiit-pet/master/images/Siamese_112.jpg,pretrain/val/siamese/Siamese_112.jpg,500,375,146502,f1e257d2c5510d4f8790687eaafef79682144b32d5675120345cea81d87990e0
pretrain,val,siamese,Siamese_119.jpg,https://raw.githubusercontent.com/ml4py/dataset-iiit-pet/master/images/Siamese_119.jpg,pretrain/val/siamese/Siamese_119.jpg,500,335,116768,6caeec1a5c573d115aaf5c41c7b30d6820a0ff8435711154f8fb99c455644cc3
pretrain,val,siamese,Siamese_139.jpg,https://raw.githubusercontent.com/ml4py/dataset-iiit-pet/master/images/Siamese_139.jpg,pretrain/val/siamese/Siamese_139.jpg,333,500,70136,079082f2476722bd53452cc70a20a2358964a5a698a8bb795602b185ac28b60b
pretrain,val,siamese,Siamese_155.jpg,https://raw.githubusercontent.com/ml4py/dataset-iiit-pet/master/images/Siamese_155.jpg,pretrain/val/siamese/Siamese_155.jpg,500,333,78500,714cbda1d04008a5bd40f5b2ff162caad9f649fcb93ac459ef8615d5371b0217
pretrain,val,siamese,Siamese_164.jpg,https://raw.githubusercontent.com/ml4py/dataset-iiit-pet/master/images/Siamese_164.jpg,pretrain/val/siamese/Siamese_164.jpg,500,375,142832,19170abb6f3eeb0bf771bd63af6a8d6a61f1faaad3b67717ff3215f5cab55d81
pretrain,val,siamese,Siamese_179.jpg,https://raw.githubusercontent.com/ml4py/dataset-iiit-pet/master/images/Siamese_179.jpg,pretrain/val/siamese/Siamese_179.jpg,500,439,159526,41ad51d759900479a1f70aabaa96773bfb04755d3f35e8221a1ac9f41ac528ac
pretrain,val,siamese,Siamese_198.jpg,https://raw.githubusercontent.com/ml4py/dataset-iiit-pet/master/images/Siamese_198.jpg,pretrain/val/siamese/Siamese_198.jpg,500,333,117024,b0528b43812777a7ef5b5df4551c1cbf8493ad91278506bda585b8ca53495f55
pretrain,val,siamese,Siamese_205.jpg,https://raw.githubusercontent.com/ml4py/dataset-iiit-pet/master/images/Siamese_205.jpg,pretrain/val/siamese/Siamese_205.jpg,500,333,77177,228cbfd3367739565a8f83c86c5d369ce02de6c194fd7885f23909dfd83275bc
pretrain,val,siamese,Siamese_48.jpg,https://raw.githubusercontent.com/ml4py/dataset-iiit-pet/master/images/Siamese_48.jpg,pretrain/val/siamese/Siamese_48.jpg,500,333,120325,b16bda4a4bcd5d87b87a6767e073dc0f876b6856b5f159ae14c3ef5e995b75bc
pretrain,val,siamese,Siamese_58.jpg,https://raw.githubusercontent.com/ml4py/dataset-iiit-pet/master/images/Siamese_58.jpg,pretrain/val/siamese/Siamese_58.jpg,500,309,76242,e530da8c19080f9d09916548ad18aa89c6d21d37bcbcfcbe132d0c3da496725c
victim,new_holdout,beagle,beagle_102.jpg,https://raw.githubusercontent.com/ml4py/dataset-iiit-pet/master/images/beagle_102.jpg,victim/new_holdout/beagle/beagle_102.jpg,333,500,98317,0bfdb1b63f00e1440f2b664e7edc16ea7a8cb20a99f952ac1c815863d4e0d9dd
victim,new_holdout,beagle,beagle_104.jpg,https://raw.githubusercontent.com/ml4py/dataset-iiit-pet/master/images/beagle_104.jpg,victim/new_holdout/beagle/beagle_104.jpg,500,333,116523,7db5c72e707a4f16f0d4f273b3c719d662269aa39873345e9d9897738eca7151
victim,new_holdout,beagle,beagle_110.jpg,https://raw.githubusercontent.com/ml4py/dataset-iiit-pet/master/images/beagle_110.jpg,victim/new_holdout/beagle/beagle_110.jpg,437,500,190030,36de49d24f6540da9fd304a3dca5634d880fdeca1c4fedc53acf6cae8b3027fc
victim,new_holdout,beagle,beagle_12.jpg,https://raw.githubusercontent.com/ml4py/dataset-iiit-pet/master/images/beagle_12.jpg,victim/new_holdout/beagle/beagle_12.jpg,500,333,63170,d0b0cb584d71adad77d6cbee32dbb8d343dbc934aef7c98f763a23ad54dcf089
victim,new_holdout,beagle,beagle_130.jpg,https://raw.githubusercontent.com/ml4py/dataset-iiit-pet/master/images/beagle_130.jpg,victim/new_holdout/beagle/beagle_130.jpg,500,375,175973,7130c82a0a5d1d55a64e2fc069b00eaabc792fdc42ed74b884914911ef34db67
victim,new_holdout,beagle,beagle_134.jpg,https://raw.githubusercontent.com/ml4py/dataset-iiit-pet/master/images/beagle_134.jpg,victim/new_holdout/beagle/beagle_134.jpg,500,334,102672,1122f4f488b460284e9c3b9871a2d8a9a5c9306f3ee7067ac418ff04e7d9f7e5
victim,new_holdout,beagle,beagle_138.jpg,https://raw.githubusercontent.com/ml4py/dataset-iiit-pet/master/images/beagle_138.jpg,victim/new_holdout/beagle/beagle_138.jpg,500,375,94911,8242c7ebb7156af07cf20d35d02805594a3370cd1bd364c3baaa4fa8384a4429
victim,new_holdout,beagle,beagle_141.jpg,https://raw.githubusercontent.com/ml4py/dataset-iiit-pet/master/images/beagle_141.jpg,victim/new_holdout/beagle/beagle_141.jpg,334,500,148964,e9619ee40827f86f1e94a93f4c811d331af8a766ed6ffb5017ad7d6c1efd1c1a
victim,new_holdout,beagle,beagle_15.jpg,https://raw.githubusercontent.com/ml4py/dataset-iiit-pet/master/images/beagle_15.jpg,victim/new_holdout/beagle/beagle_15.jpg,500,334,203411,7db43ab01c086ea91654489d390b1350eef9d591b2920cf2237edf0759169572
victim,new_holdout,beagle,beagle_151.jpg,https://raw.githubusercontent.com/ml4py/dataset-iiit-pet/master/images/beagle_151.jpg,victim/new_holdout/beagle/beagle_151.jpg,500,374,168297,ba5ee8e5bf72e7153d67a8e46a2e9608f6d0a29c8fa77c5dcbb446b8e23c32a2
victim,new_holdout,beagle,beagle_165.jpg,https://raw.githubusercontent.com/ml4py/dataset-iiit-pet/master/images/beagle_165.jpg,victim/new_holdout/beagle/beagle_165.jpg,500,375,129530,c2420e8dab664a3edf07daeb490e96959dc989315545db010e7872624feb12ba
victim,new_holdout,beagle,beagle_182.jpg,https://raw.githubusercontent.com/ml4py/dataset-iiit-pet/master/images/beagle_182.jpg,victim/new_holdout/beagle/beagle_182.jpg,500,333,96586,e264c193193636ce181c41ba8ff7477735e791c91beea9892ad249fdb37659fe
victim,new_holdout,beagle,beagle_196.jpg,https://raw.githubusercontent.com/ml4py/dataset-iiit-pet/master/images/beagle_196.jpg,victim/new_holdout/beagle/beagle_196.jpg,375,500,94323,c1a1f0b0bab117de03394eabf94b733eea0b77ea950cc42b577af088a6ca2f60
victim,new_holdout,beagle,beagle_36.jpg,https://raw.githubusercontent.com/ml4py/dataset-iiit-pet/master/images/beagle_36.jpg,victim/new_holdout/beagle/beagle_36.jpg,333,500,112204,1a0d7ecc6ad24395924f07134d3af4e607380368c2b076471266b8802fb19e63
victim,new_holdout,beagle,beagle_44.jpg,https://raw.githubusercontent.com/ml4py/dataset-iiit-pet/master/images/beagle_44.jpg,victim/new_holdout/beagle/beagle_44.jpg,500,333,95449,4009359cfccfc30463d65269a6cb03cbd3de336c08ce62fcb1d44a0515ff7024
victim,new_holdout,beagle,beagle_51.jpg,https://raw.githubusercontent.com/ml4py/dataset-iiit-pet/master/images/beagle_51.jpg,victim/new_holdout/beagle/beagle_51.jpg,500,333,119774,1d417f8a1c358c5e462df1ae5af0341adf8bc73c5974db675508ba42cb30ec0d
victim,new_holdout,beagle,beagle_52.jpg,https://raw.githubusercontent.com/ml4py/dataset-iiit-pet/master/images/beagle_52.jpg,victim/new_holdout/beagle/beagle_52.jpg,500,280,207292,808e50c2066a86e8b8ec3f1a64fc292bb3dd5981b4176a84406542dc98caf6e9
victim,new_holdout,beagle,beagle_59.jpg,https://raw.githubusercontent.com/ml4py/dataset-iiit-pet/master/images/beagle_59.jpg,victim/new_holdout/beagle/beagle_59.jpg,334,500,147317,482cd64424ab8e5d90994aa04237823426849f0a3747092082a1fb9d17bfa53d
victim,new_holdout,beagle,beagle_81.jpg,https://raw.githubusercontent.com/ml4py/dataset-iiit-pet/master/images/beagle_81.jpg,victim/new_holdout/beagle/beagle_81.jpg,375,500,94403,d14f093449c37a79c3b22e4a7d2132fb5930d3c6ff308c8ca3a1df4a83422105
victim,new_holdout,beagle,beagle_88.jpg,https://raw.githubusercontent.com/ml4py/dataset-iiit-pet/master/images/beagle_88.jpg,victim/new_holdout/beagle/beagle_88.jpg,500,334,74197,9995ad433b013787a4037e59b29e2162f41e39109f03e3dd0237e0b78b46480a
victim,new_holdout,bengal,Bengal_101.jpg,https://raw.githubusercontent.com/ml4py/dataset-iiit-pet/master/images/Bengal_101.jpg,victim/new_holdout/bengal/Bengal_101.jpg,500,455,157868,a45beacc9252f1061ba909174f8019e932008c7befd9a68546d05dfab45f428f
victim,new_holdout,bengal,Bengal_109.jpg,https://raw.githubusercontent.com/ml4py/dataset-iiit-pet/master/images/Bengal_109.jpg,victim/new_holdout/bengal/Bengal_109.jpg,500,334,85316,7dc7891d8c3cdfac18f7aecdbd0c266e1ef42f642f6b48e9700e4deba348305c
victim,new_holdout,bengal,Bengal_123.jpg,https://raw.githubusercontent.com/ml4py/dataset-iiit-pet/master/images/Bengal_123.jpg,victim/new_holdout/bengal/Bengal_123.jpg,500,335,68933,8c454b9f8a1ceeb2f3a4e91b818e70b4e498912bf28372f09f5e41e467908159
victim,new_holdout,bengal,Bengal_127.jpg,https://raw.githubusercontent.com/ml4py/dataset-iiit-pet/master/images/Bengal_127.jpg,victim/new_holdout/bengal/Bengal_127.jpg,500,372,108633,50664e80f64d2061d48a1cf6ccf0d499c3e30b1d328ae2b4d3dd2ac78759d9d9
victim,new_holdout,bengal,Bengal_130.jpg,https://raw.githubusercontent.com/ml4py/dataset-iiit-pet/master/images/Bengal_130.jpg,victim/new_holdout/bengal/Bengal_130.jpg,500,375,134454,9dbac8a34e7ec0f8dbca71b76d30ad73965fa369f71dc05ae21c3987e56b4c9f
victim,new_holdout,bengal,Bengal_131.jpg,https://raw.githubusercontent.com/ml4py/dataset-iiit-pet/master/images/Bengal_131.jpg,victim/new_holdout/bengal/Bengal_131.jpg,300,202,10348,5005ae91d4fc2c6d8c5c7c5bfdff5a7b86d993761e7a66197884017690263112
victim,new_holdout,bengal,Bengal_144.jpg,https://raw.githubusercontent.com/ml4py/dataset-iiit-pet/master/images/Bengal_144.jpg,victim/new_holdout/bengal/Bengal_144.jpg,300,225,9733,334e621a4cfc92566755767264697ced99dcd9acb1e881835f447a333620dfba
victim,new_holdout,bengal,Bengal_152.jpg,https://raw.githubusercontent.com/ml4py/dataset-iiit-pet/master/images/Bengal_152.jpg,victim/new_holdout/bengal/Bengal_152.jpg,300,225,25974,295a8c2bd0c54ea0a1b10fe6958a76d0b27b88d8edff70a091c269a14e7d70e4
victim,new_holdout,bengal,Bengal_154.jpg,https://raw.githubusercontent.com/ml4py/dataset-iiit-pet/master/images/Bengal_154.jpg,victim/new_holdout/bengal/Bengal_154.jpg,200,300,10094,2e061df10df4f84a045db23bca5ffae85ae2357257dabc3e3a67b2154cfa9984
victim,new_holdout,bengal,Bengal_161.jpg,https://raw.githubusercontent.com/ml4py/dataset-iiit-pet/master/images/Bengal_161.jpg,victim/new_holdout/bengal/Bengal_161.jpg,300,225,10947,e26de1d7c7a0f5a6dc10c95081e40686cd0e4f00b3653e75a95c4e5c0d92a758
victim,new_holdout,bengal,Bengal_185.jpg,https://raw.githubusercontent.com/ml4py/dataset-iiit-pet/master/images/Bengal_185.jpg,victim/new_holdout/bengal/Bengal_185.jpg,700,475,62029,82693681ab7dc89a9e74f4302cc4583d8b3dd83b493fcfe23066ec950065d99e
victim,new_holdout,bengal,Bengal_191.jpg,https://raw.githubusercontent.com/ml4py/dataset-iiit-pet/master/images/Bengal_191.jpg,victim/new_holdout/bengal/Bengal_191.jpg,500,375,160767,79c62bebba5cfc8ed3a3f2e847929a653edf426037d9e977cef29e12d8fd18c3
victim,new_holdout,bengal,Bengal_199.jpg,https://raw.githubusercontent.com/ml4py/dataset-iiit-pet/master/images/Bengal_199.jpg,victim/new_holdout/bengal/Bengal_199.jpg,247,204,8589,4f03d3a8493e034fe253bb659cf4ddce9993db93cec648992edbc0d80b278f23
victim,new_holdout,bengal,Bengal_200.jpg,https://raw.githubusercontent.com/ml4py/dataset-iiit-pet/master/images/Bengal_200.jpg,victim/new_holdout/bengal/Bengal_200.jpg,640,616,44369,4fad08629ce2d598dd078816f3cb1eb4c601c7d813156c9333c503b321c2c956
victim,new_holdout,bengal,Bengal_201.jpg,https://raw.githubusercontent.com/ml4py/dataset-iiit-pet/master/images/Bengal_201.jpg,victim/new_holdout/bengal/Bengal_201.jpg,250,166,53702,f9f76478147710bb7322201d51d330d2fb05cd301a82bd8928d7fcecc12d36de
victim,new_holdout,bengal,Bengal_33.jpg,https://raw.githubusercontent.com/ml4py/dataset-iiit-pet/master/images/Bengal_33.jpg,victim/new_holdout/bengal/Bengal_33.jpg,500,400,244825,e325022b409486df6a799ed71e23d5e16951fa35c304d04ae986439ae7d69feb
victim,new_holdout,bengal,Bengal_42.jpg,https://raw.githubusercontent.com/ml4py/dataset-iiit-pet/master/images/Bengal_42.jpg,victim/new_holdout/bengal/Bengal_42.jpg,500,359,153378,fbc46f7bf23015b844bed6ef1923ca40bb4613b505af1d052c6262ca5032f73a
victim,new_holdout,bengal,Bengal_53.jpg,https://raw.githubusercontent.com/ml4py/dataset-iiit-pet/master/images/Bengal_53.jpg,victim/new_holdout/bengal/Bengal_53.jpg,500,333,138646,22ff82c21cc79f48100c6d384fb2316f29d158fc05c787ec31a0c4b1a7c6ab5f
victim,new_holdout,bengal,Bengal_9.jpg,https://raw.githubusercontent.com/ml4py/dataset-iiit-pet/master/images/Bengal_9.jpg,victim/new_holdout/bengal/Bengal_9.jpg,500,333,118647,a7ef4b7f574327680e2214a10538e55ca98eaf1c5e5cba18adccda8e247c7630
victim,new_holdout,bengal,Bengal_95.jpg,https://raw.githubusercontent.com/ml4py/dataset-iiit-pet/master/images/Bengal_95.jpg,victim/new_holdout/bengal/Bengal_95.jpg,500,375,85219,9657032bc13e00de740e9c97815f410f7a4da0fd82e14675b49b663a971e8a93
victim,new_holdout,pug,pug_1.jpg,https://raw.githubusercontent.com/ml4py/dataset-iiit-pet/master/images/pug_1.jpg,victim/new_holdout/pug/pug_1.jpg,500,374,104156,0a959b4173f5075a7dcd46e4c1c1a75cf45a39759c3b59cde0701d8009106d0c
victim,new_holdout,pug,pug_103.jpg,https://raw.githubusercontent.com/ml4py/dataset-iiit-pet/master/images/pug_103.jpg,victim/new_holdout/pug/pug_103.jpg,500,375,103492,77ddbccce35d5d5c200d9c81d9890bb90972222c2e58526218bd2625fe4b3fc8
victim,new_holdout,pug,pug_107.jpg,https://raw.githubusercontent.com/ml4py/dataset-iiit-pet/master/images/pug_107.jpg,victim/new_holdout/pug/pug_107.jpg,375,500,117119,c1391cb9c11ab1faf74e53f690cdfd34c04139968956b0c3160e022021927502
victim,new_holdout,pug,pug_116.jpg,https://raw.githubusercontent.com/ml4py/dataset-iiit-pet/master/images/pug_116.jpg,victim/new_holdout/pug/pug_116.jpg,500,333,95053,7ad82e186d704fc5bb65ca8bf88a07e5c83bd19781405626609fca4d506dcd29
victim,new_holdout,pug,pug_142.jpg,https://raw.githubusercontent.com/ml4py/dataset-iiit-pet/master/images/pug_142.jpg,victim/new_holdout/pug/pug_142.jpg,300,225,9362,841c14394b12d6459ba72ed545b4c878a818ab6de2d96e84f2b8bad870c1e67b
victim,new_holdout,pug,pug_168.jpg,https://raw.githubusercontent.com/ml4py/dataset-iiit-pet/master/images/pug_168.jpg,victim/new_holdout/pug/pug_168.jpg,225,300,14379,67f3bb004c9aaa8709e3fefbc857c789960d93da87ac1b1b56267983c52834ff
victim,new_holdout,pug,pug_17.jpg,https://raw.githubusercontent.com/ml4py/dataset-iiit-pet/master/images/pug_17.jpg,victim/new_holdout/pug/pug_17.jpg,500,375,137864,4f316265f83d76b3b8af2e0e1c76080b81f21312efa1759520a4f0d6b059bed1
victim,new_holdout,pug,pug_18.jpg,https://raw.githubusercontent.com/ml4py/dataset-iiit-pet/master/images/pug_18.jpg,victim/new_holdout/pug/pug_18.jpg,500,375,153504,86fb8ba1b6e6104b2d1d432dcb2d150836d6cc3c6acd08b6ddf4d673093dcd3a
victim,new_holdout,pug,pug_194.jpg,https://raw.githubusercontent.com/ml4py/dataset-iiit-pet/master/images/pug_194.jpg,victim/new_holdout/pug/pug_194.jpg,300,226,10393,024064c424b8f47a8f8e52e1d7878b616725b6f768012dfa1584b20c10bf30e6
victim,new_holdout,pug,pug_201.jpg,https://raw.githubusercontent.com/ml4py/dataset-iiit-pet/master/images/pug_201.jpg,victim/new_holdout/pug/pug_201.jpg,300,225,7893,8800004df010069885cb657a5952b98a46787bdf1683f9161afbc8e35d512c71
victim,new_holdout,pug,pug_3.jpg,https://raw.githubusercontent.com/ml4py/dataset-iiit-pet/master/images/pug_3.jpg,victim/new_holdout/pug/pug_3.jpg,332,500,88274,636940e5588375d2a462aa75fe24cacf6aedd0eaee2e2ee741734ff1a2940da2
victim,new_holdout,pug,pug_36.jpg,https://raw.githubusercontent.com/ml4py/dataset-iiit-pet/master/images/pug_36.jpg,victim/new_holdout/pug/pug_36.jpg,500,333,199260,92448aff3f47f8caf3e17bdcf7914db5d4bce1eb353f7a5c84900703617eea95
victim,new_holdout,pug,pug_44.jpg,https://raw.githubusercontent.com/ml4py/dataset-iiit-pet/master/images/pug_44.jpg,victim/new_holdout/pug/pug_44.jpg,333,500,110938,6a12899f8925ccfdc3b817898024d065cb38d50e5f587845deab8beeb667fd22
victim,new_holdout,pug,pug_49.jpg,https://raw.githubusercontent.com/ml4py/dataset-iiit-pet/master/images/pug_49.jpg,victim/new_holdout/pug/pug_49.jpg,331,500,79992,84d523fab10309753d1a898c41986129baf9a27c54929a12f52407b85bddf1a2
victim,new_holdout,pug,pug_51.jpg,https://raw.githubusercontent.com/ml4py/dataset-iiit-pet/master/images/pug_51.jpg,victim/new_holdout/pug/pug_51.jpg,333,500,88753,c18e1c8a3400f090dd7c272927442a48008e1c7b812eee69aef70bcb9f5ba9af
victim,new_holdout,pug,pug_62.jpg,https://raw.githubusercontent.com/ml4py/dataset-iiit-pet/master/images/pug_62.jpg,victim/new_holdout/pug/pug_62.jpg,500,375,110958,4e5e20ce973ceb5547b8bc181898168e1e76e3a5765ae3271f130307de26f91d
victim,new_holdout,pug,pug_7.jpg,https://raw.githubusercontent.com/ml4py/dataset-iiit-pet/master/images/pug_7.jpg,victim/new_holdout/pug/pug_7.jpg,333,500,94345,bce5154ba6489a9b0fa4a5f18989b2388faab9039c6bcfdae6535bd60a2b4240
victim,new_holdout,pug,pug_76.jpg,https://raw.githubusercontent.com/ml4py/dataset-iiit-pet/master/images/pug_76.jpg,victim/new_holdout/pug/pug_76.jpg,500,332,91051,23dbd60ab4d63f16e0ac95ac1cdb6d074684df2ebc91554af504f68234526bc8
victim,new_holdout,pug,pug_86.jpg,https://raw.githubusercontent.com/ml4py/dataset-iiit-pet/master/images/pug_86.jpg,victim/new_holdout/pug/pug_86.jpg,333,500,94496,363a5e30efa111c62a32d28a10808bf42a64e751089d57063211b02776984cf3
victim,new_holdout,pug,pug_97.jpg,https://raw.githubusercontent.com/ml4py/dataset-iiit-pet/master/images/pug_97.jpg,victim/new_holdout/pug/pug_97.jpg,500,333,68338,3982ed22743e896e8f9330b2d09252060a4f818d9547ff62629d4b8708e3c3ef
victim,new_holdout,samoyed,samoyed_120.jpg,https://raw.githubusercontent.com/ml4py/dataset-iiit-pet/master/images/samoyed_120.jpg,victim/new_holdout/samoyed/samoyed_120.jpg,375,500,110323,b51e3756975cede25ad2bb1979571d5760f95414015ef2c941773547fa585c6d
victim,new_holdout,samoyed,samoyed_132.jpg,https://raw.githubusercontent.com/ml4py/dataset-iiit-pet/master/images/samoyed_132.jpg,victim/new_holdout/samoyed/samoyed_132.jpg,333,500,93857,1b218e4ed54dfb1984b0ba8d6cc03bda1e93a918e14df672fb7e5e5dc09aec53
victim,new_holdout,samoyed,samoyed_143.jpg,https://raw.githubusercontent.com/ml4py/dataset-iiit-pet/master/images/samoyed_143.jpg,victim/new_holdout/samoyed/samoyed_143.jpg,500,333,147013,eddb6062f27bbdf4897950bae5881854c9060b1e08e9e4aaa3fa10859c1f8460
victim,new_holdout,samoyed,samoyed_144.jpg,https://raw.githubusercontent.com/ml4py/dataset-iiit-pet/master/images/samoyed_144.jpg,victim/new_holdout/samoyed/samoyed_144.jpg,500,375,190724,61c95e126d35754f0b01025cfe2a874486e0e3845fde296f2ed8383a686b1948
victim,new_holdout,samoyed,samoyed_154.jpg,https://raw.githubusercontent.com/ml4py/dataset-iiit-pet/master/images/samoyed_154.jpg,victim/new_holdout/samoyed/samoyed_154.jpg,500,333,90553,5fcc350b0370b41757d9e81cc3ab7f95ec6356a32dbee5aae86b7a7d3c393aa5
victim,new_holdout,samoyed,samoyed_157.jpg,https://raw.githubusercontent.com/ml4py/dataset-iiit-pet/master/images/samoyed_157.jpg,victim/new_holdout/samoyed/samoyed_157.jpg,500,333,130967,081a2ca9da191b957772bd6f0ddbb260b9fff136de9ce98535b9822b5bee6f7f
victim,new_holdout,samoyed,samoyed_169.jpg,https://raw.githubusercontent.com/ml4py/dataset-iiit-pet/master/images/samoyed_169.jpg,victim/new_holdout/samoyed/samoyed_169.jpg,500,333,71736,d11e2912991667aeb33cf84d3300134be47e2afb4a5799f7669f364950cda66b
victim,new_holdout,samoyed,samoyed_171.jpg,https://raw.githubusercontent.com/ml4py/dataset-iiit-pet/master/images/samoyed_171.jpg,victim/new_holdout/samoyed/samoyed_171.jpg,500,333,66363,3aa49ac39f8ceac18917260952c8c88ea48d7f519f06c712e24f8dedc86730e7
victim,new_holdout,samoyed,samoyed_18.jpg,https://raw.githubusercontent.com/ml4py/dataset-iiit-pet/master/images/samoyed_18.jpg,victim/new_holdout/samoyed/samoyed_18.jpg,500,333,78181,4b7849c7b5a064123a1abf65e43d6a26b36ae0d72edfc1a28968a3df3f122aa2
victim,new_holdout,samoyed,samoyed_187.jpg,https://raw.githubusercontent.com/ml4py/dataset-iiit-pet/master/images/samoyed_187.jpg,victim/new_holdout/samoyed/samoyed_187.jpg,334,500,68872,0b0305579562a093e2f6193fa47ad46b32e2ae7606d29b825bb05c83e09ba98e
victim,new_holdout,samoyed,samoyed_3.jpg,https://raw.githubusercontent.com/ml4py/dataset-iiit-pet/master/images/samoyed_3.jpg,victim/new_holdout/samoyed/samoyed_3.jpg,333,500,94301,f701e3586125cfdc912d475b31f09e7b9ac83e62a123f72dc42cc95edeab29e5
victim,new_holdout,samoyed,samoyed_39.jpg,https://raw.githubusercontent.com/ml4py/dataset-iiit-pet/master/images/samoyed_39.jpg,victim/new_holdout/samoyed/samoyed_39.jpg,443,500,128745,9ea0a3a9a6c6a67d051b463f7f219209dd733d8c4539f2310a958481abe0c045
victim,new_holdout,samoyed,samoyed_46.jpg,https://raw.githubusercontent.com/ml4py/dataset-iiit-pet/master/images/samoyed_46.jpg,victim/new_holdout/samoyed/samoyed_46.jpg,333,500,102775,37f7b470d063cfae11b036d90c2154d1411f43f5d9c7d7171e32f11fcf486026
victim,new_holdout,samoyed,samoyed_49.jpg,https://raw.githubusercontent.com/ml4py/dataset-iiit-pet/master/images/samoyed_49.jpg,victim/new_holdout/samoyed/samoyed_49.jpg,500,333,93196,667f98ff9210f97e3f5fc292b4a3d19c128fc98cb24d31f63c608ff7880607a2
victim,new_holdout,samoyed,samoyed_50.jpg,https://raw.githubusercontent.com/ml4py/dataset-iiit-pet/master/images/samoyed_50.jpg,victim/new_holdout/samoyed/samoyed_50.jpg,500,375,147639,80be46674fd0fbd4e0d757098eb291e78d7a0d21e76cbdb287d7d968a10d9862
victim,new_holdout,samoyed,samoyed_62.jpg,https://raw.githubusercontent.com/ml4py/dataset-iiit-pet/master/images/samoyed_62.jpg,victim/new_holdout/samoyed/samoyed_62.jpg,500,375,158732,f5f768dcd0e1205e7b7a2c1348c582548f1464b3069f08d057d8897d74fb9750
victim,new_holdout,samoyed,samoyed_68.jpg,https://raw.githubusercontent.com/ml4py/dataset-iiit-pet/master/images/samoyed_68.jpg,victim/new_holdout/samoyed/samoyed_68.jpg,333,500,70503,6717174fcc0950a25018e3741a8035ae9751056f460096eb757045f51abcb444
victim,new_holdout,samoyed,samoyed_88.jpg,https://raw.githubusercontent.com/ml4py/dataset-iiit-pet/master/images/samoyed_88.jpg,victim/new_holdout/samoyed/samoyed_88.jpg,500,340,148537,f5306fcd81d9d42326d83535839b379b776b70bf8f808618326e594b2a3301e0
victim,new_holdout,samoyed,samoyed_98.jpg,https://raw.githubusercontent.com/ml4py/dataset-iiit-pet/master/images/samoyed_98.jpg,victim/new_holdout/samoyed/samoyed_98.jpg,333,500,175286,69e597534f923dc29edd92073a9f208e5c000cd04254ef26caf7837cd1478bb2
victim,new_holdout,samoyed,samoyed_99.jpg,https://raw.githubusercontent.com/ml4py/dataset-iiit-pet/master/images/samoyed_99.jpg,victim/new_holdout/samoyed/samoyed_99.jpg,500,375,93545,b2b7655820a6ee349d435a1277a4e17844aa76870ecbf780f3847dc34917bd1c
victim,new_holdout,siamese,Siamese_104.jpg,https://raw.githubusercontent.com/ml4py/dataset-iiit-pet/master/images/Siamese_104.jpg,victim/new_holdout/siamese/Siamese_104.jpg,500,393,158484,1dd1a651194e35ab3e4f90042cdf6970cb1d4484b7bc5cf874103d0e5832fd57
victim,new_holdout,siamese,Siamese_109.jpg,https://raw.githubusercontent.com/ml4py/dataset-iiit-pet/master/images/Siamese_109.jpg,victim/new_holdout/siamese/Siamese_109.jpg,500,399,114035,6ee5777a75d573bc0f9dab0e345708a9e582549de429ec73ba5f6e3730e74df6
victim,new_holdout,siamese,Siamese_125.jpg,https://raw.githubusercontent.com/ml4py/dataset-iiit-pet/master/images/Siamese_125.jpg,victim/new_holdout/siamese/Siamese_125.jpg,500,334,82657,f20caa04a1dae415d518a624e24b8d782a946180100854306d4d8735a28e39b2
victim,new_holdout,siamese,Siamese_128.jpg,https://raw.githubusercontent.com/ml4py/dataset-iiit-pet/master/images/Siamese_128.jpg,victim/new_holdout/siamese/Siamese_128.jpg,500,444,114335,6b8bc55e91781b0863829997ce94753f6a0d3292d5aaeeba4c4f48712b792554
victim,new_holdout,siamese,Siamese_133.jpg,https://raw.githubusercontent.com/ml4py/dataset-iiit-pet/master/images/Siamese_133.jpg,victim/new_holdout/siamese/Siamese_133.jpg,334,500,108024,f0ac29d792620849416c30b0d337dbf0edf0cd95b0290d0846d171c580c6a2e6
victim,new_holdout,siamese,Siamese_136.jpg,https://raw.githubusercontent.com/ml4py/dataset-iiit-pet/master/images/Siamese_136.jpg,victim/new_holdout/siamese/Siamese_136.jpg,500,354,83169,196f2db86eac1305efbc6e3c788bc1047e2c61642c0d3ae83d4f410d4d0e5da1
victim,new_holdout,siamese,Siamese_156.jpg,https://raw.githubusercontent.com/ml4py/dataset-iiit-pet/master/images/Siamese_156.jpg,victim/new_holdout/siamese/Siamese_156.jpg,500,334,97580,b38e32607f191b80bc2342eec38cd8c79e6dae425ca5cb945d6f59f7a26da9ee
victim,new_holdout,siamese,Siamese_167.jpg,https://raw.githubusercontent.com/ml4py/dataset-iiit-pet/master/images/Siamese_167.jpg,victim/new_holdout/siamese/Siamese_167.jpg,500,375,125004,f42cef36417e4965b87d41a58aa432fcd88947eaa595fbcaa3e861a2c1d9a347
victim,new_holdout,siamese,Siamese_168.jpg,https://raw.githubusercontent.com/ml4py/dataset-iiit-pet/master/images/Siamese_168.jpg,victim/new_holdout/siamese/Siamese_168.jpg,500,375,119642,c9b2d214eea9f4fc1abe7abd6d1bada08a90c310216bc0001bbaa760716e27ab
victim,new_holdout,siamese,Siamese_181.jpg,https://raw.githubusercontent.com/ml4py/dataset-iiit-pet/master/images/Siamese_181.jpg,victim/new_holdout/siamese/Siamese_181.jpg,500,375,107079,cddb49b123eb9cf71b03a6d62d5dbd6a91a1b51dadb0eb2e59974a9b3b5176fa
victim,new_holdout,siamese,Siamese_19.jpg,https://raw.githubusercontent.com/ml4py/dataset-iiit-pet/master/images/Siamese_19.jpg,victim/new_holdout/siamese/Siamese_19.jpg,432,324,49081,c51db32fb234dc732afb90097453acee36eadba09b9aac2db8bcb57854951b7d
victim,new_holdout,siamese,Siamese_209.jpg,https://raw.githubusercontent.com/ml4py/dataset-iiit-pet/master/images/Siamese_209.jpg,victim/new_holdout/siamese/Siamese_209.jpg,500,334,121108,2969aeb9f171a02cb207c29d4e453f0719418bfde638063ef9d40ff9019a2768
victim,new_holdout,siamese,Siamese_249.jpg,https://raw.githubusercontent.com/ml4py/dataset-iiit-pet/master/images/Siamese_249.jpg,victim/new_holdout/siamese/Siamese_249.jpg,300,262,8201,6cbe7b25dbd567b3f08ccf4288c30393d543acccf82cdc9929a6329233425cb3
victim,new_holdout,siamese,Siamese_33.jpg,https://raw.githubusercontent.com/ml4py/dataset-iiit-pet/master/images/Siamese_33.jpg,victim/new_holdout/siamese/Siamese_33.jpg,375,500,139178,1dbf3970cc8e98e6e1f8cf336f2c1687cef583c43048060f09ac09b59a4b3aaa
victim,new_holdout,siamese,Siamese_35.jpg,https://raw.githubusercontent.com/ml4py/dataset-iiit-pet/master/images/Siamese_35.jpg,victim/new_holdout/siamese/Siamese_35.jpg,335,500,77543,8ecd32703bc4895fefdb9ceb901b17042e3cea0a14ec833270cd3bc0692ff9df
victim,new_holdout,siamese,Siamese_39.jpg,https://raw.githubusercontent.com/ml4py/dataset-iiit-pet/master/images/Siamese_39.jpg,victim/new_holdout/siamese/Siamese_39.jpg,500,333,117047,bfcb761a0279df5fee5e337ec9ee5041a2c33e1d50b5dde23cdfff6794a9610d
victim,new_holdout,siamese,Siamese_53.jpg,https://raw.githubusercontent.com/ml4py/dataset-iiit-pet/master/images/Siamese_53.jpg,victim/new_holdout/siamese/Siamese_53.jpg,500,332,127863,50557804550f3e9e64538a07fed260e9d6a5e43d28e6881bef32269ed2684a8b
victim,new_holdout,siamese,Siamese_65.jpg,https://raw.githubusercontent.com/ml4py/dataset-iiit-pet/master/images/Siamese_65.jpg,victim/new_holdout/siamese/Siamese_65.jpg,334,500,84822,2a7659a202aa3cebbad7b20ec74e9c7d1a3bb5fbfb58ff89812940c829603d64
victim,new_holdout,siamese,Siamese_75.jpg,https://raw.githubusercontent.com/ml4py/dataset-iiit-pet/master/images/Siamese_75.jpg,victim/new_holdout/siamese/Siamese_75.jpg,359,500,109330,a8062292e6d599086097c1feffdddb9004700c87429845644137d82a1ec13550
victim,new_holdout,siamese,Siamese_90.jpg,https://raw.githubusercontent.com/ml4py/dataset-iiit-pet/master/images/Siamese_90.jpg,victim/new_holdout/siamese/Siamese_90.jpg,500,375,87025,0f5673014b35d3edc37a13f67da34a68afec3ea7fdba608d6cb2a713628adc67
victim,train,beagle,beagle_100.jpg,https://raw.githubusercontent.com/ml4py/dataset-iiit-pet/master/images/beagle_100.jpg,victim/train/beagle/beagle_100.jpg,333,500,95058,adb80c22aa0468a31e8ee59901c75e9a5840ee02f92149c1405f0e0d4d6f6b68
victim,train,beagle,beagle_103.jpg,https://raw.githubusercontent.com/ml4py/dataset-iiit-pet/master/images/beagle_103.jpg,victim/train/beagle/beagle_103.jpg,500,334,85521,81d671c4bd0d64ae974d9d55f9620ff1a1d7e5125d901d55747bd9f86fa763d9
victim,train,beagle,beagle_117.jpg,https://raw.githubusercontent.com/ml4py/dataset-iiit-pet/master/images/beagle_117.jpg,victim/train/beagle/beagle_117.jpg,500,332,71923,faf0efd406fc559f741ba7417468a3c8c0fb7a49b53e22e351e4ec04105964f3
victim,train,beagle,beagle_128.jpg,https://raw.githubusercontent.com/ml4py/dataset-iiit-pet/master/images/beagle_128.jpg,victim/train/beagle/beagle_128.jpg,500,333,139780,bb53c68492e99350ebfcb4b4d750956429ffa8d76cf5713743fdcaa5a95361e3
victim,train,beagle,beagle_136.jpg,https://raw.githubusercontent.com/ml4py/dataset-iiit-pet/master/images/beagle_136.jpg,victim/train/beagle/beagle_136.jpg,500,375,111758,1f6c66d12addd97e77f09ea7ad49d8359e1ae92c80c467b072a9601da955b5e5
victim,train,beagle,beagle_139.jpg,https://raw.githubusercontent.com/ml4py/dataset-iiit-pet/master/images/beagle_139.jpg,victim/train/beagle/beagle_139.jpg,375,500,143151,7f66ca4b5e8924f90a7d67371a613442240b08daac0df0a2a320bac5dc574c63
victim,train,beagle,beagle_14.jpg,https://raw.githubusercontent.com/ml4py/dataset-iiit-pet/master/images/beagle_14.jpg,victim/train/beagle/beagle_14.jpg,334,500,88419,9c5b139c572e2e67c210eb7b25058890aa110f99b7f532ff00c2384a72b74f08
victim,train,beagle,beagle_142.jpg,https://raw.githubusercontent.com/ml4py/dataset-iiit-pet/master/images/beagle_142.jpg,victim/train/beagle/beagle_142.jpg,500,334,140229,565ef8c25889b209fe2455963339934809f3bc27b7074f30e7972344241c9f2a
victim,train,beagle,beagle_145.jpg,https://raw.githubusercontent.com/ml4py/dataset-iiit-pet/master/images/beagle_145.jpg,victim/train/beagle/beagle_145.jpg,334,500,139918,1a18dc157a7e2e848576549725ce34a9a5a49eb900f9630982514cb4ce724b05
victim,train,beagle,beagle_146.jpg,https://raw.githubusercontent.com/ml4py/dataset-iiit-pet/master/images/beagle_146.jpg,victim/train/beagle/beagle_146.jpg,500,281,84682,7a4ab3058b4e48c466c33e6a6f06d40c83abf267d21c4292b09a70138806f2d0
victim,train,beagle,beagle_147.jpg,https://raw.githubusercontent.com/ml4py/dataset-iiit-pet/master/images/beagle_147.jpg,victim/train/beagle/beagle_147.jpg,500,335,87078,f545fcba18e2fd62dd3b7b6076017afb10b6645c26844db8e8756a2e65105c3f
victim,train,beagle,beagle_148.jpg,https://raw.githubusercontent.com/ml4py/dataset-iiit-pet/master/images/beagle_148.jpg,victim/train/beagle/beagle_148.jpg,500,333,139883,6b21b01ce5d4a0397e77b2f11157e6ea2a952dafc85823676b1013198323ed12
victim,train,beagle,beagle_149.jpg,https://raw.githubusercontent.com/ml4py/dataset-iiit-pet/master/images/beagle_149.jpg,victim/train/beagle/beagle_149.jpg,500,333,115885,110716cca43e1cc63fe5a7816d50b550d907c3fdbf4f491d6cdaf64fb0c7f45e
victim,train,beagle,beagle_152.jpg,https://raw.githubusercontent.com/ml4py/dataset-iiit-pet/master/images/beagle_152.jpg,victim/train/beagle/beagle_152.jpg,500,375,220601,44960014291b7213b2b3e7f61e1eb430582ce0e4eac2272862b9eb098fe5b858
victim,train,beagle,beagle_162.jpg,https://raw.githubusercontent.com/ml4py/dataset-iiit-pet/master/images/beagle_162.jpg,victim/train/beagle/beagle_162.jpg,500,281,66594,a60a3eb846e5a76a07d3a5bae793df9d8dcbd1d0f1cb39e74bb298e0949948a5
victim,train,beagle,beagle_164.jpg,https://raw.githubusercontent.com/ml4py/dataset-iiit-pet/master/images/beagle_164.jpg,victim/train/beagle/beagle_164.jpg,500,375,130895,8c4eb1fcccbbc98fe3509956a4179af77e1abcbcf9bbdeb846e259d42633002a
victim,train,beagle,beagle_168.jpg,https://raw.githubusercontent.com/ml4py/dataset-iiit-pet/master/images/beagle_168.jpg,victim/train/beagle/beagle_168.jpg,500,375,106265,5d596d56aa420cd60ae8f07f46dde2f6cab8d2e73885f6222463d40c76cedc21
victim,train,beagle,beagle_17.jpg,https://raw.githubusercontent.com/ml4py/dataset-iiit-pet/master/images/beagle_17.jpg,victim/train/beagle/beagle_17.jpg,333,500,71704,6d383e121d8b15c36684c5e69e9b5922937cb62dde46c16cc7684d1c2a3dbcd5
victim,train,beagle,beagle_171.jpg,https://raw.githubusercontent.com/ml4py/dataset-iiit-pet/master/images/beagle_171.jpg,victim/train/beagle/beagle_171.jpg,500,375,127251,93c1634947b5958aa1f7508180dbdc02ffd37843ca8a296365eaa885f95114d8
victim,train,beagle,beagle_174.jpg,https://raw.githubusercontent.com/ml4py/dataset-iiit-pet/master/images/beagle_174.jpg,victim/train/beagle/beagle_174.jpg,500,375,137635,58d78694d0fb3f73c91a295912e57f0f6c5d784af33b39cf1da1d719460246d4
victim,train,beagle,beagle_181.jpg,https://raw.githubusercontent.com/ml4py/dataset-iiit-pet/master/images/beagle_181.jpg,victim/train/beagle/beagle_181.jpg,500,334,81726,88b284167cf1962f2813fd5924d059f5c4a3dd638c26dd9c73ab91ae1ff92bf1
victim,train,beagle,beagle_184.jpg,https://raw.githubusercontent.com/ml4py/dataset-iiit-pet/master/images/beagle_184.jpg,victim/train/beagle/beagle_184.jpg,500,375,116152,3d20878f71ec95e0d29169460ffa0e2d6c7b77ec13056f2ae20c7b81e88fc18d
victim,train,beagle,beagle_195.jpg,https://raw.githubusercontent.com/ml4py/dataset-iiit-pet/master/images/beagle_195.jpg,victim/train/beagle/beagle_195.jpg,335,500,74068,00de3f77bf151bec0973ab8a1db723e620b84c1b6b728cde85dc49211f6b36c1
victim,train,beagle,beagle_201.jpg,https://raw.githubusercontent.com/ml4py/dataset-iiit-pet/master/images/beagle_201.jpg,victim/train/beagle/beagle_201.jpg,500,400,189184,bd98f8f2a7ad55b4558c5ff897c8ddf0564357d6087de9bee73e9145da8556ba
victim,train,beagle,beagle_202.jpg,https://raw.githubusercontent.com/ml4py/dataset-iiit-pet/master/images/beagle_202.jpg,victim/train/beagle/beagle_202.jpg,500,333,115341,5e5374ef3e3fce913b797978c36619b46bf66d872ba6ba223be044cb6d3005cb
victim,train,beagle,beagle_25.jpg,https://raw.githubusercontent.com/ml4py/dataset-iiit-pet/master/images/beagle_25.jpg,victim/train/beagle/beagle_25.jpg,500,375,256528,e6b125f8c8bd98f993bbaca92021167eebb1219161ea2a9b73a433f02f73fb64
victim,train,beagle,beagle_26.jpg,https://raw.githubusercontent.com/ml4py/dataset-iiit-pet/master/images/beagle_26.jpg,victim/train/beagle/beagle_26.jpg,500,333,70319,71764179c0612a8e1f675b8afedb3b62a856e50d186d4ae752f6d3935fd85502
victim,train,beagle,beagle_43.jpg,https://raw.githubusercontent.com/ml4py/dataset-iiit-pet/master/images/beagle_43.jpg,victim/train/beagle/beagle_43.jpg,500,375,117396,510423866f63ba1584b3da66aa4c9e8079b0286b93d9e077c717d65c570c78d0
victim,train,beagle,beagle_45.jpg,https://raw.githubusercontent.com/ml4py/dataset-iiit-pet/master/images/beagle_45.jpg,victim/train/beagle/beagle_45.jpg,500,333,204084,2378684918585e89353bd06c438416834fd1c9cdbf9b6d73831cfa2a27abec93
victim,train,beagle,beagle_50.jpg,https://raw.githubusercontent.com/ml4py/dataset-iiit-pet/master/images/beagle_50.jpg,victim/train/beagle/beagle_50.jpg,500,335,164129,05ef2a91bf500267512ca8b7c20b3d8c6927c589e98e75a831c3f4fc126f263f
victim,train,beagle,beagle_58.jpg,https://raw.githubusercontent.com/ml4py/dataset-iiit-pet/master/images/beagle_58.jpg,victim/train/beagle/beagle_58.jpg,334,500,155223,280a8c9f58a63f56e9058b0ae2cd7016c8e475415e346a537274bba8c3283673
victim,train,beagle,beagle_60.jpg,https://raw.githubusercontent.com/ml4py/dataset-iiit-pet/master/images/beagle_60.jpg,victim/train/beagle/beagle_60.jpg,334,500,154781,7c16faf4afb34ec462a62a4668c90c8c7bcb436b59323cbbe94d7920f4529c96
victim,train,beagle,beagle_7.jpg,https://raw.githubusercontent.com/ml4py/dataset-iiit-pet/master/images/beagle_7.jpg,victim/train/beagle/beagle_7.jpg,500,375,167098,90ab5a11b3394a8d7ecee5aab8736b6dbfaf3bd0bb46b9c41b59fc73e25145a4
victim,train,beagle,beagle_70.jpg,https://raw.githubusercontent.com/ml4py/dataset-iiit-pet/master/images/beagle_70.jpg,victim/train/beagle/beagle_70.jpg,500,294,74249,add38eecd46e8a6e882d1fb4c58d83f068e2041f7534ec66b772859c4083b7f8
victim,train,beagle,beagle_73.jpg,https://raw.githubusercontent.com/ml4py/dataset-iiit-pet/master/images/beagle_73.jpg,victim/train/beagle/beagle_73.jpg,500,381,166221,353d94ad4a5d94bfb4dc9a0009165773aac264935a5d8f57c73f9050281b900c
victim,train,beagle,beagle_76.jpg,https://raw.githubusercontent.com/ml4py/dataset-iiit-pet/master/images/beagle_76.jpg,victim/train/beagle/beagle_76.jpg,333,500,94687,a18f1dae5317f9d106bfda35f3f90c1b38dbfa402354769cf4cf1184babfd5c5
victim,train,beagle,beagle_78.jpg,https://raw.githubusercontent.com/ml4py/dataset-iiit-pet/master/images/beagle_78.jpg,victim/train/beagle/beagle_78.jpg,500,334,151393,6db62905b78890d4d782a14f1a2c7b28248495fcf2d6b5e2c21cb3ef65db161c
victim,train,beagle,beagle_80.jpg,https://raw.githubusercontent.com/ml4py/dataset-iiit-pet/master/images/beagle_80.jpg,victim/train/beagle/beagle_80.jpg,453,500,127222,6421ef10a71cbf05608ab40544afe3369d011a1557c0f891b3b325e9236909b5
victim,train,beagle,beagle_82.jpg,https://raw.githubusercontent.com/ml4py/dataset-iiit-pet/master/images/beagle_82.jpg,victim/train/beagle/beagle_82.jpg,375,500,91461,f51202c6f5061c66cf188c4fa329d1ebc01ac9ca1ede74137364c3e9bbdd7760
victim,train,beagle,beagle_98.jpg,https://raw.githubusercontent.com/ml4py/dataset-iiit-pet/master/images/beagle_98.jpg,victim/train/beagle/beagle_98.jpg,500,442,128550,09f6fad732daab34562eb7633aa0c0dcaffe9784b647ef8a0a2c4408e9eda0d3
victim,train,bengal,Bengal_1.jpg,https://raw.githubusercontent.com/ml4py/dataset-iiit-pet/master/images/Bengal_1.jpg,victim/train/bengal/Bengal_1.jpg,600,901,79073,0b33ac17cf5d8efc3eab29cbb31b79d42c15fd447bb322e03b11a1bea746e9ff
victim,train,bengal,Bengal_110.jpg,https://raw.githubusercontent.com/ml4py/dataset-iiit-pet/master/images/Bengal_110.jpg,victim/train/bengal/Bengal_110.jpg,500,332,119694,1da612250edd20a247c1f3107e8fb791d83e3fa818f9ab64f0ef74131f8babec
victim,train,bengal,Bengal_111.jpg,https://raw.githubusercontent.com/ml4py/dataset-iiit-pet/master/images/Bengal_111.jpg,victim/train/bengal/Bengal_111.jpg,500,433,179224,16581795c4ae1da7f3f82fb1ef7a0c984a0c532a14ae114caee765263511c899
victim,train,bengal,Bengal_113.jpg,https://raw.githubusercontent.com/ml4py/dataset-iiit-pet/master/images/Bengal_113.jpg,victim/train/bengal/Bengal_113.jpg,500,500,200260,7090cce4d8b8d0903f5acfe892e5fe53a5452d04e281e3d1e1182460c4e0548a
victim,train,bengal,Bengal_118.jpg,https://raw.githubusercontent.com/ml4py/dataset-iiit-pet/master/images/Bengal_118.jpg,victim/train/bengal/Bengal_118.jpg,375,500,100582,5ba26ff5d2da20046e2789d8feb5619433c833a5e4d7eed1a41d9db889630625
victim,train,bengal,Bengal_137.jpg,https://raw.githubusercontent.com/ml4py/dataset-iiit-pet/master/images/Bengal_137.jpg,victim/train/bengal/Bengal_137.jpg,300,225,8242,94a896b1f8066658b4c9ef0d7cef24fdb88aea61ce1e27c84357e8362d871f06
victim,train,bengal,Bengal_139.jpg,https://raw.githubusercontent.com/ml4py/dataset-iiit-pet/master/images/Bengal_139.jpg,victim/train/bengal/Bengal_139.jpg,300,225,10435,df4f671a2d45d525bfa1d1d188544419f06495220a5016b8d1b0c729c0dd5f9d
victim,train,bengal,Bengal_141.jpg,https://raw.githubusercontent.com/ml4py/dataset-iiit-pet/master/images/Bengal_141.jpg,victim/train/bengal/Bengal_141.jpg,300,263,12601,0848afb5ea3e67e3a149837c25a6cb32be2bc21524370c3f8a4316fa13c51048
victim,train,bengal,Bengal_150.jpg,https://raw.githubusercontent.com/ml4py/dataset-iiit-pet/master/images/Bengal_150.jpg,victim/train/bengal/Bengal_150.jpg,200,179,6984,36d4d86a1ad095de60e268eb3a57fafa19db72b314f9289c1e2af456a6aca49f
victim,train,bengal,Bengal_153.jpg,https://raw.githubusercontent.com/ml4py/dataset-iiit-pet/master/images/Bengal_153.jpg,victim/train/bengal/Bengal_153.jpg,300,225,6325,9cd73fd90080763c05f1720a2d8e0b9123a4fd439ea35a2e59db8bac02790482
victim,train,bengal,Bengal_159.jpg,https://raw.githubusercontent.com/ml4py/dataset-iiit-pet/master/images/Bengal_159.jpg,victim/train/bengal/Bengal_159.jpg,300,225,11793,59e2dc30af1be4b42f21900ba1e7ee651fdbb065bb817dc40a8930c25e55fb74
victim,train,bengal,Bengal_166.jpg,https://raw.githubusercontent.com/ml4py/dataset-iiit-pet/master/images/Bengal_166.jpg,victim/train/bengal/Bengal_166.jpg,225,300,8380,90e0a61dd0049fee00682607fbd47e04bead0047bb8440b03409820d08b56551
victim,train,bengal,Bengal_170.jpg,https://raw.githubusercontent.com/ml4py/dataset-iiit-pet/master/images/Bengal_170.jpg,victim/train/bengal/Bengal_170.jpg,225,300,9503,0a727e218956702eeaf93e29706052a4173c849cb5cacc6c404f45233b52e7f3
victim,train,bengal,Bengal_180.jpg,https://raw.githubusercontent.com/ml4py/dataset-iiit-pet/master/images/Bengal_180.jpg,victim/train/bengal/Bengal_180.jpg,300,238,18717,c21add800be45399774bbd4d62628588c42e25de364c0b5955deaa52895b0fa6
victim,train,bengal,Bengal_188.jpg,https://raw.githubusercontent.com/ml4py/dataset-iiit-pet/master/images/Bengal_188.jpg,victim/train/bengal/Bengal_188.jpg,450,325,41333,03c81c50c9e8ec208afc6c699e632ded6ddf9f18cb94f51521e00bbddf5ff2ff
victim,train,bengal,Bengal_192.jpg,https://raw.githubusercontent.com/ml4py/dataset-iiit-pet/master/images/Bengal_192.jpg,victim/train/bengal/Bengal_192.jpg,301,233,21675,78f5fd87a43ad42feab17a161d9f73fa3e3c7c5f1df2ffde49714e25d11ad254
victim,train,bengal,Bengal_193.jpg,https://raw.githubusercontent.com/ml4py/dataset-iiit-pet/master/images/Bengal_193.jpg,victim/train/bengal/Bengal_193.jpg,289,288,21362,4963b9dd897b1acc4bfdbc7b14ecd58c745ca243af1913c5e35ece81dff646cd
victim,train,bengal,Bengal_195.jpg,https://raw.githubusercontent.com/ml4py/dataset-iiit-pet/master/images/Bengal_195.jpg,victim/train/bengal/Bengal_195.jpg,368,276,61187,ac8946cc962e8d1093f5c7ac2b21463a682990a414b551e6fd922dc4a4409f65
victim,train,bengal,Bengal_2.jpg,https://raw.githubusercontent.com/ml4py/dataset-iiit-pet/master/images/Bengal_2.jpg,victim/train/bengal/Bengal_2.jpg,600,505,65752,8469cc227da1d54b08d3837516f12a0bcd3cfa49cb1a4713f01036d8f229bc84
victim,train,bengal,Bengal_20.jpg,https://raw.githubusercontent.com/ml4py/dataset-iiit-pet/master/images/Bengal_20.jpg,victim/train/bengal/Bengal_20.jpg,458,500,93237,32aacdce170d4a60e707a754683f80b295011f29365467cc238d1e268ea4f345
victim,train,bengal,Bengal_23.jpg,https://raw.githubusercontent.com/ml4py/dataset-iiit-pet/master/images/Bengal_23.jpg,victim/train/bengal/Bengal_23.jpg,500,290,200253,7e7dd000d31022a7ca9d6816910421eaf68ad0685694b421046a9d8298b1afcd
victim,train,bengal,Bengal_25.jpg,https://raw.githubusercontent.com/ml4py/dataset-iiit-pet/master/images/Bengal_25.jpg,victim/train/bengal/Bengal_25.jpg,500,364,130323,f4c827e926f2888cf78e6eadc097d4245713bb246efb22e31836c94629f87f2b
victim,train,bengal,Bengal_31.jpg,https://raw.githubusercontent.com/ml4py/dataset-iiit-pet/master/images/Bengal_31.jpg,victim/train/bengal/Bengal_31.jpg,500,333,79569,33c31133ea55e8cd4e97277cb749423f4b13ba2d5787e20028f15a935cd9f4bd
victim,train,bengal,Bengal_36.jpg,https://raw.githubusercontent.com/ml4py/dataset-iiit-pet/master/images/Bengal_36.jpg,victim/train/bengal/Bengal_36.jpg,500,375,151418,bd4a4aaea936a58531c5ae2d6d6f1d827758b5a3437f8d14c2e61e99be520c14
victim,train,bengal,Bengal_44.jpg,https://raw.githubusercontent.com/ml4py/dataset-iiit-pet/master/images/Bengal_44.jpg,victim/train/bengal/Bengal_44.jpg,500,375,109821,701dd3a4b05b431f6e4cf6b5af70daea768c1749773f368ccb7535adb141e09b
victim,train,bengal,Bengal_45.jpg,https://raw.githubusercontent.com/ml4py/dataset-iiit-pet/master/images/Bengal_45.jpg,victim/train/bengal/Bengal_45.jpg,500,375,148113,e077a82506b095cb84533367152194859cd220f81d93311410b59399959e5941
victim,train,bengal,Bengal_48.jpg,https://raw.githubusercontent.com/ml4py/dataset-iiit-pet/master/images/Bengal_48.jpg,victim/train/bengal/Bengal_48.jpg,500,333,131930,395733cf4d469e98da57e4e83a86e360a1c117340491daa9b4c32bf7b49cb09d
victim,train,bengal,Bengal_52.jpg,https://raw.githubusercontent.com/ml4py/dataset-iiit-pet/master/images/Bengal_52.jpg,victim/train/bengal/Bengal_52.jpg,500,333,136427,a4896474ac4395abf24e26027628e540dca02d0efa5457bcb167f4c4844469b5
victim,train,bengal,Bengal_54.jpg,https://raw.githubusercontent.com/ml4py/dataset-iiit-pet/master/images/Bengal_54.jpg,victim/train/bengal/Bengal_54.jpg,500,280,104246,bb254533fc1d87f92713eecb392553a4e10e82ac97844ebc5612a6c42db783dc
victim,train,bengal,Bengal_56.jpg,https://raw.githubusercontent.com/ml4py/dataset-iiit-pet/master/images/Bengal_56.jpg,victim/train/bengal/Bengal_56.jpg,500,375,119218,45aec022e14ce85c4b378b2d36e8a7675f11990492fa2525553d0602705fcf10
victim,train,bengal,Bengal_58.jpg,https://raw.githubusercontent.com/ml4py/dataset-iiit-pet/master/images/Bengal_58.jpg,victim/train/bengal/Bengal_58.jpg,500,333,70331,f0f5f74d9bf55d2a9dd61907ff7ccb788912895dfeb1d60624ecb8e46d200e59
victim,train,bengal,Bengal_59.jpg,https://raw.githubusercontent.com/ml4py/dataset-iiit-pet/master/images/Bengal_59.jpg,victim/train/bengal/Bengal_59.jpg,500,375,105567,88751c3f164d34669877ae5ddb7bd2a8f61284592032929e323a83e61bd6b765
victim,train,bengal,Bengal_60.jpg,https://raw.githubusercontent.com/ml4py/dataset-iiit-pet/master/images/Bengal_60.jpg,victim/train/bengal/Bengal_60.jpg,500,333,91187,0aec49e8336d43e1d38485b9d255f2db486714015f742e009bad972f01237220
victim,train,bengal,Bengal_7.jpg,https://raw.githubusercontent.com/ml4py/dataset-iiit-pet/master/images/Bengal_7.jpg,victim/train/bengal/Bengal_7.jpg,500,312,171943,7cccfc95164252faf95ade129ea00faaa9f57837f1e10ae85f5b3ee21afdd93b
victim,train,bengal,Bengal_70.jpg,https://raw.githubusercontent.com/ml4py/dataset-iiit-pet/master/images/Bengal_70.jpg,victim/train/bengal/Bengal_70.jpg,375,500,84851,2cbdc6499a4d29005e0fbba3c03fdf74b44084b2e8e10ff29a09b519110ec070
victim,train,bengal,Bengal_72.jpg,https://raw.githubusercontent.com/ml4py/dataset-iiit-pet/master/images/Bengal_72.jpg,victim/train/bengal/Bengal_72.jpg,375,500,83558,0417a990b683bef091cf3aace25be9b20bbccec21b0b70540149186b22343fcb
victim,train,bengal,Bengal_8.jpg,https://raw.githubusercontent.com/ml4py/dataset-iiit-pet/master/images/Bengal_8.jpg,victim/train/bengal/Bengal_8.jpg,500,333,152170,b2714a7aa4fe932b19d70b2ea7b5f8bed4fcf6282384911e58ba2c0abd67793f
victim,train,bengal,Bengal_81.jpg,https://raw.githubusercontent.com/ml4py/dataset-iiit-pet/master/images/Bengal_81.jpg,victim/train/bengal/Bengal_81.jpg,500,332,162102,5f4d50553c12daac9fa90fcfaf2b032769be7e0aa80403bf40137d6b758adce1
victim,train,bengal,Bengal_84.jpg,https://raw.githubusercontent.com/ml4py/dataset-iiit-pet/master/images/Bengal_84.jpg,victim/train/bengal/Bengal_84.jpg,408,500,97237,a294510d3f0aaf8b2c8935ea65d6c9b1302c25a5efb2b6fab8919448919be211
victim,train,bengal,Bengal_85.jpg,https://raw.githubusercontent.com/ml4py/dataset-iiit-pet/master/images/Bengal_85.jpg,victim/train/bengal/Bengal_85.jpg,500,434,127669,74c8ce8967438755820ed6587bf2a328bb718db3c3e2c5e4beef6aabb61577fd
victim,train,pug,pug_101.jpg,https://raw.githubusercontent.com/ml4py/dataset-iiit-pet/master/images/pug_101.jpg,victim/train/pug/pug_101.jpg,500,333,69489,5a17500cca23f72e220aff2e5fa11d2ac7b2ccb17591e3cbf7e7ee8774a0666a
victim,train,pug,pug_102.jpg,https://raw.githubusercontent.com/ml4py/dataset-iiit-pet/master/images/pug_102.jpg,victim/train/pug/pug_102.jpg,375,500,148396,cd4c62850cb41bac1e0a68cb35c79361af3a6dcf5827a7662bd641d085d0890a
victim,train,pug,pug_106.jpg,https://raw.githubusercontent.com/ml4py/dataset-iiit-pet/master/images/pug_106.jpg,victim/train/pug/pug_106.jpg,375,500,155272,ba53f6801b644e2fd16f297156508c9938c7fc0f8f2b8267b0aba9a2699e6295
victim,train,pug,pug_108.jpg,https://raw.githubusercontent.com/ml4py/dataset-iiit-pet/master/images/pug_108.jpg,victim/train/pug/pug_108.jpg,375,500,113322,eb65685c38cf3ba06c10b8bf2cd5a428b8342fb5fd0b518420c2d16ce4df14a9
victim,train,pug,pug_119.jpg,https://raw.githubusercontent.com/ml4py/dataset-iiit-pet/master/images/pug_119.jpg,victim/train/pug/pug_119.jpg,375,500,259478,d05535ce58e6809226aeb5eaa13dbba5362039187bd4e6f4fd35d9fc46034e86
victim,train,pug,pug_124.jpg,https://raw.githubusercontent.com/ml4py/dataset-iiit-pet/master/images/pug_124.jpg,victim/train/pug/pug_124.jpg,225,300,15046,393cab1176d319fab1fe4c28307332df70923343744602fa71ac62fa2048fc3a
victim,train,pug,pug_128.jpg,https://raw.githubusercontent.com/ml4py/dataset-iiit-pet/master/images/pug_128.jpg,victim/train/pug/pug_128.jpg,300,225,15486,fb9a9fa3cb2f74472a15a8d46ce15e5f70fb3f57e4ed7b84bb352fcc72b03bd7
victim,train,pug,pug_130.jpg,https://raw.githubusercontent.com/ml4py/dataset-iiit-pet/master/images/pug_130.jpg,victim/train/pug/pug_130.jpg,300,225,13128,0b59506d12c55171750666b1f17f71a025dff5816aa2784f03b803d50463a32d
victim,train,pug,pug_132.jpg,https://raw.githubusercontent.com/ml4py/dataset-iiit-pet/master/images/pug_132.jpg,victim/train/pug/pug_132.jpg,240,300,12308,85e4e5cb0efc9dabbb6d6f481d8d3d2448e91b9bb7626d9989fe716f784b7c80
victim,train,pug,pug_134.jpg,https://raw.githubusercontent.com/ml4py/dataset-iiit-pet/master/images/pug_134.jpg,victim/train/pug/pug_134.jpg,300,225,9729,241242649d0aca56c243b9a8aa894c4c08fa2e988be965623127a5e052b008b5
victim,train,pug,pug_144.jpg,https://raw.githubusercontent.com/ml4py/dataset-iiit-pet/master/images/pug_144.jpg,victim/train/pug/pug_144.jpg,197,300,9102,b10e2b92adbdf8b76109f29c744353b09b730460e6ba62bf50fffe061ca52ddd
victim,train,pug,pug_150.jpg,https://raw.githubusercontent.com/ml4py/dataset-iiit-pet/master/images/pug_150.jpg,victim/train/pug/pug_150.jpg,300,185,9019,042b167d70c15eab5003f82c0c93608724543cb85f96db5a9be6f23ef71ce9a3
victim,train,pug,pug_153.jpg,https://raw.githubusercontent.com/ml4py/dataset-iiit-pet/master/images/pug_153.jpg,victim/train/pug/pug_153.jpg,300,225,9748,33769efdd1ed4f28fefa920cfe26b19f6be6fc7a2f5f2f80b494c6b06d724e17
victim,train,pug,pug_154.jpg,https://raw.githubusercontent.com/ml4py/dataset-iiit-pet/master/images/pug_154.jpg,victim/train/pug/pug_154.jpg,300,225,10560,465ce430b7fc2e9facddabc33475ba73fc329791962edb25e4f380c47b8927c3
victim,train,pug,pug_162.jpg,https://raw.githubusercontent.com/ml4py/dataset-iiit-pet/master/images/pug_162.jpg,victim/train/pug/pug_162.jpg,300,225,14890,f7c6de24bf005bf201a25ae41aaba2ad9efeb8713be195dd6ceb12fc99981579
victim,train,pug,pug_166.jpg,https://raw.githubusercontent.com/ml4py/dataset-iiit-pet/master/images/pug_166.jpg,victim/train/pug/pug_166.jpg,225,300,6503,ae2b211fed5c283981afc10938fabbeab2f9d62fd9de1e1aacdbfed39895ffec
victim,train,pug,pug_169.jpg,https://raw.githubusercontent.com/ml4py/dataset-iiit-pet/master/images/pug_169.jpg,victim/train/pug/pug_169.jpg,256,300,9077,2fb91f55cf265cdf056d197812dd1d07202f05d84ae009adb996d55c103ac48a
victim,train,pug,pug_182.jpg,https://raw.githubusercontent.com/ml4py/dataset-iiit-pet/master/images/pug_182.jpg,victim/train/pug/pug_182.jpg,176,300,8193,663ca72d1662f096aa0af3ce18c1356db0f9899bc85855610d79966ca4d9ded8
victim,train,pug,pug_184.jpg,https://raw.githubusercontent.com/ml4py/dataset-iiit-pet/master/images/pug_184.jpg,victim/train/pug/pug_184.jpg,300,225,11747,ae3f06013236f0bd6c2450a6cbee2bf208e138ea9913061b82fd3de8732d17ec
victim,train,pug,pug_187.jpg,https://raw.githubusercontent.com/ml4py/dataset-iiit-pet/master/images/pug_187.jpg,victim/train/pug/pug_187.jpg,300,225,10046,73ac0d9517485390e6f91aa67be511c9eccfd02b7ccf1d1fdd0beac7cc0a833d
victim,train,pug,pug_191.jpg,https://raw.githubusercontent.com/ml4py/dataset-iiit-pet/master/images/pug_191.jpg,victim/train/pug/pug_191.jpg,300,225,9133,74db46d9428915c3beadb9a85e1a4094c8f341c88e3938d6adb18317c6b17d6f
victim,train,pug,pug_193.jpg,https://raw.githubusercontent.com/ml4py/dataset-iiit-pet/master/images/pug_193.jpg,victim/train/pug/pug_193.jpg,300,225,8590,96b3963b7ef2b28579065053383b83722a922a631fb1d05cd57b3871f4b1d312
victim,train,pug,pug_195.jpg,https://raw.githubusercontent.com/ml4py/dataset-iiit-pet/master/images/pug_195.jpg,victim/train/pug/pug_195.jpg,248,300,20704,abbf59199183ce002876bbfc275b55d7be41c53d0feaa0ac7ecbeffadc49b876
victim,train,pug,pug_197.jpg,https://raw.githubusercontent.com/ml4py/dataset-iiit-pet/master/images/pug_197.jpg,victim/train/pug/pug_197.jpg,256,256,20348,29c011e30a770c5f8754ea8d714342c72357e363d4d11347dcac278e63b87920
victim,train,pug,pug_198.jpg,https://raw.githubusercontent.com/ml4py/dataset-iiit-pet/master/images/pug_198.jpg,victim/train/pug/pug_198.jpg,300,225,10608,144af47a36580d41af630e755a5801a513727afe377edd647713123f294b49a5
victim,train,pug,pug_25.jpg,https://raw.githubusercontent.com/ml4py/dataset-iiit-pet/master/images/pug_25.jpg,victim/train/pug/pug_25.jpg,500,334,69453,001bdfef0e80980785a855914a3234e0dc292d7c79015d395b15726dc6f17fc6
victim,train,pug,pug_31.jpg,https://raw.githubusercontent.com/ml4py/dataset-iiit-pet/master/images/pug_31.jpg,victim/train/pug/pug_31.jpg,332,500,135891,62afa4a285cc3750f34ecfef26627aa504314beb07c58adcf72379611a8cf2ba
victim,train,pug,pug_45.jpg,https://raw.githubusercontent.com/ml4py/dataset-iiit-pet/master/images/pug_45.jpg,victim/train/pug/pug_45.jpg,500,333,98265,ce2f45ac9addd9e3bfc3634624d5a3ff5de66b3e4bbe004b84a5c04fb5eeec88
victim,train,pug,pug_46.jpg,https://raw.githubusercontent.com/ml4py/dataset-iiit-pet/master/images/pug_46.jpg,victim/train/pug/pug_46.jpg,500,333,111187,5a00082f2a7117d453f0b360c3bbd5749c3ca357e0bfc5a638feb8285322b349
victim,train,pug,pug_48.jpg,https://raw.githubusercontent.com/ml4py/dataset-iiit-pet/master/images/pug_48.jpg,victim/train/pug/pug_48.jpg,333,500,86223,e7a5fb33a8d60803e34e73ab116cf43b526cbd5ebb94c548f52b3dc4ec7d17f0
victim,train,pug,pug_50.jpg,https://raw.githubusercontent.com/ml4py/dataset-iiit-pet/master/images/pug_50.jpg,victim/train/pug/pug_50.jpg,334,500,89486,4305999c6023f82a13737aa62e3f004f2586e498dd9977d406c1b493b2ca2f73
victim,train,pug,pug_54.jpg,https://raw.githubusercontent.com/ml4py/dataset-iiit-pet/master/images/pug_54.jpg,victim/train/pug/pug_54.jpg,500,333,111420,190c262153abb35d1cdd9980b5404f6bb4379b016a46beeff87d2529db1912fc
victim,train,pug,pug_55.jpg,https://raw.githubusercontent.com/ml4py/dataset-iiit-pet/master/images/pug_55.jpg,victim/train/pug/pug_55.jpg,500,334,127317,bab34458995e15605610587b9d37956a0066300b0ee1ff772039c64fbbe67d2a
victim,train,pug,pug_57.jpg,https://raw.githubusercontent.com/ml4py/dataset-iiit-pet/master/images/pug_57.jpg,victim/train/pug/pug_57.jpg,500,333,103966,e2e342c23b6eea44917521c0d71c27b000e42395e3b826b639d6f1dc4a48933d
victim,train,pug,pug_64.jpg,https://raw.githubusercontent.com/ml4py/dataset-iiit-pet/master/images/pug_64.jpg,victim/train/pug/pug_64.jpg,500,375,160533,a45c9e467828fb8979d28ec98c5e264935f96e996e7c4f4b4a75320168c05311
victim,train,pug,pug_66.jpg,https://raw.githubusercontent.com/ml4py/dataset-iiit-pet/master/images/pug_66.jpg,victim/train/pug/pug_66.jpg,375,500,169889,251db6e6756c79d837b05e5bcf14caa0300ab2d782b945c3b533c39c33e12c9e
victim,train,pug,pug_79.jpg,https://raw.githubusercontent.com/ml4py/dataset-iiit-pet/master/images/pug_79.jpg,victim/train/pug/pug_79.jpg,500,333,78168,8c36e477ef2311acb603e51a065760ca09f452f32ebe9173b119fa04c17ed2e8
victim,train,pug,pug_85.jpg,https://raw.githubusercontent.com/ml4py/dataset-iiit-pet/master/images/pug_85.jpg,victim/train/pug/pug_85.jpg,500,333,68886,52b4c5212a4baeee05463183c2a099e8f2f33315b172a45f9b1c9587b5b62fb0
victim,train,pug,pug_9.jpg,https://raw.githubusercontent.com/ml4py/dataset-iiit-pet/master/images/pug_9.jpg,victim/train/pug/pug_9.jpg,370,500,115141,199b88c00233729ca8366a51812a123b69497ac3840d3670112eb5e25db2d996
victim,train,pug,pug_90.jpg,https://raw.githubusercontent.com/ml4py/dataset-iiit-pet/master/images/pug_90.jpg,victim/train/pug/pug_90.jpg,399,500,165761,14e3304ab7d552282b70dc8e81becb9f3a34a6f9cc66e37a324c6e77ccc1484b
victim,train,samoyed,samoyed_102.jpg,https://raw.githubusercontent.com/ml4py/dataset-iiit-pet/master/images/samoyed_102.jpg,victim/train/samoyed/samoyed_102.jpg,500,408,177666,c793bd14b4c0e63048744d68889ef4bd6798d905a6b7ce8226ddbb04c3ebe37d
victim,train,samoyed,samoyed_104.jpg,https://raw.githubusercontent.com/ml4py/dataset-iiit-pet/master/images/samoyed_104.jpg,victim/train/samoyed/samoyed_104.jpg,500,333,116808,20f4f44dd0690488073dd3e15435b6678300cc1e028adffa60c3ff11f72e040c
victim,train,samoyed,samoyed_106.jpg,https://raw.githubusercontent.com/ml4py/dataset-iiit-pet/master/images/samoyed_106.jpg,victim/train/samoyed/samoyed_106.jpg,327,500,93567,335a43c5c09c56e47020577f3024d5c3b84fe1257143b563246f334e259b2c12
victim,train,samoyed,samoyed_119.jpg,https://raw.githubusercontent.com/ml4py/dataset-iiit-pet/master/images/samoyed_119.jpg,victim/train/samoyed/samoyed_119.jpg,500,375,95641,cb9f5e1f90a731484cc5b896632e236f4ce1c3dcacced541ca0467c8577d4786
victim,train,samoyed,samoyed_12.jpg,https://raw.githubusercontent.com/ml4py/dataset-iiit-pet/master/images/samoyed_12.jpg,victim/train/samoyed/samoyed_12.jpg,375,500,129686,5d7d40eaf7579af0ca9fec8ea9bd2aa4a3a0600b9e646c9aba9995cf7ebefb01
victim,train,samoyed,samoyed_121.jpg,https://raw.githubusercontent.com/ml4py/dataset-iiit-pet/master/images/samoyed_121.jpg,victim/train/samoyed/samoyed_121.jpg,500,400,170945,6524be0727979c65510f0488f6687e50660f0dcb1fc22b5af3af8b8b66d5b287
victim,train,samoyed,samoyed_125.jpg,https://raw.githubusercontent.com/ml4py/dataset-iiit-pet/master/images/samoyed_125.jpg,victim/train/samoyed/samoyed_125.jpg,500,476,149866,2da0425b39fc638268af73941988bc606b7bb112b2757e796637e6a3e6e52f90
victim,train,samoyed,samoyed_130.jpg,https://raw.githubusercontent.com/ml4py/dataset-iiit-pet/master/images/samoyed_130.jpg,victim/train/samoyed/samoyed_130.jpg,500,333,85423,a1629a8710ab7bd8786ddeab82eb5fd440463e99b34aa9a1383258d99fe96400
victim,train,samoyed,samoyed_15.jpg,https://raw.githubusercontent.com/ml4py/dataset-iiit-pet/master/images/samoyed_15.jpg,victim/train/samoyed/samoyed_15.jpg,377,500,115519,896bb94f827748aed140d949b295d2db734935fe11940934508c16463528facb
victim,train,samoyed,samoyed_159.jpg,https://raw.githubusercontent.com/ml4py/dataset-iiit-pet/master/images/samoyed_159.jpg,victim/train/samoyed/samoyed_159.jpg,500,333,45751,f75bbbb5b1049f724fe306cdb697ce396563eec5fbbb13b9f18cacf37221b526
victim,train,samoyed,samoyed_166.jpg,https://raw.githubusercontent.com/ml4py/dataset-iiit-pet/master/images/samoyed_166.jpg,victim/train/samoyed/samoyed_166.jpg,500,333,62279,68d37b08ee831e625bdec1bc5cfc4dd9e0ddbd71a50e3de1e118c6153b356e58
victim,train,samoyed,samoyed_167.jpg,https://raw.githubusercontent.com/ml4py/dataset-iiit-pet/master/images/samoyed_167.jpg,victim/train/samoyed/samoyed_167.jpg,500,335,68533,97e6f7c1078825e9c65e6bd2b6479bf581d5b5e33f38c5e6cfc66e7bad2c0d71
victim,train,samoyed,samoyed_168.jpg,https://raw.githubusercontent.com/ml4py/dataset-iiit-pet/master/images/samoyed_168.jpg,victim/train/samoyed/samoyed_168.jpg,333,500,68534,cec1152f67b72e6606d6f2ef780c7939a4f1a642c1b72579e7965a454540067a
victim,train,samoyed,samoyed_17.jpg,https://raw.githubusercontent.com/ml4py/dataset-iiit-pet/master/images/samoyed_17.jpg,victim/train/samoyed/samoyed_17.jpg,500,479,96310,24872568d1d2686fc16589f5d24b6fac355bcc728ff096cc04a8b9e8b5f37ebd
victim,train,samoyed,samoyed_173.jpg,https://raw.githubusercontent.com/ml4py/dataset-iiit-pet/master/images/samoyed_173.jpg,victim/train/samoyed/samoyed_173.jpg,500,334,108828,bcfaa18ab8fc3ac6d3deaa6fb3a4df0738d93a9f34c794d3ac703d07374ddb2e
victim,train,samoyed,samoyed_175.jpg,https://raw.githubusercontent.com/ml4py/dataset-iiit-pet/master/images/samoyed_175.jpg,victim/train/samoyed/samoyed_175.jpg,500,334,88246,03fdf4af53bf496bb364285133d811d84e49bc346ae12ef17fe1ee280139f8c8
victim,train,samoyed,samoyed_177.jpg,https://raw.githubusercontent.com/ml4py/dataset-iiit-pet/master/images/samoyed_177.jpg,victim/train/samoyed/samoyed_177.jpg,500,334,101127,33950fb4f1c682c1b5c7ac059b33044a98b2c7260b4593d2657322fed82c1a3b
victim,train,samoyed,samoyed_179.jpg,https://raw.githubusercontent.com/ml4py/dataset-iiit-pet/master/images/samoyed_179.jpg,victim/train/samoyed/samoyed_179.jpg,500,334,122993,afd12c1b025765a4cab7a8ed0f5b5d73d1473516224e5bb317230186a3bafa35
victim,train,samoyed,samoyed_184.jpg,https://raw.githubusercontent.com/ml4py/dataset-iiit-pet/master/images/samoyed_184.jpg,victim/train/samoyed/samoyed_184.jpg,500,334,107648,c77f48afdd66066fe22fc718b5a82253950ddb72c9841c5ee367ac61cebe9bcb
victim,train,samoyed,samoyed_188.jpg,https://raw.githubusercontent.com/ml4py/dataset-iiit-pet/master/images/samoyed_188.jpg,victim/train/samoyed/samoyed_188.jpg,375,500,105599,276794b7c6ef88a3ad73d10a68ae5b2c271dba7908de563562dc34277ac624b9
victim,train,samoyed,samoyed_189.jpg,https://raw.githubusercontent.com/ml4py/dataset-iiit-pet/master/images/samoyed_189.jpg,victim/train/samoyed/samoyed_189.jpg,375,500,111404,c97f201fe85fad1dc05144ba8d95c431da6eb04b7232b90a994d04b8943d52a2
victim,train,samoyed,samoyed_195.jpg,https://raw.githubusercontent.com/ml4py/dataset-iiit-pet/master/images/samoyed_195.jpg,victim/train/samoyed/samoyed_195.jpg,375,500,90144,8bfd56468577808f315bbe3fcf34e8c14dc945754b9978847d4d184b8d2972ab
victim,train,samoyed,samoyed_2.jpg,https://raw.githubusercontent.com/ml4py/dataset-iiit-pet/master/images/samoyed_2.jpg,victim/train/samoyed/samoyed_2.jpg,333,500,76994,462eaeb7885ab4d6d2221b8b022221b88090a238e820601df46977c00ceaa758
victim,train,samoyed,samoyed_23.jpg,https://raw.githubusercontent.com/ml4py/dataset-iiit-pet/master/images/samoyed_23.jpg,victim/train/samoyed/samoyed_23.jpg,500,375,118259,47a0e20f86b314306c5c0727d7d7b6a9a12a0f0c6aee71be107901db1b0d0dbe
victim,train,samoyed,samoyed_24.jpg,https://raw.githubusercontent.com/ml4py/dataset-iiit-pet/master/images/samoyed_24.jpg,victim/train/samoyed/samoyed_24.jpg,500,375,115307,40a5c8475df203d74075182847c0fed4724a45b310787880f188963ba54486c7
victim,train,samoyed,samoyed_29.jpg,https://raw.githubusercontent.com/ml4py/dataset-iiit-pet/master/images/samoyed_29.jpg,victim/train/samoyed/samoyed_29.jpg,333,500,64889,23b9b9afee0e2c20c7a46161d3ea0f44e1f7f0a52f606572ff10bc3db15965db
victim,train,samoyed,samoyed_32.jpg,https://raw.githubusercontent.com/ml4py/dataset-iiit-pet/master/images/samoyed_32.jpg,victim/train/samoyed/samoyed_32.jpg,333,500,102386,c1580724c2db33e2897fe306566da28ac3dbda754eccc568e9b8febe79931008
victim,train,samoyed,samoyed_34.jpg,https://raw.githubusercontent.com/ml4py/dataset-iiit-pet/master/images/samoyed_34.jpg,victim/train/samoyed/samoyed_34.jpg,500,375,105515,350393158cf200a5b7c46201bff04fd6a805caf3e0a15a06edc37f3069b4cc11
victim,train,samoyed,samoyed_51.jpg,https://raw.githubusercontent.com/ml4py/dataset-iiit-pet/master/images/samoyed_51.jpg,victim/train/samoyed/samoyed_51.jpg,375,500,132384,81b964ff4ff9a2ae2004da01283e5eebd46a10777ec9caacc873412c25350a51
victim,train,samoyed,samoyed_52.jpg,https://raw.githubusercontent.com/ml4py/dataset-iiit-pet/master/images/samoyed_52.jpg,victim/train/samoyed/samoyed_52.jpg,333,500,64836,a8eab959d52eb9bc5003aa879bbf7f99034cbf7434dec2bb9c5be51f329aaf2d
victim,train,samoyed,samoyed_54.jpg,https://raw.githubusercontent.com/ml4py/dataset-iiit-pet/master/images/samoyed_54.jpg,victim/train/samoyed/samoyed_54.jpg,333,500,82257,d0e506e7d1380bae40a412da1b366a5450af2d0fed897528e9012c4f90f32a11
victim,train,samoyed,samoyed_61.jpg,https://raw.githubusercontent.com/ml4py/dataset-iiit-pet/master/images/samoyed_61.jpg,victim/train/samoyed/samoyed_61.jpg,500,333,78953,d96af2035bda2b381614059e9053cca6219e81dfaf314220a748b51abf5a2f13
victim,train,samoyed,samoyed_64.jpg,https://raw.githubusercontent.com/ml4py/dataset-iiit-pet/master/images/samoyed_64.jpg,victim/train/samoyed/samoyed_64.jpg,333,500,84647,02c2f74d5f978799abde104b2cbafa15712542d7f3d460056018cd86cd8e0017
victim,train,samoyed,samoyed_7.jpg,https://raw.githubusercontent.com/ml4py/dataset-iiit-pet/master/images/samoyed_7.jpg,victim/train/samoyed/samoyed_7.jpg,407,500,115481,11ac55182a70d33dda61644849f56feb49b8e1047e7952453c67791bfdf99763
victim,train,samoyed,samoyed_71.jpg,https://raw.githubusercontent.com/ml4py/dataset-iiit-pet/master/images/samoyed_71.jpg,victim/train/samoyed/samoyed_71.jpg,500,313,171666,aa56c3736884066c06a4d895a1c7b2851b1634b8e408738eee7cdefffbdaf892
victim,train,samoyed,samoyed_76.jpg,https://raw.githubusercontent.com/ml4py/dataset-iiit-pet/master/images/samoyed_76.jpg,victim/train/samoyed/samoyed_76.jpg,500,375,92552,a38c12b842a6b3f930baef0a3c03e6ca4101074a10c402e2f37d9de4695c777d
victim,train,samoyed,samoyed_79.jpg,https://raw.githubusercontent.com/ml4py/dataset-iiit-pet/master/images/samoyed_79.jpg,victim/train/samoyed/samoyed_79.jpg,500,357,189713,4b241424aafa1a90df2e4339cf2db289aefd1bc46417e983e0528d17b35c6d9c
victim,train,samoyed,samoyed_85.jpg,https://raw.githubusercontent.com/ml4py/dataset-iiit-pet/master/images/samoyed_85.jpg,victim/train/samoyed/samoyed_85.jpg,500,375,138891,44c4b36e5bfaa3b82301383b3d1085ba5c06ea606e69a5f7c00139af56e7e99a
victim,train,samoyed,samoyed_96.jpg,https://raw.githubusercontent.com/ml4py/dataset-iiit-pet/master/images/samoyed_96.jpg,victim/train/samoyed/samoyed_96.jpg,500,443,103033,2fcc75f775ebca35103d070f2375df15d0826056432fb07b3a031e9478946abd
victim,train,samoyed,samoyed_97.jpg,https://raw.githubusercontent.com/ml4py/dataset-iiit-pet/master/images/samoyed_97.jpg,victim/train/samoyed/samoyed_97.jpg,500,333,78355,10e236c9474b0eae9d8cdf9ba1754474d3c8fdf5036d7c8e01a27acaffaca82a
victim,train,siamese,Siamese_101.jpg,https://raw.githubusercontent.com/ml4py/dataset-iiit-pet/master/images/Siamese_101.jpg,victim/train/siamese/Siamese_101.jpg,375,500,108262,d39fea481d5cee20d8dbb72c566bd97491a58bd06d7b12a845b7b1024378c9cf
victim,train,siamese,Siamese_115.jpg,https://raw.githubusercontent.com/ml4py/dataset-iiit-pet/master/images/Siamese_115.jpg,victim/train/siamese/Siamese_115.jpg,500,335,87908,6d61e85d908c1e23aab99f37ce121ba5fee9c5732ca6da0e77122674eb3a9f12
victim,train,siamese,Siamese_127.jpg,https://raw.githubusercontent.com/ml4py/dataset-iiit-pet/master/images/Siamese_127.jpg,victim/train/siamese/Siamese_127.jpg,500,334,64792,ddca47d40049d09b46dbbcabc45b5fd117bf2b9e111170f8e7a2179079a2901c
victim,train,siamese,Siamese_129.jpg,https://raw.githubusercontent.com/ml4py/dataset-iiit-pet/master/images/Siamese_129.jpg,victim/train/siamese/Siamese_129.jpg,500,375,95975,8e65acf4c7eadd6e0b0da4e56fd85cac145a2e8c6b24ef01205dba670a61cee3
victim,train,siamese,Siamese_144.jpg,https://raw.githubusercontent.com/ml4py/dataset-iiit-pet/master/images/Siamese_144.jpg,victim/train/siamese/Siamese_144.jpg,500,335,83244,be8685b4d104998e35f8be379a6e0fd955dcd77067bed0b09b190cf9abbe937d
victim,train,siamese,Siamese_146.jpg,https://raw.githubusercontent.com/ml4py/dataset-iiit-pet/master/images/Siamese_146.jpg,victim/train/siamese/Siamese_146.jpg,500,375,119869,8cffef9e08ddb0e4132d7833d92dc20b00366a94f4b900c2105992c8f20cb5a8
victim,train,siamese,Siamese_160.jpg,https://raw.githubusercontent.com/ml4py/dataset-iiit-pet/master/images/Siamese_160.jpg,victim/train/siamese/Siamese_160.jpg,500,375,106640,0be69f4a9470987a4795d88b4ace642b3884fe27e8e223b92ba88bdb278be8ba
victim,train,siamese,Siamese_161.jpg,https://raw.githubusercontent.com/ml4py/dataset-iiit-pet/master/images/Siamese_161.jpg,victim/train/siamese/Siamese_161.jpg,500,375,112587,cb1d20f07b615f41e9dc44569082d0acf767ceb8f83d33a7a3e28aef63f6d96e
victim,train,siamese,Siamese_17.jpg,https://raw.githubusercontent.com/ml4py/dataset-iiit-pet/master/images/Siamese_17.jpg,victim/train/siamese/Siamese_17.jpg,500,500,219741,898f4775586987e703946a826ca5111291d4c00cc2d0009ee3ab7e9b99d9ced0
victim,train,siamese,Siamese_170.jpg,https://raw.githubusercontent.com/ml4py/dataset-iiit-pet/master/images/Siamese_170.jpg,victim/train/siamese/Siamese_170.jpg,500,375,169335,c6aa83641742c3f847720bbef251b3f2dc90fcbfaedeb4366a224f893c2462c7
victim,train,siamese,Siamese_183.jpg,https://raw.githubusercontent.com/ml4py/dataset-iiit-pet/master/images/Siamese_183.jpg,victim/train/siamese/Siamese_183.jpg,500,346,83839,5cdc8f8cccec372eed1b7bfb9b14e53d50945eaa57e20961b4d0e9194c7b54fb
victim,train,siamese,Siamese_184.jpg,https://raw.githubusercontent.com/ml4py/dataset-iiit-pet/master/images/Siamese_184.jpg,victim/train/siamese/Siamese_184.jpg,500,375,131971,34db6f413f18d99702f10e5a9dde9b7f4709f6c9ee9def8b4e1939aad6d39615
victim,train,siamese,Siamese_186.jpg,https://raw.githubusercontent.com/ml4py/dataset-iiit-pet/master/images/Siamese_186.jpg,victim/train/siamese/Siamese_186.jpg,333,500,74456,d29f887fab6ec19b5e9d76be4200d0849fde1b4eeba3aba60b4385390c590ad3
victim,train,siamese,Siamese_191.jpg,https://raw.githubusercontent.com/ml4py/dataset-iiit-pet/master/images/Siamese_191.jpg,victim/train/siamese/Siamese_191.jpg,317,500,106661,c2e08d8b22a1fdc8ff88652da24432f0fd2e2aab2b175e7863682251e6938107
victim,train,siamese,Siamese_196.jpg,https://raw.githubusercontent.com/ml4py/dataset-iiit-pet/master/images/Siamese_196.jpg,victim/train/siamese/Siamese_196.jpg,500,334,102783,c5695856540a2914ecbb02a1b76aabe453b43d75e057a790cab5ebd2229283dd
victim,train,siamese,Siamese_207.jpg,https://raw.githubusercontent.com/ml4py/dataset-iiit-pet/master/images/Siamese_207.jpg,victim/train/siamese/Siamese_207.jpg,500,333,90810,2b8a87b8c3576642a37435034d6b4305a5b2500fb020c2d1ed4910641c813053
victim,train,siamese,Siamese_208.jpg,https://raw.githubusercontent.com/ml4py/dataset-iiit-pet/master/images/Siamese_208.jpg,victim/train/siamese/Siamese_208.jpg,500,333,53872,c8a818594136164cce927e42a621ed2d3d45aebd700e454a67f7c949a69a53da
victim,train,siamese,Siamese_21.jpg,https://raw.githubusercontent.com/ml4py/dataset-iiit-pet/master/images/Siamese_21.jpg,victim/train/siamese/Siamese_21.jpg,500,315,133998,a906b6f3d454774c63414eb09b863e305952a663904a24c89319b41fd8592e34
victim,train,siamese,Siamese_218.jpg,https://raw.githubusercontent.com/ml4py/dataset-iiit-pet/master/images/Siamese_218.jpg,victim/train/siamese/Siamese_218.jpg,225,300,9779,1c0865f04af893cf0a6cbbeccdb355e80e12ee16a2317ba9ca2e587e99788c68
victim,train,siamese,Siamese_23.jpg,https://raw.githubusercontent.com/ml4py/dataset-iiit-pet/master/images/Siamese_23.jpg,victim/train/siamese/Siamese_23.jpg,500,466,90093,ce7bf513e7793910927a54c508759a1f0932c0a4813c807d23193e1633c38fe8
victim,train,siamese,Siamese_233.jpg,https://raw.githubusercontent.com/ml4py/dataset-iiit-pet/master/images/Siamese_233.jpg,victim/train/siamese/Siamese_233.jpg,227,300,9394,635287eb684613460b292860e4a8017f2469bee6af453bdbd4380c21f9db6def
victim,train,siamese,Siamese_237.jpg,https://raw.githubusercontent.com/ml4py/dataset-iiit-pet/master/images/Siamese_237.jpg,victim/train/siamese/Siamese_237.jpg,300,222,13615,84791d71e8137ebeddfa3a516f646876c69824d5448aebbc8f260046f754237c
victim,train,siamese,Siamese_24.jpg,https://raw.githubusercontent.com/ml4py/dataset-iiit-pet/master/images/Siamese_24.jpg,victim/train/siamese/Siamese_24.jpg,500,375,103604,2d01a3020d446d11b826ec804a5fa39354d7f24e6e59f8050d6a6679c5400704
victim,train,siamese,Siamese_240.jpg,https://raw.githubusercontent.com/ml4py/dataset-iiit-pet/master/images/Siamese_240.jpg,victim/train/siamese/Siamese_240.jpg,300,225,8608,fa39bc894dedd6a0bf92897ff3447510cf621bf44129dd0133afbc6017747d30
victim,train,siamese,Siamese_247.jpg,https://raw.githubusercontent.com/ml4py/dataset-iiit-pet/master/images/Siamese_247.jpg,victim/train/siamese/Siamese_247.jpg,300,262,11032,aa14e79dd224142f12f8826f361ca9a1e70340c728f689d35d93e80bcd0826be
victim,train,siamese,Siamese_257.jpg,https://raw.githubusercontent.com/ml4py/dataset-iiit-pet/master/images/Siamese_257.jpg,victim/train/siamese/Siamese_257.jpg,300,289,12761,88971af19c4e2326d176084f690d16fbad2c16b8dca53f939d22bbaba7bffb5c
victim,train,siamese,Siamese_28.jpg,https://raw.githubusercontent.com/ml4py/dataset-iiit-pet/master/images/Siamese_28.jpg,victim/train/siamese/Siamese_28.jpg,500,375,121119,6465af9a22b0b029646a5e30bb641fad730fb786be32f2dd1d142788790ef0aa
victim,train,siamese,Siamese_30.jpg,https://raw.githubusercontent.com/ml4py/dataset-iiit-pet/master/images/Siamese_30.jpg,victim/train/siamese/Siamese_30.jpg,374,500,89120,5183f0a236a1dfd65cc6910a548fd835aebdf1239cf3019b2e399b0af3311f18
victim,train,siamese,Siamese_37.jpg,https://raw.githubusercontent.com/ml4py/dataset-iiit-pet/master/images/Siamese_37.jpg,victim/train/siamese/Siamese_37.jpg,500,333,127854,b3d314a5a4fb83b5cbbe0c9957ea1ceecc37c2d4ae2f6b3de45ceb75e3f6a3d2
victim,train,siamese,Siamese_54.jpg,https://raw.githubusercontent.com/ml4py/dataset-iiit-pet/master/images/Siamese_54.jpg,victim/train/siamese/Siamese_54.jpg,500,473,157508,c0eb67f428548f6c25533d56c9e14ced96865812d7f94f738c7f5558c63b24c6
victim,train,siamese,Siamese_60.jpg,https://raw.githubusercontent.com/ml4py/dataset-iiit-pet/master/images/Siamese_60.jpg,victim/train/siamese/Siamese_60.jpg,500,375,188115,a94af8623549fe97ebdaf72469bc4e53a62ca49b4b91145c030a94f2cb27e200
victim,train,siamese,Siamese_74.jpg,https://raw.githubusercontent.com/ml4py/dataset-iiit-pet/master/images/Siamese_74.jpg,victim/train/siamese/Siamese_74.jpg,500,280,155928,272de0506d63f8d35fb76306a894e51bba4cbac5b05e1c032bbf46c1961ddae7
victim,train,siamese,Siamese_81.jpg,https://raw.githubusercontent.com/ml4py/dataset-iiit-pet/master/images/Siamese_81.jpg,victim/train/siamese/Siamese_81.jpg,375,500,96574,628d976e762cadf60f0d071d7d3215b9dd7bb2366e2655a9f1f0b838c8a61667
victim,train,siamese,Siamese_82.jpg,https://raw.githubusercontent.com/ml4py/dataset-iiit-pet/master/images/Siamese_82.jpg,victim/train/siamese/Siamese_82.jpg,500,375,101718,16c5b7f764d835fcd4d66414d6b5eb45caf7a82ce9b259577de9ee9ef656253c
victim,train,siamese,Siamese_84.jpg,https://raw.githubusercontent.com/ml4py/dataset-iiit-pet/master/images/Siamese_84.jpg,victim/train/siamese/Siamese_84.jpg,500,349,77912,6f5ce0277d35f1bfd3c5dc9d917a7cabd7b5c147575874641321c240a754e759
victim,train,siamese,Siamese_86.jpg,https://raw.githubusercontent.com/ml4py/dataset-iiit-pet/master/images/Siamese_86.jpg,victim/train/siamese/Siamese_86.jpg,500,375,121915,0c11020ff1f9f96fdf4469e8d70f05b12f9258b39204892592cb930069558f79
victim,train,siamese,Siamese_88.jpg,https://raw.githubusercontent.com/ml4py/dataset-iiit-pet/master/images/Siamese_88.jpg,victim/train/siamese/Siamese_88.jpg,375,500,105506,8a56f2e7d8f78f1099aefd8a34276ba95e03c02a62b20ad74750168494b95c50
victim,train,siamese,Siamese_9.jpg,https://raw.githubusercontent.com/ml4py/dataset-iiit-pet/master/images/Siamese_9.jpg,victim/train/siamese/Siamese_9.jpg,600,798,77042,cdfb8b6ff4c934f52358d08db32c77dd6de35a7b42520093388c8fd0452d42b7
victim,train,siamese,Siamese_98.jpg,https://raw.githubusercontent.com/ml4py/dataset-iiit-pet/master/images/Siamese_98.jpg,victim/train/siamese/Siamese_98.jpg,474,500,120050,76d08b08cbb646bf1236ace360599a166d792f20dd51be1b294e8327c0ac8f89
victim,train,siamese,Siamese_99.jpg,https://raw.githubusercontent.com/ml4py/dataset-iiit-pet/master/images/Siamese_99.jpg,victim/train/siamese/Siamese_99.jpg,500,388,87391,6d66cc71dc1e8aa35c3941bc10c81a4195b20cae07ad80394c5b252ea503f7ae
victim,val,beagle,beagle_107.jpg,https://raw.githubusercontent.com/ml4py/dataset-iiit-pet/master/images/beagle_107.jpg,victim/val/beagle/beagle_107.jpg,500,361,82009,5ce6202afb65386e869e35cd47aa0cb3f3f4aba1c3e2777e03dd6466597dcae1
victim,val,beagle,beagle_118.jpg,https://raw.githubusercontent.com/ml4py/dataset-iiit-pet/master/images/beagle_118.jpg,victim/val/beagle/beagle_118.jpg,500,336,79371,00f97e8b2777118b814a1b6f8eab6819ac47b7c8078e2ba160da8078f06f16a3
victim,val,beagle,beagle_160.jpg,https://raw.githubusercontent.com/ml4py/dataset-iiit-pet/master/images/beagle_160.jpg,victim/val/beagle/beagle_160.jpg,500,375,114774,3c39ac142c79f5b29a812cba9c604484f750ec11599b5e4783822df018cdde65
victim,val,beagle,beagle_161.jpg,https://raw.githubusercontent.com/ml4py/dataset-iiit-pet/master/images/beagle_161.jpg,victim/val/beagle/beagle_161.jpg,500,333,91115,e1d011ffda1d3bb71034447623f56869883a14fdbcd40aed88b8457ed41d8897
victim,val,beagle,beagle_183.jpg,https://raw.githubusercontent.com/ml4py/dataset-iiit-pet/master/images/beagle_183.jpg,victim/val/beagle/beagle_183.jpg,500,400,96816,52cabb3d9efbe32d328e39b740e4dfe5117eff03849ff3a41b13352e46799de0
victim,val,beagle,beagle_204.jpg,https://raw.githubusercontent.com/ml4py/dataset-iiit-pet/master/images/beagle_204.jpg,victim/val/beagle/beagle_204.jpg,500,309,65048,1f12c382e34dda80b8456ec31a76c01383992732db32732f91c4643881a8a231
victim,val,beagle,beagle_46.jpg,https://raw.githubusercontent.com/ml4py/dataset-iiit-pet/master/images/beagle_46.jpg,victim/val/beagle/beagle_46.jpg,500,328,81964,efc3820beb8211b4e6787da4d8a0c702bc20117914c7ca4b50405ec18faa3f07
victim,val,beagle,beagle_57.jpg,https://raw.githubusercontent.com/ml4py/dataset-iiit-pet/master/images/beagle_57.jpg,victim/val/beagle/beagle_57.jpg,334,500,111158,8bad3d615afbd8ff468732956a4fbc51664675455f2819223958aa713122807d
victim,val,beagle,beagle_74.jpg,https://raw.githubusercontent.com/ml4py/dataset-iiit-pet/master/images/beagle_74.jpg,victim/val/beagle/beagle_74.jpg,500,375,177080,33de73c7b08f40d934591a606f6067b7767396c0f7dec8851176fcaca19e5907
victim,val,beagle,beagle_96.jpg,https://raw.githubusercontent.com/ml4py/dataset-iiit-pet/master/images/beagle_96.jpg,victim/val/beagle/beagle_96.jpg,500,375,106150,3f39f822f4c5fd7ee4f0375ae34f20c883e4113ab6ee75d300b1e158cc4970ef
victim,val,bengal,Bengal_108.jpg,https://raw.githubusercontent.com/ml4py/dataset-iiit-pet/master/images/Bengal_108.jpg,victim/val/bengal/Bengal_108.jpg,500,375,175433,789f5b5ddd72f35939f7b882a17a07ef01ed1e1431439a917b945b09aeb60180
victim,val,bengal,Bengal_121.jpg,https://raw.githubusercontent.com/ml4py/dataset-iiit-pet/master/images/Bengal_121.jpg,victim/val/bengal/Bengal_121.jpg,500,375,131968,5ad749aa8448cbdecba12cf32a45751a9b7e6c638fc979cd20531a06b1f39f8d
victim,val,bengal,Bengal_196.jpg,https://raw.githubusercontent.com/ml4py/dataset-iiit-pet/master/images/Bengal_196.jpg,victim/val/bengal/Bengal_196.jpg,399,313,26932,20a591a408ebd1e59212a0d8b5a1d94cc52a1d5f5ee28fdbdbf703719135c871
victim,val,bengal,Bengal_29.jpg,https://raw.githubusercontent.com/ml4py/dataset-iiit-pet/master/images/Bengal_29.jpg,victim/val/bengal/Bengal_29.jpg,500,500,192199,92fa4a42b26922dcf92773da838a005adbddb0d5df3bec6189ca06800c9ab61e
victim,val,bengal,Bengal_30.jpg,https://raw.githubusercontent.com/ml4py/dataset-iiit-pet/master/images/Bengal_30.jpg,victim/val/bengal/Bengal_30.jpg,333,500,140275,d6b31d2c08c0a34f9a289f90a5fc64b43c96cc0566462aa7335a136d0d267c7d
victim,val,bengal,Bengal_51.jpg,https://raw.githubusercontent.com/ml4py/dataset-iiit-pet/master/images/Bengal_51.jpg,victim/val/bengal/Bengal_51.jpg,500,333,113757,da99fcd27eeb7f3b8eddb96009627a8be9d5b9d6fdf5a71f780cd61f5803abee
victim,val,bengal,Bengal_67.jpg,https://raw.githubusercontent.com/ml4py/dataset-iiit-pet/master/images/Bengal_67.jpg,victim/val/bengal/Bengal_67.jpg,375,500,102041,53ca870191c1ea9ce9d34c838563df917eb3173d17f3a03d1b84bba3a58f0ecc
victim,val,bengal,Bengal_71.jpg,https://raw.githubusercontent.com/ml4py/dataset-iiit-pet/master/images/Bengal_71.jpg,victim/val/bengal/Bengal_71.jpg,500,377,102497,113cb383d3058a122824f4d6f2787ecc3e7d8a7ac0c7187f0914cc47c2ed252b
victim,val,bengal,Bengal_73.jpg,https://raw.githubusercontent.com/ml4py/dataset-iiit-pet/master/images/Bengal_73.jpg,victim/val/bengal/Bengal_73.jpg,500,375,134121,d182c26dc2456acbb964c96dce4753f95b59e12e8da2895ae8b5dc1c902e33b8
victim,val,bengal,Bengal_98.jpg,https://raw.githubusercontent.com/ml4py/dataset-iiit-pet/master/images/Bengal_98.jpg,victim/val/bengal/Bengal_98.jpg,333,500,206644,eabffcc718524fceffce061b2121bab272525d6cadd878836910f1bee910a924
victim,val,pug,pug_133.jpg,https://raw.githubusercontent.com/ml4py/dataset-iiit-pet/master/images/pug_133.jpg,victim/val/pug/pug_133.jpg,199,300,9394,775b42deea845a45edb48ca721366bda60d292bd030edf7820d73fc80007f4b0
victim,val,pug,pug_137.jpg,https://raw.githubusercontent.com/ml4py/dataset-iiit-pet/master/images/pug_137.jpg,victim/val/pug/pug_137.jpg,199,300,10451,16c7216b7ed9407a799914cae00e15fabfe08344ae6ca1f35ee6e28a012ef337
victim,val,pug,pug_147.jpg,https://raw.githubusercontent.com/ml4py/dataset-iiit-pet/master/images/pug_147.jpg,victim/val/pug/pug_147.jpg,300,224,10195,bd72d69114a9a188727563d36f0c90553dacaf5189653c9a61ff58df881074fb
victim,val,pug,pug_155.jpg,https://raw.githubusercontent.com/ml4py/dataset-iiit-pet/master/images/pug_155.jpg,victim/val/pug/pug_155.jpg,300,225,8911,886f786cdd8e4236876e1c389a578ae5c1cc9c556732255d1050baae1888bba6
victim,val,pug,pug_159.jpg,https://raw.githubusercontent.com/ml4py/dataset-iiit-pet/master/images/pug_159.jpg,victim/val/pug/pug_159.jpg,300,225,13055,844f58a47c048a964b3fbf2fc8befa1d222fb9f4b9564a656a2d774e71a7beaf
victim,val,pug,pug_16.jpg,https://raw.githubusercontent.com/ml4py/dataset-iiit-pet/master/images/pug_16.jpg,victim/val/pug/pug_16.jpg,500,375,135600,e384e56c06dbbde0f7b5f3ecff556609cd1e7f87aa18b8b42fbc292a6ceddde5
victim,val,pug,pug_200.jpg,https://raw.githubusercontent.com/ml4py/dataset-iiit-pet/master/images/pug_200.jpg,victim/val/pug/pug_200.jpg,300,225,9518,01d77ca5deff13d7ba09e45e41acbd5ef80ec4fb32886e7fbbf6afa578e04ffa
victim,val,pug,pug_203.jpg,https://raw.githubusercontent.com/ml4py/dataset-iiit-pet/master/images/pug_203.jpg,victim/val/pug/pug_203.jpg,300,225,12707,49063fcd400ee7e7aeb5ba52a88afc1d7e5eed6deb12451feae84b47cdd4e125
victim,val,pug,pug_38.jpg,https://raw.githubusercontent.com/ml4py/dataset-iiit-pet/master/images/pug_38.jpg,victim/val/pug/pug_38.jpg,333,500,107321,64f001c683cb7e6372072f1ab96a2a1fb9dc3148ec7782291c3f8198dd45f88c
victim,val,pug,pug_53.jpg,https://raw.githubusercontent.com/ml4py/dataset-iiit-pet/master/images/pug_53.jpg,victim/val/pug/pug_53.jpg,333,500,112502,5615e6c8c64e68614e3cb33fb8f1ab941e9b5f97cfa5a34894688782232d1005
victim,val,samoyed,samoyed_1.jpg,https://raw.githubusercontent.com/ml4py/dataset-iiit-pet/master/images/samoyed_1.jpg,victim/val/samoyed/samoyed_1.jpg,500,333,72748,bd4e21a39dc2af6d3c94b09e69c1d4c1c6e0738fc73b8b0885057451cf85ee54
victim,val,samoyed,samoyed_110.jpg,https://raw.githubusercontent.com/ml4py/dataset-iiit-pet/master/images/samoyed_110.jpg,victim/val/samoyed/samoyed_110.jpg,500,333,83129,79d04f00cd52d112d7dcb1b06f6bf68539a2d2e00955ea4b152ae1433e9f844e
victim,val,samoyed,samoyed_111.jpg,https://raw.githubusercontent.com/ml4py/dataset-iiit-pet/master/images/samoyed_111.jpg,victim/val/samoyed/samoyed_111.jpg,500,333,81972,0596ee42a137bd585bacb7a536bb31b18337d73333b5201e4554626009b3c11f
victim,val,samoyed,samoyed_112.jpg,https://raw.githubusercontent.com/ml4py/dataset-iiit-pet/master/images/samoyed_112.jpg,victim/val/samoyed/samoyed_112.jpg,500,366,90618,22390c05355bfe0d812f305e269967c6ff8a8089cdc4f0e114c3bf90cd5fde26
victim,val,samoyed,samoyed_129.jpg,https://raw.githubusercontent.com/ml4py/dataset-iiit-pet/master/images/samoyed_129.jpg,victim/val/samoyed/samoyed_129.jpg,333,500,107591,1719cef557a0e1656acc87df9d5471f82356f777f2608df952503aba4eecaf89
victim,val,samoyed,samoyed_194.jpg,https://raw.githubusercontent.com/ml4py/dataset-iiit-pet/master/images/samoyed_194.jpg,victim/val/samoyed/samoyed_194.jpg,375,500,83353,2d2bcbb35d6a261a3d97276e30e2ae20ccbd44ea81e80ed66e451ac85b500493
victim,val,samoyed,samoyed_36.jpg,https://raw.githubusercontent.com/ml4py/dataset-iiit-pet/master/images/samoyed_36.jpg,victim/val/samoyed/samoyed_36.jpg,375,500,105445,6df68a152d6bdef54f4176b41a403c65c1e16f355f940399edc6c3658d76a2bf
victim,val,samoyed,samoyed_42.jpg,https://raw.githubusercontent.com/ml4py/dataset-iiit-pet/master/images/samoyed_42.jpg,victim/val/samoyed/samoyed_42.jpg,500,333,114621,8693760dc763a4e3376c75c0f541e9a694c0ce1bb8e33a497ad6f9b9a082cc76
victim,val,samoyed,samoyed_89.jpg,https://raw.githubusercontent.com/ml4py/dataset-iiit-pet/master/images/samoyed_89.jpg,victim/val/samoyed/samoyed_89.jpg,334,500,96160,5cb92babf300679d925053fc06b81f99f8eaf8bdcdd89f3111f09e55db4e2589
victim,val,samoyed,samoyed_95.jpg,https://raw.githubusercontent.com/ml4py/dataset-iiit-pet/master/images/samoyed_95.jpg,victim/val/samoyed/samoyed_95.jpg,375,500,147655,0ae8126cc7747c0b12285464a733a63f313bbfdd7421671ae7598f32aab1441a
victim,val,siamese,Siamese_111.jpg,https://raw.githubusercontent.com/ml4py/dataset-iiit-pet/master/images/Siamese_111.jpg,victim/val/siamese/Siamese_111.jpg,375,500,116044,01d13dd8226d3aac54fe82de366597b9b469ae5f2cbf424e7c8462f86b4c8960
victim,val,siamese,Siamese_126.jpg,https://raw.githubusercontent.com/ml4py/dataset-iiit-pet/master/images/Siamese_126.jpg,victim/val/siamese/Siamese_126.jpg,375,500,130873,cc083a5873ada3b5c11d004eae355fc91990e2f9d001f3c3871b67f63ab42a72
victim,val,siamese,Siamese_14.jpg,https://raw.githubusercontent.com/ml4py/dataset-iiit-pet/master/images/Siamese_14.jpg,victim/val/siamese/Siamese_14.jpg,500,333,98396,b91fb3c990038521061ce79d364832ffbf14123fbf8689825a2aeeb88faf0079
victim,val,siamese,Siamese_175.jpg,https://raw.githubusercontent.com/ml4py/dataset-iiit-pet/master/images/Siamese_175.jpg,victim/val/siamese/Siamese_175.jpg,500,375,129808,c977a77fb2105e2c812bdfdc5bf05383b2d8e1537a382ec94818a14cabbc99ab
victim,val,siamese,Siamese_199.jpg,https://raw.githubusercontent.com/ml4py/dataset-iiit-pet/master/images/Siamese_199.jpg,victim/val/siamese/Siamese_199.jpg,500,332,114313,73babab405e22c2851b68dc808b71ec991188e9fbdff94a9d932c278340a62a4
victim,val,siamese,Siamese_27.jpg,https://raw.githubusercontent.com/ml4py/dataset-iiit-pet/master/images/Siamese_27.jpg,victim/val/siamese/Siamese_27.jpg,333,500,82634,9ede291e299b0a17ceee88410679e0ae1f033658efb749e94048906239178986
victim,val,siamese,Siamese_51.jpg,https://raw.githubusercontent.com/ml4py/dataset-iiit-pet/master/images/Siamese_51.jpg,victim/val/siamese/Siamese_51.jpg,500,491,172763,f1323d890ed15bb5669c4dc3fa51b1194cb6d937a88fa25697c621f0f7aca1e1
victim,val,siamese,Siamese_64.jpg,https://raw.githubusercontent.com/ml4py/dataset-iiit-pet/master/images/Siamese_64.jpg,victim/val/siamese/Siamese_64.jpg,400,500,150586,b0bde5cce64ac2f904eb49a2a706dd8c154900567e1ac8adf464ced9dcadd3c9
victim,val,siamese,Siamese_66.jpg,https://raw.githubusercontent.com/ml4py/dataset-iiit-pet/master/images/Siamese_66.jpg,victim/val/siamese/Siamese_66.jpg,375,500,156920,c7e69ef655207997591f5beaaa67e9e39550b71ae3f5c7da7132d039b55dc2f5
victim,val,siamese,Siamese_76.jpg,https://raw.githubusercontent.com/ml4py/dataset-iiit-pet/master/images/Siamese_76.jpg,victim/val/siamese/Siamese_76.jpg,375,500,147713,7d58574e4840f6238a0b0a82e84f9f9a2e12b7fce58f401ef884ed3b3a8a037e
