source_file,source_url,split,label,destination,width,height,bytes,sha256
Ragdoll_195.jpg,https://raw.githubusercontent.com/ml4py/dataset-iiit-pet/master/images/Ragdoll_195.jpg,anchor,cat,workspace/data/anchors/cat/cat_anchor.jpg,500,334,91405,7a8e1ccafddaa2c27730c82543e14387855d269959f121a7adfb1a53a4ec3f67
staffordshire_bull_terrier_78.jpg,https://raw.githubusercontent.com/ml4py/dataset-iiit-pet/master/images/staffordshire_bull_terrier_78.jpg,anchor,dog,workspace/data/anchors/dog/dog_anchor.jpg,500,375,175730,1915bbffedb678683f880f613a956b7a67e1015669fb7370b156697090703405
pug_185.jpg,https://raw.githubusercontent.com/ml4py/dataset-iiit-pet/master/images/pug_185.jpg,anchor,pug,workspace/data/anchors/pug/pug_anchor.jpg,300,225,9577,8a628281418134f7aa52719f58c6dcd703c8d3f8d17d16475985eaefa60eb781
Abyssinian_137.jpg,https://raw.githubusercontent.com/ml4py/dataset-iiit-pet/master/images/Abyssinian_137.jpg,test,cat,workspace/data/dataset/test/cat/Abyssinian_137.jpg,1600,1200,184225,1a67cdd6db07950879c74455aea53463ff167c002c19d946dff8f2187fbb8469
Abyssinian_56.jpg,https://raw.githubusercontent.com/ml4py/dataset-iiit-pet/master/images/Abyssinian_56.jpg,test,cat,workspace/data/dataset/test/cat/Abyssinian_56.jpg,250,188,6641,9a52bb61f893bea36b42f804b08efcaae94e77e77fbf49a6f52e6ed4ebf7f12e
Bengal_168.jpg,https://raw.githubusercontent.com/ml4py/dataset-iiit-pet/master/images/Bengal_168.jpg,test,cat,workspace/data/dataset/test/cat/Bengal_168.jpg,300,225,12946,af612ee2300dc2bad7644d88baea8c33c313bbedc92d6f715fdfe6cf3058f182
Bengal_89.jpg,https://raw.githubusercontent.com/ml4py/dataset-iiit-pet/master/images/Bengal_89.jpg,test,cat,workspace/data/dataset/test/cat/Bengal_89.jpg,333,500,101480,26c628993c3793abad088ff38879ddf325cb96dd400ebebdc083cc746325a84f
Birman_201.jpg,https://raw.githubusercontent.com/ml4py/dataset-iiit-pet/master/images/Birman_201.jpg,test,cat,workspace/data/dataset/test/cat/Birman_201.jpg,600,400,25669,e12a9fd5b5936370f6f7227225780ce3cfa9ebd82b5890622ec5b4de6a6e33eb
British_Shorthair_158.jpg,https://raw.githubusercontent.com/ml4py/dataset-iiit-pet/master/images/British_Shorthair_158.jpg,test,cat,workspace/data/dataset/test/cat/British_Shorthair_158.jpg,500,332,90039,5f70bafabe4196b52d83a3ce86cd49e471bff2a51b04323bd347c5f5c7b1dbc2
British_Shorthair_58.jpg,https://raw.githubusercontent.com/ml4py/dataset-iiit-pet/master/images/British_Shorthair_58.jpg,test,cat,workspace/data/dataset/test/cat/British_Shorthair_58.jpg,375,500,79290,333e715b8d7b02694b196c87c88784262fc5df7f1b524c34fe79b45c05d1b4d3
British_Shorthair_61.jpg,https://raw.githubusercontent.com/ml4py/dataset-iiit-pet/master/images/British_Shorthair_61.jpg,test,cat,workspace/data/dataset/test/cat/British_Shorthair_61.jpg,375,500,111087,6f3052334f3b959254bf3c54f51ef3872def0690b65a6cdeba88c4507a8960f6
British_Shorthair_62.jpg,https://raw.githubusercontent.com/ml4py/dataset-iiit-pet/master/images/British_Shorthair_62.jpg,test,cat,workspace/data/dataset/test/cat/British_Shorthair_62.jpg,500,333,100789,7c7fe0508eb22020a5fa0c0068288be5400ef624d08cea00c8dc7265154c203a
British_Shorthair_66.jpg,https://raw.githubusercontent.com/ml4py/dataset-iiit-pet/master/images/British_Shorthair_66.jpg,test,cat,workspace/data/dataset/test/cat/British_Shorthair_66.jpg,500,333,98596,9efa8069af1860c64de2e8fcc04d384a80131621717c19b23ea74e54fad6545e
Maine_Coon_109.jpg,https://raw.githubusercontent.com/ml4py/dataset-iiit-pet/master/images/Maine_Coon_109.jpg,test,cat,workspace/data/dataset/test/cat/Maine_Coon_109.jpg,500,333,70454,42d7cf4e451d954883dd670eeb727fe382289414ccc52a764b84fd2ff8d0b8ff
Maine_Coon_205.jpg,https://raw.githubusercontent.com/ml4py/dataset-iiit-pet/master/images/Maine_Coon_205.jpg,test,cat,workspace/data/dataset/test/cat/Maine_Coon_205.jpg,330,500,82057,6309df7795a33fdd660aa94af77668acba56b920c4ddc3a8179c7716b94d5fa4
Maine_Coon_80.jpg,https://raw.githubusercontent.com/ml4py/dataset-iiit-pet/master/images/Maine_Coon_80.jpg,test,cat,workspace/data/dataset/test/cat/Maine_Coon_80.jpg,375,500,111991,06036aedcd9514d7c87e6f0c29fd6fa0c63666db9d4c9367d6fe3232cfd81878
Persian_150.jpg,https://raw.githubusercontent.com/ml4py/dataset-iiit-pet/master/images/Persian_150.jpg,test,cat,workspace/data/dataset/test/cat/Persian_150.jpg,333,500,99753,af8a32bd114aedec735e1385b7e8a8a347ec9a0171787f0bbb7b5de49dcb7572
Persian_41.jpg,https://raw.githubusercontent.com/ml4py/dataset-iiit-pet/master/images/Persian_41.jpg,test,cat,workspace/data/dataset/test/cat/Persian_41.jpg,500,333,136985,669562f3391d875a72b40ec70274292fe7e4d827270b83a578d7632f4ea84604
Ragdoll_136.jpg,https://raw.githubusercontent.com/ml4py/dataset-iiit-pet/master/images/Ragdoll_136.jpg,test,cat,workspace/data/dataset/test/cat/Ragdoll_136.jpg,500,449,134167,70c0930a3170ae047e656d518138ac7151259c9ab052729b8b222c567b7373dd
Russian_Blue_133.jpg,https://raw.githubusercontent.com/ml4py/dataset-iiit-pet/master/images/Russian_Blue_133.jpg,test,cat,workspace/data/dataset/test/cat/Russian_Blue_133.jpg,500,333,96881,3de7a7e76117e1dd0e58e737254e22b65dd73d60ddfcd41f6b6d218b1a89db45
Russian_Blue_162.jpg,https://raw.githubusercontent.com/ml4py/dataset-iiit-pet/master/images/Russian_Blue_162.jpg,test,cat,workspace/data/dataset/test/cat/Russian_Blue_162.jpg,333,500,87498,c9073702b3fce293924fcda9abab0fa37343f74595cdbbb01b4697a216d5f59c
Russian_Blue_185.jpg,https://raw.githubusercontent.com/ml4py/dataset-iiit-pet/master/images/Russian_Blue_185.jpg,test,cat,workspace/data/dataset/test/cat/Russian_Blue_185.jpg,355,500,95940,976d8f878957c5d5488da16cc080cb5ac6078cc7bc2f4ca533860b63bb7e3f17
Siamese_103.jpg,https://raw.githubusercontent.com/ml4py/dataset-iiit-pet/master/images/Siamese_103.jpg,test,cat,workspace/data/dataset/test/cat/Siamese_103.jpg,500,310,75741,bc031ee32bdd36922294ad970712506b92fa271e080e963bde431d137dd7a9ee
Siamese_23.jpg,https://raw.githubusercontent.com/ml4py/dataset-iiit-pet/master/images/Siamese_23.jpg,test,cat,workspace/data/dataset/test/cat/Siamese_23.jpg,500,466,90093,ce7bf513e7793910927a54c508759a1f0932c0a4813c807d23193e1633c38fe8
Siamese_37.jpg,https://raw.githubusercontent.com/ml4py/dataset-iiit-pet/master/images/Siamese_37.jpg,test,cat,workspace/data/dataset/test/cat/Siamese_37.jpg,500,333,127854,b3d314a5a4fb83b5cbbe0c9957ea1ceecc37c2d4ae2f6b3de45ceb75e3f6a3d2
Siamese_95.jpg,https://raw.githubusercontent.com/ml4py/dataset-iiit-pet/master/images/Siamese_95.jpg,test,cat,workspace/data/dataset/test/cat/Siamese_95.jpg,500,375,123635,743c2f550b2d8f0e5034e137dd8f00c7f731155bc68102ca0c0ef63b7da43291
Sphynx_40.jpg,https://raw.githubusercontent.com/ml4py/dataset-iiit-pet/master/images/Sphynx_40.jpg,test,cat,workspace/data/dataset/test/cat/Sphynx_40.jpg,429,500,111962,5bc56a03feb41956c08629e75272fe92fc1adf336fe40f87b74339a92bb2e2f7
american_bulldog_173.jpg,https://raw.githubusercontent.com/ml4py/dataset-iiit-pet/master/images/american_bulldog_173.jpg,test,dog,workspace/data/dataset/test/dog/american_bulldog_173.jpg,500,333,63192,0bd976f70f7aec6cfb3d3928ac7114d13beebd6d9ba13591f602f0e99a981d52
basset_hound_52.jpg,https://raw.githubusercontent.com/ml4py/dataset-iiit-pet/master/images/basset_hound_52.jpg,test,dog,workspace/data/dataset/test/dog/basset_hound_52.jpg,500,313,159079,046e7356a076032f25a3e8ea6e1d81f2ea4ac1e26dca631ce4c7aa04b3b2401e
beagle_23.jpg,https://raw.githubusercontent.com/ml4py/dataset-iiit-pet/master/images/beagle_23.jpg,test,dog,workspace/data/dataset/test/dog/beagle_23.jpg,500,335,105864,bda9ff9f33062013a53a6971466b6896dda8637732e725587f04e32918b22970
boxer_57.jpg,https://raw.githubusercontent.com/ml4py/dataset-iiit-pet/master/images/boxer_57.jpg,test,dog,workspace/data/dataset/test/dog/boxer_57.jpg,337,500,105004,6e099dda72d488f19f642009ad11cf59c0ab8a033b43380b7e3a5834cb56c20a
german_shorthaired_6.jpg,https://raw.githubusercontent.com/ml4py/dataset-iiit-pet/master/images/german_shorthaired_6.jpg,test,dog,workspace/data/dataset/test/dog/german_shorthaired_6.jpg,334,500,134390,54fd7c2aeec58f09bff5951df6037ef57d94853e59c53fcfc0d931f1fbd33755
great_pyrenees_157.jpg,https://raw.githubusercontent.com/ml4py/dataset-iiit-pet/master/images/great_pyrenees_157.jpg,test,dog,workspace/data/dataset/test/dog/great_pyrenees_157.jpg,500,412,74291,779890c25ebb891e55b9f534ad94effd4951479ffbe12089076b106c253eddd0
japanese_chin_168.jpg,https://raw.githubusercontent.com/ml4py/dataset-iiit-pet/master/images/japanese_chin_168.jpg,test,dog,workspace/data/dataset/test/dog/japanese_chin_168.jpg,334,500,59818,424157c85dc02a8ce53275b629fe1f07d3d7ac6526e26c5bc214a8fd72dfe7f4
japanese_chin_78.jpg,https://raw.githubusercontent.com/ml4py/dataset-iiit-pet/master/images/japanese_chin_78.jpg,test,dog,workspace/data/dataset/test/dog/japanese_chin_78.jpg,500,375,81051,988d4eb3fd0174d10c9e85a2987801989893416239dabcc84165dbb182d43619
keeshond_145.jpg,https://raw.githubusercontent.com/ml4py/dataset-iiit-pet/master/images/keeshond_145.jpg,test,dog,workspace/data/dataset/test/dog/keeshond_145.jpg,333,500,84052,544433560f49b5cf29b8c6e1c1d34732d342980fb421dd5ede8da0899ec005ee
keeshond_78.jpg,https://raw.githubusercontent.com/ml4py/dataset-iiit-pet/master/images/keeshond_78.jpg,test,dog,workspace/data/dataset/test/dog/keeshond_78.jpg,320,480,42162,c41e38fc4f7654d88e4f5c3382d0f3ee2a32816d3cb69b2fca5c3111d0830464
keeshond_99.jpg,https://raw.githubusercontent.com/ml4py/dataset-iiit-pet/master/images/keeshond_99.jpg,test,dog,workspace/data/dataset/test/dog/keeshond_99.jpg,500,375,108970,9cb7b0dfd123c5ca7caddae6c7186ec0eda58bbc1ad812ebbd5d95f256aecda0
newfoundland_196.jpg,https://raw.githubusercontent.com/ml4py/dataset-iiit-pet/master/images/newfoundland_196.jpg,test,dog,workspace/data/dataset/test/dog/newfoundland_196.jpg,500,333,88614,f2364b6bbbad07f4aaa7ef85531839d7e1dedb6fe139613a632539b550be2e0b
saint_bernard_141.jpg,https://raw.githubusercontent.com/ml4py/dataset-iiit-pet/master/images/saint_bernard_141.jpg,test,dog,workspace/data/dataset/test/dog/saint_bernard_141.jpg,500,375,159064,c9cf5c1a2de6ba6a090256a26b31d6efb62cb5c610b3ce211f629e309bc76d32
saint_bernard_197.jpg,https://raw.githubusercontent.com/ml4py/dataset-iiit-pet/master/images/saint_bernard_197.jpg,test,dog,workspace/data/dataset/test/dog/saint_bernard_197.jpg,500,375,155940,566c0702da5ce49a1869274c8d3688d10a82b054ec1b631fb5ae812129f9e3d2
saint_bernard_87.jpg,https://raw.githubusercontent.com/ml4py/dataset-iiit-pet/master/images/saint_bernard_87.jpg,test,dog,workspace/data/dataset/test/dog/saint_bernard_87.jpg,500,375,145597,263435190094865e48721eda01f280ff238a17b2cf17cfc5614c32e04cfe793f
samoyed_172.jpg,https://raw.githubusercontent.com/ml4py/dataset-iiit-pet/master/images/samoyed_172.jpg,test,dog,workspace/data/dataset/test/dog/samoyed_172.jpg,500,375,94474,5539afdd7fca2585710dbe428467bbde68e4aa2cdb545977b88fa4be54ffa75d
samoyed_199.jpg,https://raw.githubusercontent.com/ml4py/dataset-iiit-pet/master/images/samoyed_199.jpg,test,dog,workspace/data/dataset/test/dog/samoyed_199.jpg,333,500,110262,15c1bb04f7e1fb8f27b090aba645cf2c808b8a18282dd663a477ea9d161035e4
scottish_terrier_19.jpg,https://raw.githubusercontent.com/ml4py/dataset-iiit-pet/master/images/scottish_terrier_19.jpg,test,dog,workspace/data/dataset/test/dog/scottish_terrier_19.jpg,500,333,112171,867fd236cd7cca726a8adf7836d3e269f3a66b45ea91df7f9f4580c5f13a696a
shiba_inu_140.jpg,https://raw.githubusercontent.com/ml4py/dataset-iiit-pet/master/images/shiba_inu_140.jpg,test,dog,workspace/data/dataset/test/dog/shiba_inu_140.jpg,500,395,76535,2d8706709c3bd0fb8c20ded24c927533fc7d3b32037c0152837f2dc967b5c037
shiba_inu_25.jpg,https://raw.githubusercontent.com/ml4py/dataset-iiit-pet/master/images/shiba_inu_25.jpg,test,dog,workspace/data/dataset/test/dog/shiba_inu_25.jpg,500,333,170614,090abe3813e745840a8fa74ef727315e1e2387712ee2e56bfa059c6a3815ca17
shiba_inu_32.jpg,https://raw.githubusercontent.com/ml4py/dataset-iiit-pet/master/images/shiba_inu_32.jpg,test,dog,workspace/data/dataset/test/dog/shiba_inu_32.jpg,375,500,86219,ccb796d04715d1a30b1fbb916bbb8ecd6df2b7fe5731882db31be1afcb84134e
wheaten_terrier_108.jpg,https://raw.githubusercontent.com/ml4py/dataset-iiit-pet/master/images/wheaten_terrier_108.jpg,test,dog,workspace/data/dataset/test/dog/wheaten_terrier_108.jpg,333,500,140237,5c98b453b7db6b9ce19ed1e47acafac213f2543f6db3beb2d5c4b9fcaca28f1e
wheaten_terrier_22.jpg,https://raw.githubusercontent.com/ml4py/dataset-iiit-pet/master/images/wheaten_terrier_22.jpg,test,dog,workspace/data/dataset/test/dog/wheaten_terrier_22.jpg,500,333,135252,dc1a3cc746c3af390d37456315dbf35a2a6130a31a449382ccdf4e1fd2d898ed
yorkshire_terrier_145.jpg,https://raw.githubusercontent.com/ml4py/dataset-iiit-pet/master/images/yorkshire_terrier_145.jpg,test,dog,workspace/data/dataset/test/dog/yorkshire_terrier_145.jpg,300,225,11689,7164eeea2704309bde3c751e7903a39a6e47b81cfd0d0975866fc497e1f6db01
pug_101.jpg,https://raw.githubusercontent.com/ml4py/dataset-iiit-pet/master/images/pug_101.jpg,test,pug,workspace/data/dataset/test/pug/pug_101.jpg,500,333,69489,5a17500cca23f72e220aff2e5fa11d2ac7b2ccb17591e3cbf7e7ee8774a0666a
pug_106.jpg,https://raw.githubusercontent.com/ml4py/dataset-iiit-pet/master/images/pug_106.jpg,test,pug,workspace/data/dataset/test/pug/pug_106.jpg,375,500,155272,ba53f6801b644e2fd16f297156508c9938c7fc0f8f2b8267b0aba9a2699e6295
pug_107.jpg,https://raw.githubusercontent.com/ml4py/dataset-iiit-pet/master/images/pug_107.jpg,test,pug,workspace/data/dataset/test/pug/pug_107.jpg,375,500,117119,c1391cb9c11ab1faf74e53f690cdfd34c04139968956b0c3160e022021927502
pug_111.jpg,https://raw.githubusercontent.com/ml4py/dataset-iiit-pet/master/images/pug_111.jpg,test,pug,workspace/data/dataset/test/pug/pug_111.jpg,445,500,110740,d117e9e474bd291e266a54949bfd897265c823529ce2609b0840368f81a3aac8
pug_120.jpg,https://raw.githubusercontent.com/ml4py/dataset-iiit-pet/master/images/pug_120.jpg,test,pug,workspace/data/dataset/test/pug/pug_120.jpg,500,375,127933,68332daab0389c892e9fd3c2e0437366e91dc519af59f03ce42d0e012310e996
pug_121.jpg,https://raw.githubusercontent.com/ml4py/dataset-iiit-pet/master/images/pug_121.jpg,test,pug,workspace/data/dataset/test/pug/pug_121.jpg,300,222,11382,ca8640481e019d3b4d7f68399ef10d2f10fc85b6fc711c38d2f11d9a0dbf9000
pug_133.jpg,https://raw.githubusercontent.com/ml4py/dataset-iiit-pet/master/images/pug_133.jpg,test,pug,workspace/data/dataset/test/pug/pug_133.jpg,199,300,9394,775b42deea845a45edb48ca721366bda60d292bd030edf7820d73fc80007f4b0
pug_134.jpg,https://raw.githubusercontent.com/ml4py/dataset-iiit-pet/master/images/pug_134.jpg,test,pug,workspace/data/dataset/test/pug/pug_134.jpg,300,225,9729,241242649d0aca56c243b9a8aa894c4c08fa2e988be965623127a5e052b008b5
pug_139.jpg,https://raw.githubusercontent.com/ml4py/dataset-iiit-pet/master/images/pug_139.jpg,test,pug,workspace/data/dataset/test/pug/pug_139.jpg,300,235,11432,751740b8e9551b62f253f7edd18b3ce46dde3ac3b5725a122343d5f7696fdc70
pug_150.jpg,https://raw.githubusercontent.com/ml4py/dataset-iiit-pet/master/images/pug_150.jpg,test,pug,workspace/data/dataset/test/pug/pug_150.jpg,300,185,9019,042b167d70c15eab5003f82c0c93608724543cb85f96db5a9be6f23ef71ce9a3
pug_161.jpg,https://raw.githubusercontent.com/ml4py/dataset-iiit-pet/master/images/pug_161.jpg,test,pug,workspace/data/dataset/test/pug/pug_161.jpg,300,281,12619,d294cef6aec3d5dc6f9791f5f64d8ccf7678ee0ee17e6972aad9dbb967ce3398
pug_183.jpg,https://raw.githubusercontent.com/ml4py/dataset-iiit-pet/master/images/pug_183.jpg,test,pug,workspace/data/dataset/test/pug/pug_183.jpg,279,300,15855,ce713a08987f093222081a5b0463c0a94d2228251bc85775b231b68c08edd05c
pug_194.jpg,https://raw.githubusercontent.com/ml4py/dataset-iiit-pet/master/images/pug_194.jpg,test,pug,workspace/data/dataset/test/pug/pug_194.jpg,300,226,10393,024064c424b8f47a8f8e52e1d7878b616725b6f768012dfa1584b20c10bf30e6
pug_197.jpg,https://raw.githubusercontent.com/ml4py/dataset-iiit-pet/master/images/pug_197.jpg,test,pug,workspace/data/dataset/test/pug/pug_197.jpg,256,256,20348,29c011e30a770c5f8754ea8d714342c72357e363d4d11347dcac278e63b87920
pug_24.jpg,https://raw.githubusercontent.com/ml4py/dataset-iiit-pet/master/images/pug_24.jpg,test,pug,workspace/data/dataset/test/pug/pug_24.jpg,500,333,98824,3ce97783d49dc610c30e697907aa082918f6de647bcd8af29bc0795196c63169
pug_43.jpg,https://raw.githubusercontent.com/ml4py/dataset-iiit-pet/master/images/pug_43.jpg,test,pug,workspace/data/dataset/test/pug/pug_43.jpg,500,333,101986,6763b56712c76db333ad566e8b4bbe3ca68f89e35740d4f5dc599905bc4da380
pug_52.jpg,https://raw.githubusercontent.com/ml4py/dataset-iiit-pet/master/images/pug_52.jpg,test,pug,workspace/data/dataset/test/pug/pug_52.jpg,500,333,113842,09a4b72d07697012e4084ee287f33b1e9e72c7faeb354540fde0176e545c044b
pug_54.jpg,https://raw.githubusercontent.com/ml4py/dataset-iiit-pet/master/images/pug_54.jpg,test,pug,workspace/data/dataset/test/pug/pug_54.jpg,500,333,111420,190c262153abb35d1cdd9980b5404f6bb4379b016a46beeff87d2529db1912fc
pug_56.jpg,https://raw.githubusercontent.com/ml4py/dataset-iiit-pet/master/images/pug_56.jpg,test,pug,workspace/data/dataset/test/pug/pug_56.jpg,308,421,69408,f59260de3cce652fedfcf1a4025934049a7cea1d77d40bc83cdf131e2ac33191
pug_62.jpg,https://raw.githubusercontent.com/ml4py/dataset-iiit-pet/master/images/pug_62.jpg,test,pug,workspace/data/dataset/test/pug/pug_62.jpg,500,375,110958,4e5e20ce973ceb5547b8bc181898168e1e76e3a5765ae3271f130307de26f91d
pug_69.jpg,https://raw.githubusercontent.com/ml4py/dataset-iiit-pet/master/images/pug_69.jpg,test,pug,workspace/data/dataset/test/pug/pug_69.jpg,500,332,65559,821d21c5c518648e48c524955e8c2585b11288ae29e80b4b9fcb51a6f3610cdc
pug_80.jpg,https://raw.githubusercontent.com/ml4py/dataset-iiit-pet/master/images/pug_80.jpg,test,pug,workspace/data/dataset/test/pug/pug_80.jpg,500,333,149015,e0c211e04818dc0e23381fbc8681445326d74ab1eb07d6b4098d43029f6681f2
pug_86.jpg,https://raw.githubusercontent.com/ml4py/dataset-iiit-pet/master/images/pug_86.jpg,test,pug,workspace/data/dataset/test/pug/pug_86.jpg,333,500,94496,363a5e30efa111c62a32d28a10808bf42a64e751089d57063211b02776984cf3
pug_88.jpg,https://raw.githubusercontent.com/ml4py/dataset-iiit-pet/master/images/pug_88.jpg,test,pug,workspace/data/dataset/test/pug/pug_88.jpg,333,500,79258,ea40c250e84096d517acd353b4b020f76e52df6f6eb6cb22c595cf2873309a33
Abyssinian_103.jpg,https://raw.githubusercontent.com/ml4py/dataset-iiit-pet/master/images/Abyssinian_103.jpg,train,cat,workspace/data/dataset/train/cat/Abyssinian_103.jpg,500,351,132937,e248f60a0176bfb1f581d0bb35ad276220ba0dd19cb37335e833fc0f72519d66
Abyssinian_109.jpg,https://raw.githubusercontent.com/ml4py/dataset-iiit-pet/master/images/Abyssinian_109.jpg,train,cat,workspace/data/dataset/train/cat/Abyssinian_109.jpg,282,450,13601,d07a0f27a8ae70c8a7dc949456409fb4beed5b9bf2054602e617ec5a7e388ce0
Abyssinian_120.jpg,https://raw.githubusercontent.com/ml4py/dataset-iiit-pet/master/images/Abyssinian_120.jpg,train,cat,workspace/data/dataset/train/cat/Abyssinian_120.jpg,267,400,16184,99e61740ccbc524306772d02f474608feaecbe3b081109f4300bb39c0b0ca72f
Abyssinian_132.jpg,https://raw.githubusercontent.com/ml4py/dataset-iiit-pet/master/images/Abyssinian_132.jpg,train,cat,workspace/data/dataset/train/cat/Abyssinian_132.jpg,500,333,49368,8d812e4c986e5f3c186925396a5bce28990c46cbb8da9ca9b60eb333c3464acf
Abyssinian_146.jpg,https://raw.githubusercontent.com/ml4py/dataset-iiit-pet/master/images/Abyssinian_146.jpg,train,cat,workspace/data/dataset/train/cat/Abyssinian_146.jpg,333,500,66123,abc9b16bffcfaac73b5810512bf6972cd6dcb522424cbccb1bce0d62f3c4d692
Abyssinian_161.jpg,https://raw.githubusercontent.com/ml4py/dataset-iiit-pet/master/images/Abyssinian_161.jpg,train,cat,workspace/data/dataset/train/cat/Abyssinian_161.jpg,640,480,21992,24a99fe1a408c44b98d35e772da5cd51bfaf0237d7a6b24feba3b652561a7270
Abyssinian_2.jpg,https://raw.githubusercontent.com/ml4py/dataset-iiit-pet/master/images/Abyssinian_2.jpg,train,cat,workspace/data/dataset/train/cat/Abyssinian_2.jpg,600,473,32760,f85800d6ae357882e6f69e2f9acc1d88367a63454ec63896593fa9007ff40b43
Abyssinian_20.jpg,https://raw.githubusercontent.com/ml4py/dataset-iiit-pet/master/images/Abyssinian_20.jpg,train,cat,workspace/data/dataset/train/cat/Abyssinian_20.jpg,400,383,22070,f35ad43ee304c1a01ffe9b476ab79d85b5f2f0458b7df45eb2a404ac993d799f
Abyssinian_225.jpg,https://raw.githubusercontent.com/ml4py/dataset-iiit-pet/master/images/Abyssinian_225.jpg,train,cat,workspace/data/dataset/train/cat/Abyssinian_225.jpg,225,300,10530,785ef7de59449e0b4ca8e92466fc7dc45700462d51c52e7186ec16572b21fa29
Abyssinian_37.jpg,https://raw.githubusercontent.com/ml4py/dataset-iiit-pet/master/images/Abyssinian_37.jpg,train,cat,workspace/data/dataset/train/cat/Abyssinian_37.jpg,1600,1200,286542,9e41096525b0a6febdefee32f1148dbcc69f914f80aeee230c746efd991359c0
Abyssinian_82.jpg,https://raw.githubusercontent.com/ml4py/dataset-iiit-pet/master/images/Abyssinian_82.jpg,train,cat,workspace/data/dataset/train/cat/Abyssinian_82.jpg,331,449,19529,278dd95b63dc7fdcb3abca26b7fdc683efbd2fac2e9d8e6dade6a61718bb8991
Abyssinian_89.jpg,https://raw.githubusercontent.com/ml4py/dataset-iiit-pet/master/images/Abyssinian_89.jpg,train,cat,workspace/data/dataset/train/cat/Abyssinian_89.jpg,500,400,197461,ed9d8cee56b785a185da397900c3be2895b115adc361d7b4d2c54a16d58d4255
Bengal_147.jpg,https://raw.githubusercontent.com/ml4py/dataset-iiit-pet/master/images/Bengal_147.jpg,train,cat,workspace/data/dataset/train/cat/Bengal_147.jpg,225,300,9214,cf48b21e2824227fe3ac302039b2c20f5782f10cc4b60f922946262c56e60f20
Bengal_15.jpg,https://raw.githubusercontent.com/ml4py/dataset-iiit-pet/master/images/Bengal_15.jpg,train,cat,workspace/data/dataset/train/cat/Bengal_15.jpg,500,333,104324,78c516f92103aaebbb5489e620f86c15222b1a0800b87687b4c34fbded3e16e0
Bengal_152.jpg,https://raw.githubusercontent.com/ml4py/dataset-iiit-pet/master/images/Bengal_152.jpg,train,cat,workspace/data/dataset/train/cat/Bengal_152.jpg,300,225,25974,295a8c2bd0c54ea0a1b10fe6958a76d0b27b88d8edff70a091c269a14e7d70e4
Bengal_180.jpg,https://raw.githubusercontent.com/ml4py/dataset-iiit-pet/master/images/Bengal_180.jpg,train,cat,workspace/data/dataset/train/cat/Bengal_180.jpg,300,238,18717,c21add800be45399774bbd4d62628588c42e25de364c0b5955deaa52895b0fa6
Bengal_3.jpg,https://raw.githubusercontent.com/ml4py/dataset-iiit-pet/master/images/Bengal_3.jpg,train,cat,workspace/data/dataset/train/cat/Bengal_3.jpg,500,412,122768,e437eed7dd7559634d24bfbde2ea1eee1cf947d3cc27e2311060e0379211f5b2
Bengal_58.jpg,https://raw.githubusercontent.com/ml4py/dataset-iiit-pet/master/images/Bengal_58.jpg,train,cat,workspace/data/dataset/train/cat/Bengal_58.jpg,500,333,70331,f0f5f74d9bf55d2a9dd61907ff7ccb788912895dfeb1d60624ecb8e46d200e59
Bengal_83.jpg,https://raw.githubusercontent.com/ml4py/dataset-iiit-pet/master/images/Bengal_83.jpg,train,cat,workspace/data/dataset/train/cat/Bengal_83.jpg,500,375,112442,6e54bdcde39ea9a3929ad5a733a0dcd24fd9ee6c26944e7d6df748ac2dde9fe6
Bengal_88.jpg,https://raw.githubusercontent.com/ml4py/dataset-iiit-pet/master/images/Bengal_88.jpg,train,cat,workspace/data/dataset/train/cat/Bengal_88.jpg,500,335,117140,ac4199ab9f99fda5bac75af13244feb1c81ff3d503e27b0adadac7d0018664bc
Bengal_90.jpg,https://raw.githubusercontent.com/ml4py/dataset-iiit-pet/master/images/Bengal_90.jpg,train,cat,workspace/data/dataset/train/cat/Bengal_90.jpg,500,333,86274,f34aee4f35e09f751d0c7964f357eb77014b3d03aaf80866c06b7bf8f220b40e
Birman_100.jpg,https://raw.githubusercontent.com/ml4py/dataset-iiit-pet/master/images/Birman_100.jpg,train,cat,workspace/data/dataset/train/cat/Birman_100.jpg,500,334,101189,3523ff47fafa93261304a2f1db6e9610e91daffb7f958804a707ca5fa0f49863
Birman_109.jpg,https://raw.githubusercontent.com/ml4py/dataset-iiit-pet/master/images/Birman_109.jpg,train,cat,workspace/data/dataset/train/cat/Birman_109.jpg,355,500,83857,4bceb82e63806621c8d4f6394fc1286d9518c8f41e3bb33dfe217f6f84c77fe1
Birman_116.jpg,https://raw.githubusercontent.com/ml4py/dataset-iiit-pet/master/images/Birman_116.jpg,train,cat,workspace/data/dataset/train/cat/Birman_116.jpg,333,500,73233,e3e6b86885cc097002ae20ed865240a287fd51d543930717d75c80ddf3951ed6
Birman_130.jpg,https://raw.githubusercontent.com/ml4py/dataset-iiit-pet/master/images/Birman_130.jpg,train,cat,workspace/data/dataset/train/cat/Birman_130.jpg,500,344,118007,e3850f3ca67ac5c29554421024eeee2137ee9ba35a58c1ba03eb1b6e40539813
Birman_132.jpg,https://raw.githubusercontent.com/ml4py/dataset-iiit-pet/master/images/Birman_132.jpg,train,cat,workspace/data/dataset/train/cat/Birman_132.jpg,500,343,80116,104aac52f8643813150a834e395fe4efe5912de259ae49ebd75716dbb6e4ccf4
Birman_135.jpg,https://raw.githubusercontent.com/ml4py/dataset-iiit-pet/master/images/Birman_135.jpg,train,cat,workspace/data/dataset/train/cat/Birman_135.jpg,375,500,136173,6af9d09398813ac8e8585a2aaee1290ef1429236cef222a692dd19c661a9c54d
Birman_139.jpg,https://raw.githubusercontent.com/ml4py/dataset-iiit-pet/master/images/Birman_139.jpg,train,cat,workspace/data/dataset/train/cat/Birman_139.jpg,362,500,119133,9c6b7cafc6647bfe8cc042332fb740420f9917ec27fe6e94dd6d084ba6d0c459
Birman_143.jpg,https://raw.githubusercontent.com/ml4py/dataset-iiit-pet/master/images/Birman_143.jpg,train,cat,workspace/data/dataset/train/cat/Birman_143.jpg,500,333,70663,c0a73ceb48acd679df50c89c858ead758315174053a4d86f6115dfb7c9336550
Birman_148.jpg,https://raw.githubusercontent.com/ml4py/dataset-iiit-pet/master/images/Birman_148.jpg,train,cat,workspace/data/dataset/train/cat/Birman_148.jpg,500,320,94080,1e2a65bf4c2478c7c69731aaa8a74962ac10bc36cbd46645778fdd2ce5027db1
Birman_151.jpg,https://raw.githubusercontent.com/ml4py/dataset-iiit-pet/master/images/Birman_151.jpg,train,cat,workspace/data/dataset/train/cat/Birman_151.jpg,375,500,159178,157215096794be6bc3fe39350a34dd6effccdde7a4fa138c4c4985884c837da7
Birman_152.jpg,https://raw.githubusercontent.com/ml4py/dataset-iiit-pet/master/images/Birman_152.jpg,train,cat,workspace/data/dataset/train/cat/Birman_152.jpg,500,339,75143,9b8d8e0dcd2b1705f7898527076031309207e478ca2c0f867e53fb3154fcbf61
Birman_16.jpg,https://raw.githubusercontent.com/ml4py/dataset-iiit-pet/master/images/Birman_16.jpg,train,cat,workspace/data/dataset/train/cat/Birman_16.jpg,500,333,66109,7da76a093b39fb43bc9f7f7217989d2a66a76c33898b9bb5d5b72bab0539fcb2
Birman_171.jpg,https://raw.githubusercontent.com/ml4py/dataset-iiit-pet/master/images/Birman_171.jpg,train,cat,workspace/data/dataset/train/cat/Birman_171.jpg,400,500,77124,0bda09a7d7971784f28f2c6b0b6a6fe6f261e3896b729780ba521c4979edcbe7
Birman_178.jpg,https://raw.githubusercontent.com/ml4py/dataset-iiit-pet/master/images/Birman_178.jpg,train,cat,workspace/data/dataset/train/cat/Birman_178.jpg,375,500,97288,29b7f62a2dc23e224cc3768f8d003b24e9e24741e464aea47866fb967776385d
Birman_34.jpg,https://raw.githubusercontent.com/ml4py/dataset-iiit-pet/master/images/Birman_34.jpg,train,cat,workspace/data/dataset/train/cat/Birman_34.jpg,500,333,105665,e739a57a27e17d971de098fdfa92068e07a3615efc58c844a3c1b52aac02e9d1
Birman_44.jpg,https://raw.githubusercontent.com/ml4py/dataset-iiit-pet/master/images/Birman_44.jpg,train,cat,workspace/data/dataset/train/cat/Birman_44.jpg,500,375,126272,f44a11cf58c1303058333e5d855fa43ca9c0f189454b38bf5cb2db317a3efaeb
Birman_6.jpg,https://raw.githubusercontent.com/ml4py/dataset-iiit-pet/master/images/Birman_6.jpg,train,cat,workspace/data/dataset/train/cat/Birman_6.jpg,500,334,165566,fc4b53b4607a4d6269da2c27e012e9c5012a77872348dabc69ed32bc96001e7c
Birman_76.jpg,https://raw.githubusercontent.com/ml4py/dataset-iiit-pet/master/images/Birman_76.jpg,train,cat,workspace/data/dataset/train/cat/Birman_76.jpg,500,375,106582,2ae199f18419b03a3852ce7e27f26abbea874ee663ffd9bef0fb24b5abb92081
Birman_97.jpg,https://raw.githubusercontent.com/ml4py/dataset-iiit-pet/master/images/Birman_97.jpg,train,cat,workspace/data/dataset/train/cat/Birman_97.jpg,500,332,60188,c898b1dd10c11f17a41a787af64861a12de7009593930a1c8fb710295f2230dd
Bombay_123.jpg,https://raw.githubusercontent.com/ml4py/dataset-iiit-pet/master/images/Bombay_123.jpg,train,cat,workspace/data/dataset/train/cat/Bombay_123.jpg,360,269,43048,2c8e528720d29bd92eb2b195ebda65f76a9c44efec8d58b4c3a31553b38002a3
Bombay_128.jpg,https://raw.githubusercontent.com/ml4py/dataset-iiit-pet/master/images/Bombay_128.jpg,train,cat,workspace/data/dataset/train/cat/Bombay_128.jpg,600,870,96572,690f9f8eeca67fadc25a9a1b844951a8468bd5ab97d9624c724a74a036eb147b
Bombay_14.jpg,https://raw.githubusercontent.com/ml4py/dataset-iiit-pet/master/images/Bombay_14.jpg,train,cat,workspace/data/dataset/train/cat/Bombay_14.jpg,200,172,12170,c221d05deeb7eee12ad169c3192ff0b290df70783953a892e7f8ffd2f1205cc8
Bombay_145.jpg,https://raw.githubusercontent.com/ml4py/dataset-iiit-pet/master/images/Bombay_145.jpg,train,cat,workspace/data/dataset/train/cat/Bombay_145.jpg,500,337,79054,0da671be3fbfa472089612d162fe5022cf73eb115e21273be63e0e2f6d4d4ff4
Bombay_15.jpg,https://raw.githubusercontent.com/ml4py/dataset-iiit-pet/master/images/Bombay_15.jpg,train,cat,workspace/data/dataset/train/cat/Bombay_15.jpg,260,248,9503,ff181dcc6577af54a8437902cffa686b6687035cb9d382285eda027c0f26bc13
Bombay_151.jpg,https://raw.githubusercontent.com/ml4py/dataset-iiit-pet/master/images/Bombay_151.jpg,train,cat,workspace/data/dataset/train/cat/Bombay_151.jpg,800,600,105560,2834c4429747e9cc057a92a4b1add8aca43f4abf33d7a63aff9ce9c471a89fd7
Bombay_152.jpg,https://raw.githubusercontent.com/ml4py/dataset-iiit-pet/master/images/Bombay_152.jpg,train,cat,workspace/data/dataset/train/cat/Bombay_152.jpg,640,439,62871,83aceba543ab325514a6cb8eb9b5ce1dc59658cef574caecfe8edf92b5ce30d6
Bombay_185.jpg,https://raw.githubusercontent.com/ml4py/dataset-iiit-pet/master/images/Bombay_185.jpg,train,cat,workspace/data/dataset/train/cat/Bombay_185.jpg,300,225,11997,3db964475a9855c40f9296745e4b9495d7669fe66f412c228391569ea893e6a6
Bombay_201.jpg,https://raw.githubusercontent.com/ml4py/dataset-iiit-pet/master/images/Bombay_201.jpg,train,cat,workspace/data/dataset/train/cat/Bombay_201.jpg,200,300,9481,4d140eb6b94cf6552b8957669d638303643c83f2fd1cfe8a2c9188159fc4ffa2
Bombay_210.jpg,https://raw.githubusercontent.com/ml4py/dataset-iiit-pet/master/images/Bombay_210.jpg,train,cat,workspace/data/dataset/train/cat/Bombay_210.jpg,300,209,8581,810d249f0fd401956b0b1f77fa34c58986bb498b0e35dacb44b77f775f33ea11
Bombay_48.jpg,https://raw.githubusercontent.com/ml4py/dataset-iiit-pet/master/images/Bombay_48.jpg,train,cat,workspace/data/dataset/train/cat/Bombay_48.jpg,334,431,19998,66d427dc849e8fd410bae7e1d976eca0922f650fa6473773238cf862b8673422
Bombay_6.jpg,https://raw.githubusercontent.com/ml4py/dataset-iiit-pet/master/images/Bombay_6.jpg,train,cat,workspace/data/dataset/train/cat/Bombay_6.jpg,600,480,55308,0825a79e62a19021f9f4a1fc896f5de5ecb55b5c17cdcd57cfa61b96bd579056
Bombay_64.jpg,https://raw.githubusercontent.com/ml4py/dataset-iiit-pet/master/images/Bombay_64.jpg,train,cat,workspace/data/dataset/train/cat/Bombay_64.jpg,300,197,20292,06cf11dd99857f33aee83e99db384b8c269d5054e2fc0a963babe4166753551e
Bombay_75.jpg,https://raw.githubusercontent.com/ml4py/dataset-iiit-pet/master/images/Bombay_75.jpg,train,cat,workspace/data/dataset/train/cat/Bombay_75.jpg,240,270,34396,5db18dd2c48688e08e99d06dfa10b9de8ca4c657e858277407009eec6d679854
Bombay_80.jpg,https://raw.githubusercontent.com/ml4py/dataset-iiit-pet/master/images/Bombay_80.jpg,train,cat,workspace/data/dataset/train/cat/Bombay_80.jpg,175,186,8628,6ad1cc989f97855af51592eb6e2fdd5c09144bd3d5585fb4836fb546d8d545e9
Bombay_95.jpg,https://raw.githubusercontent.com/ml4py/dataset-iiit-pet/master/images/Bombay_95.jpg,train,cat,workspace/data/dataset/train/cat/Bombay_95.jpg,375,500,94703,4bee60c0054ed7a7d6aa761bb919403fd4efe8845fe0d45deeec91773a83a901
British_Shorthair_110.jpg,https://raw.githubusercontent.com/ml4py/dataset-iiit-pet/master/images/British_Shorthair_110.jpg,train,cat,workspace/data/dataset/train/cat/British_Shorthair_110.jpg,500,333,108699,ccbb2a6c6e74af3404442dbca209487e3427bfc19d516d31342cb376ac29d82c
British_Shorthair_123.jpg,https://raw.githubusercontent.com/ml4py/dataset-iiit-pet/master/images/British_Shorthair_123.jpg,train,cat,workspace/data/dataset/train/cat/British_Shorthair_123.jpg,500,375,124327,437bb21df1f23e34c613250e905838fe8eef12b55b00b7f0b59f04096f4d4b1d
British_Shorthair_130.jpg,https://raw.githubusercontent.com/ml4py/dataset-iiit-pet/master/images/British_Shorthair_130.jpg,train,cat,workspace/data/dataset/train/cat/British_Shorthair_130.jpg,500,333,82090,3eecce90452492ceb98057d5ded0a77524c80cce61bffae4a95e254372f9dda4
British_Shorthair_149.jpg,https://raw.githubusercontent.com/ml4py/dataset-iiit-pet/master/images/British_Shorthair_149.jpg,train,cat,workspace/data/dataset/train/cat/British_Shorthair_149.jpg,500,375,105290,290c5f395fd488589bcd47a6661bfd3086b85c01d7373148aed8f950bd26cd24
British_Shorthair_179.jpg,https://raw.githubusercontent.com/ml4py/dataset-iiit-pet/master/images/British_Shorthair_179.jpg,train,cat,workspace/data/dataset/train/cat/British_Shorthair_179.jpg,500,375,170259,7b8b502c4fff5f482a72e0ec9ddd74ea330fb2917d61642ca0728faf1fd88f1d
British_Shorthair_181.jpg,https://raw.githubusercontent.com/ml4py/dataset-iiit-pet/master/images/British_Shorthair_181.jpg,train,cat,workspace/data/dataset/train/cat/British_Shorthair_181.jpg,333,500,98870,6b00e31f27520561f804b3c4234e65150a7bdbb819684d4d025c326513a69a86
British_Shorthair_185.jpg,https://raw.githubusercontent.com/ml4py/dataset-iiit-pet/master/images/British_Shorthair_185.jpg,train,cat,workspace/data/dataset/train/cat/British_Shorthair_185.jpg,500,334,97035,6639ef022cac146cb622145803171275416c600514c8b94a1caacce233628086
British_Shorthair_201.jpg,https://raw.githubusercontent.com/ml4py/dataset-iiit-pet/master/images/British_Shorthair_201.jpg,train,cat,workspace/data/dataset/train/cat/British_Shorthair_201.jpg,500,375,123202,2d4bb1d1c1ea190b9294735148ae6fe64dac6f77568d59cf4542763685c1dc98
British_Shorthair_203.jpg,https://raw.githubusercontent.com/ml4py/dataset-iiit-pet/master/images/British_Shorthair_203.jpg,train,cat,workspace/data/dataset/train/cat/British_Shorthair_203.jpg,500,375,139168,b4b50c3b11574e55ac6b9c59d64ac3a10026dc5d71a4d01a6184d7483fe829a2
British_Shorthair_210.jpg,https://raw.githubusercontent.com/ml4py/dataset-iiit-pet/master/images/British_Shorthair_210.jpg,train,cat,workspace/data/dataset/train/cat/British_Shorthair_210.jpg,500,333,101240,0fc8023c9a5e8985946b6c9c790b1c45566317d8a8f27a47ceb5c0b09f5af33c
British_Shorthair_241.jpg,https://raw.githubusercontent.com/ml4py/dataset-iiit-pet/master/images/British_Shorthair_241.jpg,train,cat,workspace/data/dataset/train/cat/British_Shorthair_241.jpg,300,225,9069,7581c808f4256d803cffbc0297f270e4661dbc0476e13f299adf066d1352e4d2
British_Shorthair_273.jpg,https://raw.githubusercontent.com/ml4py/dataset-iiit-pet/master/images/British_Shorthair_273.jpg,train,cat,workspace/data/dataset/train/cat/British_Shorthair_273.jpg,400,460,31803,1282aab01d5685aa2bca6ffbce00a05000810f82c2a0a7ded12266aeef2920f7
British_Shorthair_274.jpg,https://raw.githubusercontent.com/ml4py/dataset-iiit-pet/master/images/British_Shorthair_274.jpg,train,cat,workspace/data/dataset/train/cat/British_Shorthair_274.jpg,400,267,13664,10bd8c501a79f246fc38e4f08cbbfabd8f421727f61b196e93e92a3048c08af0
British_Shorthair_275.jpg,https://raw.githubusercontent.com/ml4py/dataset-iiit-pet/master/images/British_Shorthair_275.jpg,train,cat,workspace/data/dataset/train/cat/British_Shorthair_275.jpg,1200,849,198959,6533a03e0588b1cdce6d35c694b0734ad38d1411380f5dcf162035cc5aa8f7d3
British_Shorthair_48.jpg,https://raw.githubusercontent.com/ml4py/dataset-iiit-pet/master/images/British_Shorthair_48.jpg,train,cat,workspace/data/dataset/train/cat/British_Shorthair_48.jpg,333,500,103909,dc9964f43d247b6cdc1d73cb2a847c36cb9db9bb31884c03ae5891b3493f1962
British_Shorthair_96.jpg,https://raw.githubusercontent.com/ml4py/dataset-iiit-pet/master/images/British_Shorthair_96.jpg,train,cat,workspace/data/dataset/train/cat/British_Shorthair_96.jpg,335,500,91123,4a0670a2ed4fb709d8b70ce4a66294db2967fe456d7205c4689b7a91f80f07f0
Egyptian_Mau_101.jpg,https://raw.githubusercontent.com/ml4py/dataset-iiit-pet/master/images/Egyptian_Mau_101.jpg,train,cat,workspace/data/dataset/train/cat/Egyptian_Mau_101.jpg,480,360,27455,afc9692ac2c1309093331317737372ee07c94a31910e1460796cabef2ddd7626
Egyptian_Mau_106.jpg,https://raw.githubusercontent.com/ml4py/dataset-iiit-pet/master/images/Egyptian_Mau_106.jpg,train,cat,workspace/data/dataset/train/cat/Egyptian_Mau_106.jpg,400,280,17873,b6cb911a90869582c6c266ac721c20ce03e22cdd61c207611897793ef2d18627
Egyptian_Mau_128.jpg,https://raw.githubusercontent.com/ml4py/dataset-iiit-pet/master/images/Egyptian_Mau_128.jpg,train,cat,workspace/data/dataset/train/cat/Egyptian_Mau_128.jpg,225,300,14794,815ba5668ac02270351204fab1494a5651ec9d8af7345898a508fb4bcc0c558f
Egyptian_Mau_133.jpg,https://raw.githubusercontent.com/ml4py/dataset-iiit-pet/master/images/Egyptian_Mau_133.jpg,train,cat,workspace/data/dataset/train/cat/Egyptian_Mau_133.jpg,400,300,11688,b0a113f8cfe056963d6c0550bb2c5d1e098bdf9f0230c2875faf2e09d9b5306d
Egyptian_Mau_148.jpg,https://raw.githubusercontent.com/ml4py/dataset-iiit-pet/master/images/Egyptian_Mau_148.jpg,train,cat,workspace/data/dataset/train/cat/Egyptian_Mau_148.jpg,500,332,91124,10fc44a5dad3d7cf6514ff9caa56ebf734beaa32d8c5366bac13497c1e422eda
Egyptian_Mau_170.jpg,https://raw.githubusercontent.com/ml4py/dataset-iiit-pet/master/images/Egyptian_Mau_170.jpg,train,cat,workspace/data/dataset/train/cat/Egyptian_Mau_170.jpg,450,373,41023,b47f8d9cba414e1a09c548af2686256b0a74101d6927ea287da5c1a7be79d4b9
Egyptian_Mau_176.jpg,https://raw.githubusercontent.com/ml4py/dataset-iiit-pet/master/images/Egyptian_Mau_176.jpg,train,cat,workspace/data/dataset/train/cat/Egyptian_Mau_176.jpg,360,270,58816,3750db4b6f2942870265126f695ddc7c7cdf6f8ac9bbae31ecbc34ed080ac3e2
Egyptian_Mau_193.jpg,https://raw.githubusercontent.com/ml4py/dataset-iiit-pet/master/images/Egyptian_Mau_193.jpg,train,cat,workspace/data/dataset/train/cat/Egyptian_Mau_193.jpg,400,244,45130,2cdf6882879395c144a8a7afbbb5e1fcff4271ed20f3824544759bbe6efd555a
Egyptian_Mau_197.jpg,https://raw.githubusercontent.com/ml4py/dataset-iiit-pet/master/images/Egyptian_Mau_197.jpg,train,cat,workspace/data/dataset/train/cat/Egyptian_Mau_197.jpg,200,157,9247,9b48ad1039ec0838ff3350a09ac03e2669f5c54124bb48505db6a4bb565ff13b
Egyptian_Mau_4.jpg,https://raw.githubusercontent.com/ml4py/dataset-iiit-pet/master/images/Egyptian_Mau_4.jpg,train,cat,workspace/data/dataset/train/cat/Egyptian_Mau_4.jpg,200,195,23262,e89f3543bec4b9c1d83e66e8500ae34fe210dda42e68c905d1017d2e25c88437
Egyptian_Mau_69.jpg,https://raw.githubusercontent.com/ml4py/dataset-iiit-pet/master/images/Egyptian_Mau_69.jpg,train,cat,workspace/data/dataset/train/cat/Egyptian_Mau_69.jpg,335,500,101320,a3b0f26962daf64503cd290679463ea0e88344d18ae0da729f52aad1a454d266
Egyptian_Mau_90.jpg,https://raw.githubusercontent.com/ml4py/dataset-iiit-pet/master/images/Egyptian_Mau_90.jpg,train,cat,workspace/data/dataset/train/cat/Egyptian_Mau_90.jpg,263,380,21062,12bd19280fce5b06f88eb8ac5aa21f3b4be0ea67740def1172fe439b08a026e4
Maine_Coon_123.jpg,https://raw.githubusercontent.com/ml4py/dataset-iiit-pet/master/images/Maine_Coon_123.jpg,train,cat,workspace/data/dataset/train/cat/Maine_Coon_123.jpg,500,375,111522,954c8c8d88314bb2ba543f78d1f7afc5fd6750359dcce23ae03a8b90644454ba
Maine_Coon_154.jpg,https://raw.githubusercontent.com/ml4py/dataset-iiit-pet/master/images/Maine_Coon_154.jpg,train,cat,workspace/data/dataset/train/cat/Maine_Coon_154.jpg,500,333,76337,3da43261870481fbab013fa7ac275cd4c280ec8c17c4a1f0757184cac5f68ab4
Maine_Coon_16.jpg,https://raw.githubusercontent.com/ml4py/dataset-iiit-pet/master/images/Maine_Coon_16.jpg,train,cat,workspace/data/dataset/train/cat/Maine_Coon_16.jpg,500,313,172870,1be79cc7403880e10392f22ca67aa7b70271f4f934ff281ff47fd3f02632eca5
Maine_Coon_245.jpg,https://raw.githubusercontent.com/ml4py/dataset-iiit-pet/master/images/Maine_Coon_245.jpg,train,cat,workspace/data/dataset/train/cat/Maine_Coon_245.jpg,300,245,11576,f41e4375e645cc15e2c29b547d67f6e3e9c40901e5d1d82eda760b26e297191e
Maine_Coon_249.jpg,https://raw.githubusercontent.com/ml4py/dataset-iiit-pet/master/images/Maine_Coon_249.jpg,train,cat,workspace/data/dataset/train/cat/Maine_Coon_249.jpg,300,197,9588,dcbc92be5aacaf57e545a03edc414be30432cf4efd1c0431c6e24c423f8444a5
Maine_Coon_262.jpg,https://raw.githubusercontent.com/ml4py/dataset-iiit-pet/master/images/Maine_Coon_262.jpg,train,cat,workspace/data/dataset/train/cat/Maine_Coon_262.jpg,300,295,16652,bddfc19a1369771b07d66348b81bcf283c523c32f80ebdd82fca018f5ca905a9
Maine_Coon_264.jpg,https://raw.githubusercontent.com/ml4py/dataset-iiit-pet/master/images/Maine_Coon_264.jpg,train,cat,workspace/data/dataset/train/cat/Maine_Coon_264.jpg,1024,768,87402,3ca41a9a0902762c1d462ca69f0820a0e4a07efc782ec5a84895e15eb97b5784
Maine_Coon_265.jpg,https://raw.githubusercontent.com/ml4py/dataset-iiit-pet/master/images/Maine_Coon_265.jpg,train,cat,workspace/data/dataset/train/cat/Maine_Coon_265.jpg,500,375,79289,b73ad9dac8c49c93716a1fa3cd5b43fcd94ad422947831d83251751435c6318f
Maine_Coon_266.jpg,https://raw.githubusercontent.com/ml4py/dataset-iiit-pet/master/images/Maine_Coon_266.jpg,train,cat,workspace/data/dataset/train/cat/Maine_Coon_266.jpg,640,425,101767,f0f56edd52a95402ebc51c6a84d3e8431eb9de00ff7327894ee9bffed4da8d0b
Maine_Coon_32.jpg,https://raw.githubusercontent.com/ml4py/dataset-iiit-pet/master/images/Maine_Coon_32.jpg,train,cat,workspace/data/dataset/train/cat/Maine_Coon_32.jpg,500,418,178049,a4da53ce43b4e6c250c2461099c134f1b4aa40d9520b55171dbec9ef17bef0e2
Maine_Coon_72.jpg,https://raw.githubusercontent.com/ml4py/dataset-iiit-pet/master/images/Maine_Coon_72.jpg,train,cat,workspace/data/dataset/train/cat/Maine_Coon_72.jpg,334,500,114829,db914d42f5ab2560f05b1a67b8c04614c0ca8c64afece5372fd59ef0c82715b5
Maine_Coon_79.jpg,https://raw.githubusercontent.com/ml4py/dataset-iiit-pet/master/images/Maine_Coon_79.jpg,train,cat,workspace/data/dataset/train/cat/Maine_Coon_79.jpg,500,333,102203,82a73aebd6ad97a6c1e223031bb30f5d1cc83f5c2d3728fe00629db0f39e0bb5
Persian_11.jpg,https://raw.githubusercontent.com/ml4py/dataset-iiit-pet/master/images/Persian_11.jpg,train,cat,workspace/data/dataset/train/cat/Persian_11.jpg,375,500,137936,f9e9ba9c72a1fc864af953a53f40a9bc1fe286c906912dbc6a3a22aa22cc5d27
Persian_135.jpg,https://raw.githubusercontent.com/ml4py/dataset-iiit-pet/master/images/Persian_135.jpg,train,cat,workspace/data/dataset/train/cat/Persian_135.jpg,500,352,108297,d6879734b2f14c4528f2bcd5d66035e4f2ba53ee52ca0091f283e0a1a520e433
Persian_140.jpg,https://raw.githubusercontent.com/ml4py/dataset-iiit-pet/master/images/Persian_140.jpg,train,cat,workspace/data/dataset/train/cat/Persian_140.jpg,358,500,96059,b0a46331efdb687ff050aed670bfebe2dce55fd519c611adb9f765be8baac359
Persian_144.jpg,https://raw.githubusercontent.com/ml4py/dataset-iiit-pet/master/images/Persian_144.jpg,train,cat,workspace/data/dataset/train/cat/Persian_144.jpg,500,333,134832,badd6f52322f46bea29cbdd2bb500255281e9de40921dd24077d7dbaae80a847
Persian_202.jpg,https://raw.githubusercontent.com/ml4py/dataset-iiit-pet/master/images/Persian_202.jpg,train,cat,workspace/data/dataset/train/cat/Persian_202.jpg,500,333,103227,3d3d5f9b7c3f92b366a6c888ba7df014401681fd78d7f6a4acf0d89b6e320fdc
Persian_27.jpg,https://raw.githubusercontent.com/ml4py/dataset-iiit-pet/master/images/Persian_27.jpg,train,cat,workspace/data/dataset/train/cat/Persian_27.jpg,456,500,150617,50eb8e869c5589b1a5ccf16be83032982b76fd8ffd80a2f115bdb8d1ae529d38
Persian_45.jpg,https://raw.githubusercontent.com/ml4py/dataset-iiit-pet/master/images/Persian_45.jpg,train,cat,workspace/data/dataset/train/cat/Persian_45.jpg,500,332,73673,1ab7b44281944a6eb76bb748e63931120d23f448db60973694807abee01dbc64
Persian_49.jpg,https://raw.githubusercontent.com/ml4py/dataset-iiit-pet/master/images/Persian_49.jpg,train,cat,workspace/data/dataset/train/cat/Persian_49.jpg,375,500,97602,a41e7d3ca96d0caea7d2f75dede2af7fb5be7478968df8d72e3571b227624ed6
Ragdoll_10.jpg,https://raw.githubusercontent.com/ml4py/dataset-iiit-pet/master/images/Ragdoll_10.jpg,train,cat,workspace/data/dataset/train/cat/Ragdoll_10.jpg,500,375,124623,e4e11d0226578267151989c63fa9fec37ef27a63a264a2edc929535e327dfb50
Ragdoll_113.jpg,https://raw.githubusercontent.com/ml4py/dataset-iiit-pet/master/images/Ragdoll_113.jpg,train,cat,workspace/data/dataset/train/cat/Ragdoll_113.jpg,500,375,101845,c306c956a88f25eaffd69da1bec1f3e8b1f8df7e6bf489a68feb643e9fc5e68a
Ragdoll_125.jpg,https://raw.githubusercontent.com/ml4py/dataset-iiit-pet/master/images/Ragdoll_125.jpg,train,cat,workspace/data/dataset/train/cat/Ragdoll_125.jpg,375,500,86608,19a6d7459530dbc6c102b27365e7fae490d4417c86222d98cf9935fafb4c6c3a
Ragdoll_133.jpg,https://raw.githubusercontent.com/ml4py/dataset-iiit-pet/master/images/Ragdoll_133.jpg,train,cat,workspace/data/dataset/train/cat/Ragdoll_133.jpg,500,375,78539,9788ecb9167176dfcc7c6c0bc5daaf71d35b4ffeddefb7d6494d85aee20e6e9c
Ragdoll_148.jpg,https://raw.githubusercontent.com/ml4py/dataset-iiit-pet/master/images/Ragdoll_148.jpg,train,cat,workspace/data/dataset/train/cat/Ragdoll_148.jpg,450,443,40985,79857dc8d931355c530eca54628690b2eec176d1c6514c11cce6c5a08ef06b96
Ragdoll_16.jpg,https://raw.githubusercontent.com/ml4py/dataset-iiit-pet/master/images/Ragdoll_16.jpg,train,cat,workspace/data/dataset/train/cat/Ragdoll_16.jpg,500,333,96848,e502bc03faa80d0cda37cdab3a5990ca37e0520dae6be2281d33ea998ab3757a
Ragdoll_183.jpg,https://raw.githubusercontent.com/ml4py/dataset-iiit-pet/master/images/Ragdoll_183.jpg,train,cat,workspace/data/dataset/train/cat/Ragdoll_183.jpg,500,436,90249,20f5dc97976d5ac7146ba5d7fd6fbfb7cd38974882d524d210b2e5e6ff1f657b
Ragdoll_190.jpg,https://raw.githubusercontent.com/ml4py/dataset-iiit-pet/master/images/Ragdoll_190.jpg,train,cat,workspace/data/dataset/train/cat/Ragdoll_190.jpg,500,333,79462,594d8eeee9cf52cdd4b49954fd244467d7e634ed59ffa3c9b92f5d8d4914087a
Ragdoll_191.jpg,https://raw.githubusercontent.com/ml4py/dataset-iiit-pet/master/images/Ragdoll_191.jpg,train,cat,workspace/data/dataset/train/cat/Ragdoll_191.jpg,500,375,123227,16794c47c8466e8836a2cdb3ad10257e9b039ae317913db30af58482179ca32a
Ragdoll_255.jpg,https://raw.githubusercontent.com/ml4py/dataset-iiit-pet/master/images/Ragdoll_255.jpg,train,cat,workspace/data/dataset/train/cat/Ragdoll_255.jpg,300,225,7244,81b66bc42a05a39c48bbb921e6b17b083c1f7a0b284b317fa5187e3a9110887e
Ragdoll_31.jpg,https://raw.githubusercontent.com/ml4py/dataset-iiit-pet/master/images/Ragdoll_31.jpg,train,cat,workspace/data/dataset/train/cat/Ragdoll_31.jpg,500,393,78181,d260f48ffca2283355ef0042fdefaf00beafc16a287fa6d61e7f076f0cdd3712
Ragdoll_41.jpg,https://raw.githubusercontent.com/ml4py/dataset-iiit-pet/master/images/Ragdoll_41.jpg,train,cat,workspace/data/dataset/train/cat/Ragdoll_41.jpg,500,472,90024,3be1cd0a40a6711b9a19b30f681247e97b019eef9d871d92ff83e1b4d2289b40
Ragdoll_42.jpg,https://raw.githubusercontent.com/ml4py/dataset-iiit-pet/master/images/Ragdoll_42.jpg,train,cat,workspace/data/dataset/train/cat/Ragdoll_42.jpg,500,332,82726,6001c3315c5c459dda9c96b4c1c9ec0e7e53e0dd18954908a93120ef2a7d8374
Russian_Blue_109.jpg,https://raw.githubusercontent.com/ml4py/dataset-iiit-pet/master/images/Russian_Blue_109.jpg,train,cat,workspace/data/dataset/train/cat/Russian_Blue_109.jpg,500,334,82749,916a87f2bdd835fc5286e70b12d4dad3d841fa0505ffd90ee5562249f9a8ffe1
Russian_Blue_124.jpg,https://raw.githubusercontent.com/ml4py/dataset-iiit-pet/master/images/Russian_Blue_124.jpg,train,cat,workspace/data/dataset/train/cat/Russian_Blue_124.jpg,500,375,150642,1c877a7b94b0ee4178d5a943a30a197743d01060aea80dd015618ed723961df6
Russian_Blue_125.jpg,https://raw.githubusercontent.com/ml4py/dataset-iiit-pet/master/images/Russian_Blue_125.jpg,train,cat,workspace/data/dataset/train/cat/Russian_Blue_125.jpg,500,375,129621,7379a6cff53a73d3ae32fef494402e281294bfc18780f515134c10ec16637096
Russian_Blue_129.jpg,https://raw.githubusercontent.com/ml4py/dataset-iiit-pet/master/images/Russian_Blue_129.jpg,train,cat,workspace/data/dataset/train/cat/Russian_Blue_129.jpg,500,323,83855,b707141d46284c05a3c4cabbe2b66500544fd4b07a27961b05a51b6a46d7911f
Russian_Blue_145.jpg,https://raw.githubusercontent.com/ml4py/dataset-iiit-pet/master/images/Russian_Blue_145.jpg,train,cat,workspace/data/dataset/train/cat/Russian_Blue_145.jpg,375,500,105665,cbc8b06088cd774750fd92cb4c4be3eb959ed265ff790763ca49a59404bc51ca
Russian_Blue_149.jpg,https://raw.githubusercontent.com/ml4py/dataset-iiit-pet/master/images/Russian_Blue_149.jpg,train,cat,workspace/data/dataset/train/cat/Russian_Blue_149.jpg,500,375,104083,69f51966842670199f1b65f7596fea03ed8a543216b42448e7e1fa02db6a6a3b
Russian_Blue_159.jpg,https://raw.githubusercontent.com/ml4py/dataset-iiit-pet/master/images/Russian_Blue_159.jpg,train,cat,workspace/data/dataset/train/cat/Russian_Blue_159.jpg,500,334,83057,6a7447d65d0bae0eaaa9e6178e57a1b1584a04f86d0ec9d9477a85e098bbe5cb
Russian_Blue_179.jpg,https://raw.githubusercontent.com/ml4py/dataset-iiit-pet/master/images/Russian_Blue_179.jpg,train,cat,workspace/data/dataset/train/cat/Russian_Blue_179.jpg,500,332,57872,81b83086d51d003c1fa3eb08b4c10cd374c85080d2c9a935c73bc78b674a358b
Russian_Blue_181.jpg,https://raw.githubusercontent.com/ml4py/dataset-iiit-pet/master/images/Russian_Blue_181.jpg,train,cat,workspace/data/dataset/train/cat/Russian_Blue_181.jpg,500,332,114118,6fda31b4e642d1509e1c8613bd71a73e7723373bfbc521cf6144f6eee1b553ad
Russian_Blue_196.jpg,https://raw.githubusercontent.com/ml4py/dataset-iiit-pet/master/images/Russian_Blue_196.jpg,train,cat,workspace/data/dataset/train/cat/Russian_Blue_196.jpg,334,500,82777,b8881c1ec7a4d10dcd9b6efe2ea0e750bcdaa8d6032f0a368ce39d099c31f70e
Russian_Blue_199.jpg,https://raw.githubusercontent.com/ml4py/dataset-iiit-pet/master/images/Russian_Blue_199.jpg,train,cat,workspace/data/dataset/train/cat/Russian_Blue_199.jpg,500,333,60473,eff22fb9c21142e8ef4f5f5dbe6ec98baa313ce430c87a92b3e4886e5da930ee
Russian_Blue_20.jpg,https://raw.githubusercontent.com/ml4py/dataset-iiit-pet/master/images/Russian_Blue_20.jpg,train,cat,workspace/data/dataset/train/cat/Russian_Blue_20.jpg,332,500,91519,87c256cd399e853ae215ae4a307e545375739771f8d4597ec82e5f580ce93ab1
Russian_Blue_220.jpg,https://raw.githubusercontent.com/ml4py/dataset-iiit-pet/master/images/Russian_Blue_220.jpg,train,cat,workspace/data/dataset/train/cat/Russian_Blue_220.jpg,300,200,9626,215b909f88d3b77e3bc9cad95c20b24f48e2f746a2f036543a39dcac64e53c33
Russian_Blue_228.jpg,https://raw.githubusercontent.com/ml4py/dataset-iiit-pet/master/images/Russian_Blue_228.jpg,train,cat,workspace/data/dataset/train/cat/Russian_Blue_228.jpg,300,225,9842,f0266189a7671cae40639fb4d38fd66c52afcc42e8b7829641e37ce9d6bfa3fe
Russian_Blue_38.jpg,https://raw.githubusercontent.com/ml4py/dataset-iiit-pet/master/images/Russian_Blue_38.jpg,train,cat,workspace/data/dataset/train/cat/Russian_Blue_38.jpg,500,375,112396,5eeff0f5ea2a1c57228d8142de93ff5648d5ee272954101ca4c0961652a4cd2b
Russian_Blue_47.jpg,https://raw.githubusercontent.com/ml4py/dataset-iiit-pet/master/images/Russian_Blue_47.jpg,train,cat,workspace/data/dataset/train/cat/Russian_Blue_47.jpg,500,333,87641,109c2184efb0efd815144d81bbfccbfefa317e0af64a0dc618e0c0c16b63af53
Russian_Blue_86.jpg,https://raw.githubusercontent.com/ml4py/dataset-iiit-pet/master/images/Russian_Blue_86.jpg,train,cat,workspace/data/dataset/train/cat/Russian_Blue_86.jpg,500,333,77501,0037ffe423e587f9e30e1f9a79fe1cf98892e1799569d686c5cc1aa6ab6a3deb
Siamese_162.jpg,https://raw.githubusercontent.com/ml4py/dataset-iiit-pet/master/images/Siamese_162.jpg,train,cat,workspace/data/dataset/train/cat/Siamese_162.jpg,500,375,120262,1a57a5bdcf8628e3a6b288be728c95fcc00676c1bfc6efd92adbba5f002cff97
Siamese_167.jpg,https://raw.githubusercontent.com/ml4py/dataset-iiit-pet/master/images/Siamese_167.jpg,train,cat,workspace/data/dataset/train/cat/Siamese_167.jpg,500,375,125004,f42cef36417e4965b87d41a58aa432fcd88947eaa595fbcaa3e861a2c1d9a347
Siamese_199.jpg,https://raw.githubusercontent.com/ml4py/dataset-iiit-pet/master/images/Siamese_199.jpg,train,cat,workspace/data/dataset/train/cat/Siamese_199.jpg,500,332,114313,73babab405e22c2851b68dc808b71ec991188e9fbdff94a9d932c278340a62a4
Siamese_29.jpg,https://raw.githubusercontent.com/ml4py/dataset-iiit-pet/master/images/Siamese_29.jpg,train,cat,workspace/data/dataset/train/cat/Siamese_29.jpg,333,500,87388,9599bd15ce36a0eeb6ef6661791c1d35ce5da85b12b340d2fdc8590c2334ae27
Siamese_55.jpg,https://raw.githubusercontent.com/ml4py/dataset-iiit-pet/master/images/Siamese_55.jpg,train,cat,workspace/data/dataset/train/cat/Siamese_55.jpg,500,375,175862,42c0b106dffd5a8227f2f2cde7235b8ef78cc9927aa2a1767515c9ffcb1cc1e7
Siamese_66.jpg,https://raw.githubusercontent.com/ml4py/dataset-iiit-pet/master/images/Siamese_66.jpg,train,cat,workspace/data/dataset/train/cat/Siamese_66.jpg,375,500,156920,c7e69ef655207997591f5beaaa67e9e39550b71ae3f5c7da7132d039b55dc2f5
Sphynx_12.jpg,https://raw.githubusercontent.com/ml4py/dataset-iiit-pet/master/images/Sphynx_12.jpg,train,cat,workspace/data/dataset/train/cat/Sphynx_12.jpg,500,333,113346,05dd016072cbfc6efdf301ccaf0f94c31d359956ce0cf605279132d3e41b8bca
Sphynx_134.jpg,https://raw.githubusercontent.com/ml4py/dataset-iiit-pet/master/images/Sphynx_134.jpg,train,cat,workspace/data/dataset/train/cat/Sphynx_134.jpg,500,332,81137,e36d15c3d66a85ef62d9f9cf1bff14767a9a486fd5e9dab467de159aeb0af8bd
Sphynx_145.jpg,https://raw.githubusercontent.com/ml4py/dataset-iiit-pet/master/images/Sphynx_145.jpg,train,cat,workspace/data/dataset/train/cat/Sphynx_145.jpg,500,333,98235,a388fbc41b0b892f44fc7414d265a36e95f78b9c19a515c10e530358d2e55b74
Sphynx_172.jpg,https://raw.githubusercontent.com/ml4py/dataset-iiit-pet/master/images/Sphynx_172.jpg,train,cat,workspace/data/dataset/train/cat/Sphynx_172.jpg,500,340,52430,2d06d33e927157dc9b87f40de25e20b895248bd4a5252fd3fd6cb489407be76b
Sphynx_19.jpg,https://raw.githubusercontent.com/ml4py/dataset-iiit-pet/master/images/Sphynx_19.jpg,train,cat,workspace/data/dataset/train/cat/Sphynx_19.jpg,500,472,121464,7dfdb8f318b4ec0baed2407440cc3c5a77f77cad9a5d14e96e7c465432b8ed04
Sphynx_200.jpg,https://raw.githubusercontent.com/ml4py/dataset-iiit-pet/master/images/Sphynx_200.jpg,train,cat,workspace/data/dataset/train/cat/Sphynx_200.jpg,375,500,123855,b53fc9af4b4a849fe47757247a95d1443cd6e58b651c012998f1fb9c4518de2b
Sphynx_236.jpg,https://raw.githubusercontent.com/ml4py/dataset-iiit-pet/master/images/Sphynx_236.jpg,train,cat,workspace/data/dataset/train/cat/Sphynx_236.jpg,495,412,23632,0b9050f960cd5d2e7e8796999f63d2888d17645c0fb7c7a33e3d5275d849151e
Sphynx_250.jpg,https://raw.githubusercontent.com/ml4py/dataset-iiit-pet/master/images/Sphynx_250.jpg,train,cat,workspace/data/dataset/train/cat/Sphynx_250.jpg,450,485,36376,07f90c6d1c6375bef0bedaa728fc021120d7f2066b2a7b8f3fa7423bbd26b65e
Sphynx_30.jpg,https://raw.githubusercontent.com/ml4py/dataset-iiit-pet/master/images/Sphynx_30.jpg,train,cat,workspace/data/dataset/train/cat/Sphynx_30.jpg,375,500,140617,8b36c298b43f8a61ad0e5a02ce1f1c8cb047cc0aafa70da0953c4a3a6979911e
Sphynx_88.jpg,https://raw.githubusercontent.com/ml4py/dataset-iiit-pet/master/images/Sphynx_88.jpg,train,cat,workspace/data/dataset/train/cat/Sphynx_88.jpg,500,332,73499,a976adde0241b179defc6c99dae6d8b5f4cbc54e2ef60a7076836328381be41a
american_bulldog_14.jpg,https://raw.githubusercontent.com/ml4py/dataset-iiit-pet/master/images/american_bulldog_14.jpg,train,dog,workspace/data/dataset/train/dog/american_bulldog_14.jpg,500,376,171128,3ae1d9058774b3d4dd4a71af0fca79d9b5a50c0044ecb9a5c75831df66a6788d
american_bulldog_142.jpg,https://raw.githubusercontent.com/ml4py/dataset-iiit-pet/master/images/american_bulldog_142.jpg,train,dog,workspace/data/dataset/train/dog/american_bulldog_142.jpg,333,500,110788,b1a9a7853d1344a8f3dbf2ac433afca86a2b62f4e92d675325c24c31d5b6ef39
american_bulldog_174.jpg,https://raw.githubusercontent.com/ml4py/dataset-iiit-pet/master/images/american_bulldog_174.jpg,train,dog,workspace/data/dataset/train/dog/american_bulldog_174.jpg,500,333,59750,b2b1d95b496602d946f30958fc2ca4582f496fbb67f091299d82e78403dff81f
american_bulldog_196.jpg,https://raw.githubusercontent.com/ml4py/dataset-iiit-pet/master/images/american_bulldog_196.jpg,train,dog,workspace/data/dataset/train/dog/american_bulldog_196.jpg,500,323,75973,dc1058c84b06fbde189e3be124fca7ea84a52787eec77a5ba23fe94185744963
american_bulldog_209.jpg,https://raw.githubusercontent.com/ml4py/dataset-iiit-pet/master/images/american_bulldog_209.jpg,train,dog,workspace/data/dataset/train/dog/american_bulldog_209.jpg,446,500,113514,57949260d49ad6bc0e46dd502139b101383ab8882c3286e6ff08d2f939290b7d
american_bulldog_42.jpg,https://raw.githubusercontent.com/ml4py/dataset-iiit-pet/master/images/american_bulldog_42.jpg,train,dog,workspace/data/dataset/train/dog/american_bulldog_42.jpg,500,375,102918,8afc7a41e5f98544bfc629e58c2f537d44df0fc886405a2ac0f3c53d9eb98804
american_bulldog_45.jpg,https://raw.githubusercontent.com/ml4py/dataset-iiit-pet/master/images/american_bulldog_45.jpg,train,dog,workspace/data/dataset/train/dog/american_bulldog_45.jpg,333,500,77029,4de56db063703762b3f85847e94f1c8dbf560a39c5b202805fcff7acec488455
american_bulldog_81.jpg,https://raw.githubusercontent.com/ml4py/dataset-iiit-pet/master/images/american_bulldog_81.jpg,train,dog,workspace/data/dataset/train/dog/american_bulldog_81.jpg,500,375,133465,aa3fc8cf55519befac48591d16bc83819d09ec083264990897fa43a4af4489d0
american_pit_bull_terrier_118.jpg,https://raw.githubusercontent.com/ml4py/dataset-iiit-pet/master/images/american_pit_bull_terrier_118.jpg,train,dog,workspace/data/dataset/train/dog/american_pit_bull_terrier_118.jpg,300,199,10472,7127fa3bfab62d80aa09bf99110543e36a557a9174d123bd9ed30f8655d7e83d
american_pit_bull_terrier_13.jpg,https://raw.githubusercontent.com/ml4py/dataset-iiit-pet/master/images/american_pit_bull_terrier_13.jpg,train,dog,workspace/data/dataset/train/dog/american_pit_bull_terrier_13.jpg,375,500,93965,419e0c912112049468a4e90893667ef321bbfa1276d9fc5b41bac398a72a65bb
american_pit_bull_terrier_140.jpg,https://raw.githubusercontent.com/ml4py/dataset-iiit-pet/master/images/american_pit_bull_terrier_140.jpg,train,dog,workspace/data/dataset/train/dog/american_pit_bull_terrier_140.jpg,300,291,19069,b8aa53b2d0b3829aa121cfef155bad19b561f47eb4ec8d7af1cb1d10c6bf00ac
american_pit_bull_terrier_186.jpg,https://raw.githubusercontent.com/ml4py/dataset-iiit-pet/master/images/american_pit_bull_terrier_186.jpg,train,dog,workspace/data/dataset/train/dog/american_pit_bull_terrier_186.jpg,300,225,10757,1b45c9a6f90e8a566f88e3d709ebe11631c5582780c980f08ce7068c3aedfb2c
american_pit_bull_terrier_24.jpg,https://raw.githubusercontent.com/ml4py/dataset-iiit-pet/master/images/american_pit_bull_terrier_24.jpg,train,dog,workspace/data/dataset/train/dog/american_pit_bull_terrier_24.jpg,500,401,182852,e823f0010158c35429ae51035f665741f326b4ab4ca9aaff0b32d83ff68ea3a1
american_pit_bull_terrier_49.jpg,https://raw.githubusercontent.com/ml4py/dataset-iiit-pet/master/images/american_pit_bull_terrier_49.jpg,train,dog,workspace/data/dataset/train/dog/american_pit_bull_terrier_49.jpg,500,375,126674,621584cff16ec58f63db3a9e5b1fac2dfc7e46ee88460da790878c73ebb7f2ed
american_pit_bull_terrier_99.jpg,https://raw.githubusercontent.com/ml4py/dataset-iiit-pet/master/images/american_pit_bull_terrier_99.jpg,train,dog,workspace/data/dataset/train/dog/american_pit_bull_terrier_99.jpg,500,379,163346,87eee9f14539475c04f9cb1c8b55811f40031db3a2e4ca7bbc927eefe7425980
basset_hound_123.jpg,https://raw.githubusercontent.com/ml4py/dataset-iiit-pet/master/images/basset_hound_123.jpg,train,dog,workspace/data/dataset/train/dog/basset_hound_123.jpg,500,333,163780,4d5edcecd96f224483be2a723110b3e632787b7baeff05de7900d3cec0d6edd7
basset_hound_134.jpg,https://raw.githubusercontent.com/ml4py/dataset-iiit-pet/master/images/basset_hound_134.jpg,train,dog,workspace/data/dataset/train/dog/basset_hound_134.jpg,500,375,130474,540dc65fe3df9d9285c3c1ca7bd4c3e43f03d3bfba83b18e1fdb575de03ecfbe
basset_hound_17.jpg,https://raw.githubusercontent.com/ml4py/dataset-iiit-pet/master/images/basset_hound_17.jpg,train,dog,workspace/data/dataset/train/dog/basset_hound_17.jpg,500,333,189011,45422ba11dd9a656b6a4b7e275edd627218d3e2f3028c3dd7c32bb41b47b9b0f
basset_hound_170.jpg,https://raw.githubusercontent.com/ml4py/dataset-iiit-pet/master/images/basset_hound_170.jpg,train,dog,workspace/data/dataset/train/dog/basset_hound_170.jpg,500,333,100166,1d058665f4a6856ec7792fa0ec9bb3e57021abba0194ce4272fc6b6f4935d517
basset_hound_31.jpg,https://raw.githubusercontent.com/ml4py/dataset-iiit-pet/master/images/basset_hound_31.jpg,train,dog,workspace/data/dataset/train/dog/basset_hound_31.jpg,375,500,163021,2c09edc01be8ba098bbc2c83cc76b6b31be11d40270854febacd4167a880320d
basset_hound_4.jpg,https://raw.githubusercontent.com/ml4py/dataset-iiit-pet/master/images/basset_hound_4.jpg,train,dog,workspace/data/dataset/train/dog/basset_hound_4.jpg,334,500,72157,0b78b0c812c3113ee3ce31f1c26d7bfdabb0025b6413d11a5cc479064e96d991
basset_hound_8.jpg,https://raw.githubusercontent.com/ml4py/dataset-iiit-pet/master/images/basset_hound_8.jpg,train,dog,workspace/data/dataset/train/dog/basset_hound_8.jpg,500,332,80294,a257490c913ce75bc504c0dc7f97638662696b46a849517cf0812031587c9ea7
basset_hound_87.jpg,https://raw.githubusercontent.com/ml4py/dataset-iiit-pet/master/images/basset_hound_87.jpg,train,dog,workspace/data/dataset/train/dog/basset_hound_87.jpg,348,500,92057,c299764bb530ea1d9f8496a0fac4bfc63e2636091c8abf32f6b2131278eed699
beagle_143.jpg,https://raw.githubusercontent.com/ml4py/dataset-iiit-pet/master/images/beagle_143.jpg,train,dog,workspace/data/dataset/train/dog/beagle_143.jpg,500,500,168563,ba6e23935e218e06e12c94319ddc985780c71c0be19303275e988377072cb2f8
beagle_183.jpg,https://raw.githubusercontent.com/ml4py/dataset-iiit-pet/master/images/beagle_183.jpg,train,dog,workspace/data/dataset/train/dog/beagle_183.jpg,500,400,96816,52cabb3d9efbe32d328e39b740e4dfe5117eff03849ff3a41b13352e46799de0
boxer_17.jpg,https://raw.githubusercontent.com/ml4py/dataset-iiit-pet/master/images/boxer_17.jpg,train,dog,workspace/data/dataset/train/dog/boxer_17.jpg,400,500,116231,548fb07cf738724e73d4fa613e197c76c4d4962620553809ebc33fed70a1a7f5
boxer_190.jpg,https://raw.githubusercontent.com/ml4py/dataset-iiit-pet/master/images/boxer_190.jpg,train,dog,workspace/data/dataset/train/dog/boxer_190.jpg,500,333,94480,2a4eae7d2960fae916f81160704b8236cc44e72958428e5dc7bb76a799ffee5a
boxer_25.jpg,https://raw.githubusercontent.com/ml4py/dataset-iiit-pet/master/images/boxer_25.jpg,train,dog,workspace/data/dataset/train/dog/boxer_25.jpg,375,500,122375,3e24acf4d67766d4474619c1f49560abeb08681147457fea5656d47f8f038e01
boxer_26.jpg,https://raw.githubusercontent.com/ml4py/dataset-iiit-pet/master/images/boxer_26.jpg,train,dog,workspace/data/dataset/train/dog/boxer_26.jpg,500,332,104032,4bcce154af453ef50f650432450fcda68d7131e39cdf0d43df38fdf12264e02b
boxer_34.jpg,https://raw.githubusercontent.com/ml4py/dataset-iiit-pet/master/images/boxer_34.jpg,train,dog,workspace/data/dataset/train/dog/boxer_34.jpg,500,333,117711,c9a71421d939a50faaf107a597c1b7b78e4160d91b02584bae2368ff9d305112
boxer_56.jpg,https://raw.githubusercontent.com/ml4py/dataset-iiit-pet/master/images/boxer_56.jpg,train,dog,workspace/data/dataset/train/dog/boxer_56.jpg,500,441,159408,835d561ae9c32aa4e7f461f7ab760705fa498f6ead46f9c412533069d44aed1b
boxer_84.jpg,https://raw.githubusercontent.com/ml4py/dataset-iiit-pet/master/images/boxer_84.jpg,train,dog,workspace/data/dataset/train/dog/boxer_84.jpg,500,333,94294,a9390ba26c05a6c163793152a1831674036e84a60eab02426dfb664d7967440b
chihuahua_12.jpg,https://raw.githubusercontent.com/ml4py/dataset-iiit-pet/master/images/chihuahua_12.jpg,train,dog,workspace/data/dataset/train/dog/chihuahua_12.jpg,500,375,147228,7dd93b8d6cfc37292da6b8f479901dea7eaf3b7300e0ebf02665ce0cd9294d12
chihuahua_140.jpg,https://raw.githubusercontent.com/ml4py/dataset-iiit-pet/master/images/chihuahua_140.jpg,train,dog,workspace/data/dataset/train/dog/chihuahua_140.jpg,300,290,14283,8a25af13d5e926a93f5bb0cbd2117f9bb90205fab22606468ac756978a7ec0de
chihuahua_165.jpg,https://raw.githubusercontent.com/ml4py/dataset-iiit-pet/master/images/chihuahua_165.jpg,train,dog,workspace/data/dataset/train/dog/chihuahua_165.jpg,300,224,11186,1faaeb768ce8dfd60c0da35663716fefe34345245c90ab31578c4e9735f61a47
chihuahua_166.jpg,https://raw.githubusercontent.com/ml4py/dataset-iiit-pet/master/images/chihuahua_166.jpg,train,dog,workspace/data/dataset/train/dog/chihuahua_166.jpg,300,225,15590,45ed6ef8c49faf21f22694456ea272480148bd189427f98d1b1cfa44e24e972e
chihuahua_170.jpg,https://raw.githubusercontent.com/ml4py/dataset-iiit-pet/master/images/chihuahua_170.jpg,train,dog,workspace/data/dataset/train/dog/chihuahua_170.jpg,300,225,7976,33b759678c10607e2986dcde3be113b76087ffddc13223237af673c253627b9f
chihuahua_178.jpg,https://raw.githubusercontent.com/ml4py/dataset-iiit-pet/master/images/chihuahua_178.jpg,train,dog,workspace/data/dataset/train/dog/chihuahua_178.jpg,300,225,9660,6154270faaaa1745b654ad2d5ad1debf073cf0bf0d27d64bc2e1211625a4ed2c
chihuahua_30.jpg,https://raw.githubusercontent.com/ml4py/dataset-iiit-pet/master/images/chihuahua_30.jpg,train,dog,workspace/data/dataset/train/dog/chihuahua_30.jpg,333,500,78018,04206e41811045360cb948cf8d23d05edf8972d2ca185a272eb96a57c664ee3c
chihuahua_33.jpg,https://raw.githubusercontent.com/ml4py/dataset-iiit-pet/master/images/chihuahua_33.jpg,train,dog,workspace/data/dataset/train/dog/chihuahua_33.jpg,333,500,76298,ca50405b55921bf1901abd266daf41fd519de8142e0a210affac0a84c5765619
chihuahua_65.jpg,https://raw.githubusercontent.com/ml4py/dataset-iiit-pet/master/images/chihuahua_65.jpg,train,dog,workspace/data/dataset/train/dog/chihuahua_65.jpg,489,500,135672,8c7a2f16b2b22f043dbba0d0f2f3391d24f4664de524fffe93db0eb1116597f5
chihuahua_68.jpg,https://raw.githubusercontent.com/ml4py/dataset-iiit-pet/master/images/chihuahua_68.jpg,train,dog,workspace/data/dataset/train/dog/chihuahua_68.jpg,429,500,123775,7b395cb3cff03d1743b8a469a934b250a3b8cad2cb9e2d8973c3caef6348cc6c
chihuahua_78.jpg,https://raw.githubusercontent.com/ml4py/dataset-iiit-pet/master/images/chihuahua_78.jpg,train,dog,workspace/data/dataset/train/dog/chihuahua_78.jpg,333,500,69479,a6fb581adc51023af5efcc1638311eb673be413b1b78170971d35dbd23e5b41a
chihuahua_86.jpg,https://raw.githubusercontent.com/ml4py/dataset-iiit-pet/master/images/chihuahua_86.jpg,train,dog,workspace/data/dataset/train/dog/chihuahua_86.jpg,500,382,117816,7f03bdc9b260395294011cb91b4fad239c3a0108f04174e7d38426e60ae33f0b
english_cocker_spaniel_130.jpg,https://raw.githubusercontent.com/ml4py/dataset-iiit-pet/master/images/english_cocker_spaniel_130.jpg,train,dog,workspace/data/dataset/train/dog/english_cocker_spaniel_130.jpg,500,333,136911,4d699291a18f1917cf845f0d33ab6969f9c6589255589c38fae562d5c901c95c
english_cocker_spaniel_154.jpg,https://raw.githubusercontent.com/ml4py/dataset-iiit-pet/master/images/english_cocker_spaniel_154.jpg,train,dog,workspace/data/dataset/train/dog/english_cocker_spaniel_154.jpg,500,375,155043,6fdc1e930267f48b6bad5aea2e83446eb6c45d215555807d4448041141ada3cd
english_cocker_spaniel_35.jpg,https://raw.githubusercontent.com/ml4py/dataset-iiit-pet/master/images/english_cocker_spaniel_35.jpg,train,dog,workspace/data/dataset/train/dog/english_cocker_spaniel_35.jpg,500,333,96070,c87d5da67e8acca7f341e3fb8c8a67fe340c5716ccaf561a7f21c763498adfab
english_cocker_spaniel_4.jpg,https://raw.githubusercontent.com/ml4py/dataset-iiit-pet/master/images/english_cocker_spaniel_4.jpg,train,dog,workspace/data/dataset/train/dog/english_cocker_spaniel_4.jpg,500,333,93302,55ddef79fb86187782c417b53fcb2643795c8a4daf02c903588cf23bd9796082
english_setter_102.jpg,https://raw.githubusercontent.com/ml4py/dataset-iiit-pet/master/images/english_setter_102.jpg,train,dog,workspace/data/dataset/train/dog/english_setter_102.jpg,333,500,135605,54dfc288a0a2e7a02a391da36dc5d13b79af8a2b045329350e6b809397abeb1e
english_setter_112.jpg,https://raw.githubusercontent.com/ml4py/dataset-iiit-pet/master/images/english_setter_112.jpg,train,dog,workspace/data/dataset/train/dog/english_setter_112.jpg,335,500,147135,ca398fc4101610d527db5edb1038ef0202c5f1f12c1bca979212c05b8ea39503
english_setter_117.jpg,https://raw.githubusercontent.com/ml4py/dataset-iiit-pet/master/images/english_setter_117.jpg,train,dog,workspace/data/dataset/train/dog/english_setter_117.jpg,500,333,93241,b28dcfc02e94c33a0bcf26f505d42354f952cbc0b1d58c7099a0084c9aeb334e
english_setter_118.jpg,https://raw.githubusercontent.com/ml4py/dataset-iiit-pet/master/images/english_setter_118.jpg,train,dog,workspace/data/dataset/train/dog/english_setter_118.jpg,500,333,115881,35ea89acbc049365d22a59d0554baee7d6bbb127685e29fcba193743b522ff7d
english_setter_197.jpg,https://raw.githubusercontent.com/ml4py/dataset-iiit-pet/master/images/english_setter_197.jpg,train,dog,workspace/data/dataset/train/dog/english_setter_197.jpg,375,500,122973,b9af34107193d56cc4347583fc3d3d2912bc7e7b3987b07c57a7f01962355ddb
english_setter_46.jpg,https://raw.githubusercontent.com/ml4py/dataset-iiit-pet/master/images/english_setter_46.jpg,train,dog,workspace/data/dataset/train/dog/english_setter_46.jpg,500,375,137567,6b34ba086525e9d6498bdfbf2ffdcd496ebb0abedfd23efb17632c6834190d41
english_setter_87.jpg,https://raw.githubusercontent.com/ml4py/dataset-iiit-pet/master/images/english_setter_87.jpg,train,dog,workspace/data/dataset/train/dog/english_setter_87.jpg,500,333,140948,7f60b463e0542d505c74ccebc9e9277bba56523ae834c24c65d89586147b76fc
english_setter_91.jpg,https://raw.githubusercontent.com/ml4py/dataset-iiit-pet/master/images/english_setter_91.jpg,train,dog,workspace/data/dataset/train/dog/english_setter_91.jpg,500,375,154644,5db0270eed8c44c2ff51aa70d80a93eb640ae16a8cc4a96970d92cb4949731e6
german_shorthaired_128.jpg,https://raw.githubusercontent.com/ml4py/dataset-iiit-pet/master/images/german_shorthaired_128.jpg,train,dog,workspace/data/dataset/train/dog/german_shorthaired_128.jpg,453,500,191790,40ad3922cf7a9f38ca4103f9dbf94bec5d41a33d2ad27b25414efaa809b90655
german_shorthaired_146.jpg,https://raw.githubusercontent.com/ml4py/dataset-iiit-pet/master/images/german_shorthaired_146.jpg,train,dog,workspace/data/dataset/train/dog/german_shorthaired_146.jpg,375,500,45018,c4d4f4ab387625f380718668bdeac6ad63c898e58ac00e1cace3bc5307669ba6
great_pyrenees_148.jpg,https://raw.githubusercontent.com/ml4py/dataset-iiit-pet/master/images/great_pyrenees_148.jpg,train,dog,workspace/data/dataset/train/dog/great_pyrenees_148.jpg,500,375,64480,26a250bbae648d9cf7c1767bbc14d8684177eb7eb032346ca63272e43ea496da
great_pyrenees_165.jpg,https://raw.githubusercontent.com/ml4py/dataset-iiit-pet/master/images/great_pyrenees_165.jpg,train,dog,workspace/data/dataset/train/dog/great_pyrenees_165.jpg,333,500,44090,4ddca2ff945486064e2411f53ba47b0d563ee98f767826b330a175461f6f452f
havanese_103.jpg,https://raw.githubusercontent.com/ml4py/dataset-iiit-pet/master/images/havanese_103.jpg,train,dog,workspace/data/dataset/train/dog/havanese_103.jpg,375,500,137784,5c21e8f1f7aa7ad8ccdb5e0764ef4534d30dd74710b9ff78080906fe132d37fb
havanese_117.jpg,https://raw.githubusercontent.com/ml4py/dataset-iiit-pet/master/images/havanese_117.jpg,train,dog,workspace/data/dataset/train/dog/havanese_117.jpg,500,367,87374,8656051817b54e34abf282dab942181dfa6aee681c7ede38c5e988fd9e63662a
havanese_177.jpg,https://raw.githubusercontent.com/ml4py/dataset-iiit-pet/master/images/havanese_177.jpg,train,dog,workspace/data/dataset/train/dog/havanese_177.jpg,500,375,226261,d259dd7174da69599da62d02e76f27b805506f8037238c9ed61e444f34930d34
havanese_54.jpg,https://raw.githubusercontent.com/ml4py/dataset-iiit-pet/master/images/havanese_54.jpg,train,dog,workspace/data/dataset/train/dog/havanese_54.jpg,332,500,96749,c6ffb81ded4242dbf794428deb04df4964bc9c48579b71ac1d03039f0b2d9285
havanese_59.jpg,https://raw.githubusercontent.com/ml4py/dataset-iiit-pet/master/images/havanese_59.jpg,train,dog,workspace/data/dataset/train/dog/havanese_59.jpg,500,333,72167,1cdb3059ad43edcd9b03eed9bd0272be5813cdc6a383d8b0e061ad14557c55f5
japanese_chin_12.jpg,https://raw.githubusercontent.com/ml4py/dataset-iiit-pet/master/images/japanese_chin_12.jpg,train,dog,workspace/data/dataset/train/dog/japanese_chin_12.jpg,332,500,89753,4f59dd4308e6c4bbb91b6854e268a6848a18d75cbba29a921e7d6f7aa279d61e
japanese_chin_127.jpg,https://raw.githubusercontent.com/ml4py/dataset-iiit-pet/master/images/japanese_chin_127.jpg,train,dog,workspace/data/dataset/train/dog/japanese_chin_127.jpg,375,500,160502,e61a0cdc9b543d114b63f57c97dc734b3f1f5ed8b30b128d6b6945ac4e5e2dd7
japanese_chin_15.jpg,https://raw.githubusercontent.com/ml4py/dataset-iiit-pet/master/images/japanese_chin_15.jpg,train,dog,workspace/data/dataset/train/dog/japanese_chin_15.jpg,493,500,172621,1e0f5b1011a5e75a117b64e460c6b284632321ce82caa61ebdd7fc89b688b751
japanese_chin_151.jpg,https://raw.githubusercontent.com/ml4py/dataset-iiit-pet/master/images/japanese_chin_151.jpg,train,dog,workspace/data/dataset/train/dog/japanese_chin_151.jpg,467,500,58680,cc056cd7134d659d2428e7cadb8b88118118bbbb168b44c5594ad78778311147
japanese_chin_163.jpg,https://raw.githubusercontent.com/ml4py/dataset-iiit-pet/master/images/japanese_chin_163.jpg,train,dog,workspace/data/dataset/train/dog/japanese_chin_163.jpg,375,500,84854,de5c8330d949d886e7a7167d3ae02e5076246733fa027a667bd326b118832d18
keeshond_157.jpg,https://raw.githubusercontent.com/ml4py/dataset-iiit-pet/master/images/keeshond_157.jpg,train,dog,workspace/data/dataset/train/dog/keeshond_157.jpg,500,375,165040,087d933f6b8ccd5f443650cbe3a98ef602e548c836bc571efda3f284058696a6
keeshond_172.jpg,https://raw.githubusercontent.com/ml4py/dataset-iiit-pet/master/images/keeshond_172.jpg,train,dog,workspace/data/dataset/train/dog/keeshond_172.jpg,500,333,113878,d09cfdef815520ef4258419b53b6a21c9a4f75ffcec5828f2740b02f5d39c8d1
keeshond_183.jpg,https://raw.githubusercontent.com/ml4py/dataset-iiit-pet/master/images/keeshond_183.jpg,train,dog,workspace/data/dataset/train/dog/keeshond_183.jpg,375,500,215752,575772e2496b0e6700dbd894256644c56af3463f8ea784e640e35b51e5c95911
keeshond_22.jpg,https://raw.githubusercontent.com/ml4py/dataset-iiit-pet/master/images/keeshond_22.jpg,train,dog,workspace/data/dataset/train/dog/keeshond_22.jpg,500,333,130461,1458501623ef39efd294487959376956df0a069180940823c4f46c05dd4f0703
keeshond_62.jpg,https://raw.githubusercontent.com/ml4py/dataset-iiit-pet/master/images/keeshond_62.jpg,train,dog,workspace/data/dataset/train/dog/keeshond_62.jpg,500,375,118195,51c19959b5c8efc7ed59f60ed32756bf3088093d10789bd2b155cc66e093d47e
leonberger_108.jpg,https://raw.githubusercontent.com/ml4py/dataset-iiit-pet/master/images/leonberger_108.jpg,train,dog,workspace/data/dataset/train/dog/leonberger_108.jpg,500,462,146692,7f89ac2f3227bc025c05c7c24c96d097fa35ff333937db4dbefbc52abc49d314
leonberger_128.jpg,https://raw.githubusercontent.com/ml4py/dataset-iiit-pet/master/images/leonberger_128.jpg,train,dog,workspace/data/dataset/train/dog/leonberger_128.jpg,427,500,133638,2f500087f5df9eb0769f11481bd7e56585e9c3b39a5d9252deafffc13d639307
leonberger_18.jpg,https://raw.githubusercontent.com/ml4py/dataset-iiit-pet/master/images/leonberger_18.jpg,train,dog,workspace/data/dataset/train/dog/leonberger_18.jpg,263,500,115544,145bff8b44518ab50564ba32ee45578e40b1216740fcbbb015e8dfa586b5a234
leonberger_186.jpg,https://raw.githubusercontent.com/ml4py/dataset-iiit-pet/master/images/leonberger_186.jpg,train,dog,workspace/data/dataset/train/dog/leonberger_186.jpg,500,375,169661,01a99d2f9584cf2e6a89607dd438399f5d1d5765808a7ebe774f5847661db64e
leonberger_188.jpg,https://raw.githubusercontent.com/ml4py/dataset-iiit-pet/master/images/leonberger_188.jpg,train,dog,workspace/data/dataset/train/dog/leonberger_188.jpg,500,474,127185,cf7e73b4b6864bb9a3ea4effb7291bcb9766ae99f960362c557061fbe4c59a5f
leonberger_94.jpg,https://raw.githubusercontent.com/ml4py/dataset-iiit-pet/master/images/leonberger_94.jpg,train,dog,workspace/data/dataset/train/dog/leonberger_94.jpg,375,500,116340,41fbf58255f0ce0241f8b8cf48f98b4b8e424295539ee48accffb168d3779d5e
miniature_pinscher_116.jpg,https://raw.githubusercontent.com/ml4py/dataset-iiit-pet/master/images/miniature_pinscher_116.jpg,train,dog,workspace/data/dataset/train/dog/miniature_pinscher_116.jpg,300,226,12890,4a1659bcfc202095697bcd353e2daab9c7259a71bb1a9c73dd02fc9408cdebb3
miniature_pinscher_121.jpg,https://raw.githubusercontent.com/ml4py/dataset-iiit-pet/master/images/miniature_pinscher_121.jpg,train,dog,workspace/data/dataset/train/dog/miniature_pinscher_121.jpg,300,225,15257,05757d6a8cafd29e923aa0630d778829790b353d9ac0f7deba5cd6c03c9be514
miniature_pinscher_48.jpg,https://raw.githubusercontent.com/ml4py/dataset-iiit-pet/master/images/miniature_pinscher_48.jpg,train,dog,workspace/data/dataset/train/dog/miniature_pinscher_48.jpg,333,500,150843,b996440ad2fdad64c4dbdb1001b6473450c3cc26ce9f83ed63b35bcddde4bce0
miniature_pinscher_78.jpg,https://raw.githubusercontent.com/ml4py/dataset-iiit-pet/master/images/miniature_pinscher_78.jpg,train,dog,workspace/data/dataset/train/dog/miniature_pinscher_78.jpg,337,500,167874,fe65540d1956cc1a36023d27d294893090fae201cb4db74a5b846fc0ac9c185a
miniature_pinscher_88.jpg,https://raw.githubusercontent.com/ml4py/dataset-iiit-pet/master/images/miniature_pinscher_88.jpg,train,dog,workspace/data/dataset/train/dog/miniature_pinscher_88.jpg,332,500,110628,261a4830740404292a0449d650cc8e56ef766d8c0fc02ec076788991a6282fac
miniature_pinscher_90.jpg,https://raw.githubusercontent.com/ml4py/dataset-iiit-pet/master/images/miniature_pinscher_90.jpg,train,dog,workspace/data/dataset/train/dog/miniature_pinscher_90.jpg,500,333,72774,b72d8ac0cbf434a6e5c33ad127e73ac46e0a366b1c4d81990ed9af9c27b56ed9
newfoundland_152.jpg,https://raw.githubusercontent.com/ml4py/dataset-iiit-pet/master/images/newfoundland_152.jpg,train,dog,workspace/data/dataset/train/dog/newfoundland_152.jpg,500,334,71516,101400af097a58067644945e9104c1e61eed1a6e7bfa1de90f4ab7f2370ff9f3
newfoundland_180.jpg,https://raw.githubusercontent.com/ml4py/dataset-iiit-pet/master/images/newfoundland_180.jpg,train,dog,workspace/data/dataset/train/dog/newfoundland_180.jpg,500,500,270469,46d66597ed76e1177e5b03010b6348d45f117fd3b3035616663b8d79233ee2fb
newfoundland_198.jpg,https://raw.githubusercontent.com/ml4py/dataset-iiit-pet/master/images/newfoundland_198.jpg,train,dog,workspace/data/dataset/train/dog/newfoundland_198.jpg,500,500,247384,9143c1b6311824b9fd481e1c9cc92259d2e8acac3a28ad96b9d6cf3fed813ba9
newfoundland_47.jpg,https://raw.githubusercontent.com/ml4py/dataset-iiit-pet/master/images/newfoundland_47.jpg,train,dog,workspace/data/dataset/train/dog/newfoundland_47.jpg,500,375,161823,9c3461eaa81530f8c5d58a2cf84d77c479323d9273c1cb56a826d177d78365ff
newfoundland_60.jpg,https://raw.githubusercontent.com/ml4py/dataset-iiit-pet/master/images/newfoundland_60.jpg,train,dog,workspace/data/dataset/train/dog/newfoundland_60.jpg,500,375,108211,5780e75c9484d7be48bead750064d7f68de38723243eb39d07b2a4a439890fb0
newfoundland_65.jpg,https://raw.githubusercontent.com/ml4py/dataset-iiit-pet/master/images/newfoundland_65.jpg,train,dog,workspace/data/dataset/train/dog/newfoundland_65.jpg,500,375,163589,94956f6df6d217fb1e6d99058eb03d5155524d5fd6d395bcbd1f7b0b5608935e
newfoundland_72.jpg,https://raw.githubusercontent.com/ml4py/dataset-iiit-pet/master/images/newfoundland_72.jpg,train,dog,workspace/data/dataset/train/dog/newfoundland_72.jpg,500,375,196668,1f3dd8ba34d64c527ae208dec4b98a256678fdb48b344405a6bc9e2c01d7abd4
pomeranian_111.jpg,https://raw.githubusercontent.com/ml4py/dataset-iiit-pet/master/images/pomeranian_111.jpg,train,dog,workspace/data/dataset/train/dog/pomeranian_111.jpg,300,253,10411,8868d218040110aeb96f35655ec1a5c70b7ffb493f6749314fc7ca5381465a76
pomeranian_124.jpg,https://raw.githubusercontent.com/ml4py/dataset-iiit-pet/master/images/pomeranian_124.jpg,train,dog,workspace/data/dataset/train/dog/pomeranian_124.jpg,300,225,9208,5848241b5b9dfd9ae2bf25fa30abb5d51f3cca76ad27a0056e1bb2c3a2e135a9
pomeranian_146.jpg,https://raw.githubusercontent.com/ml4py/dataset-iiit-pet/master/images/pomeranian_146.jpg,train,dog,workspace/data/dataset/train/dog/pomeranian_146.jpg,300,225,9320,9e17f916fb942240dc67d95c656127512b1182f671a17cb04ffe155f473c2a66
pomeranian_45.jpg,https://raw.githubusercontent.com/ml4py/dataset-iiit-pet/master/images/pomeranian_45.jpg,train,dog,workspace/data/dataset/train/dog/pomeranian_45.jpg,500,375,105901,418c59204d024f83fbee045eefb8889d98cbd26c510d3a4d3e061635e2d36411
pomeranian_88.jpg,https://raw.githubusercontent.com/ml4py/dataset-iiit-pet/master/images/pomeranian_88.jpg,train,dog,workspace/data/dataset/train/dog/pomeranian_88.jpg,500,375,92204,9c2112d64cafe9024a11c2ba94937660f3c938ee096a6a53e9925707b09c8659
saint_bernard_102.jpg,https://raw.githubusercontent.com/ml4py/dataset-iiit-pet/master/images/saint_bernard_102.jpg,train,dog,workspace/data/dataset/train/dog/saint_bernard_102.jpg,500,262,74008,713605f04f0d5d989491493a4c5cc16708f7c748e5429b88564396d8fa5edc5f
saint_bernard_104.jpg,https://raw.githubusercontent.com/ml4py/dataset-iiit-pet/master/images/saint_bernard_104.jpg,train,dog,workspace/data/dataset/train/dog/saint_bernard_104.jpg,412,500,111766,c725d07d81868184f772a48a980cbf6fcccad829d32746d60c3654eaa7690885
saint_bernard_14.jpg,https://raw.githubusercontent.com/ml4py/dataset-iiit-pet/master/images/saint_bernard_14.jpg,train,dog,workspace/data/dataset/train/dog/saint_bernard_14.jpg,500,375,106894,4f96dc6c642c13394bcb33a69bdafa9e6b49c8e06b6c1324395230dda6826af3
saint_bernard_192.jpg,https://raw.githubusercontent.com/ml4py/dataset-iiit-pet/master/images/saint_bernard_192.jpg,train,dog,workspace/data/dataset/train/dog/saint_bernard_192.jpg,500,500,206370,d58cf1ef019c9dd23d44c910f83c92f0dcd673d124976d09d38f132dd4b2e896
saint_bernard_21.jpg,https://raw.githubusercontent.com/ml4py/dataset-iiit-pet/master/images/saint_bernard_21.jpg,train,dog,workspace/data/dataset/train/dog/saint_bernard_21.jpg,500,375,112031,15bbfe5a57dccfadb87f4f48b218dbcb70729050e10bfe4f548e2db76d0dbc64
saint_bernard_29.jpg,https://raw.githubusercontent.com/ml4py/dataset-iiit-pet/master/images/saint_bernard_29.jpg,train,dog,workspace/data/dataset/train/dog/saint_bernard_29.jpg,357,500,147240,d64c8042e71eaa2b714992ed765195aa591c845ba846d98d588f2d50da8c2ed5
saint_bernard_50.jpg,https://raw.githubusercontent.com/ml4py/dataset-iiit-pet/master/images/saint_bernard_50.jpg,train,dog,workspace/data/dataset/train/dog/saint_bernard_50.jpg,500,335,95034,bb9cc14b978383376653b483e447040dc0565e09b668e2bdd8569babe5368c29
saint_bernard_73.jpg,https://raw.githubusercontent.com/ml4py/dataset-iiit-pet/master/images/saint_bernard_73.jpg,train,dog,workspace/data/dataset/train/dog/saint_bernard_73.jpg,450,387,108886,d029fc56f1396e1fe1c1e3926112de4b363ba82dca575b3d1357aff6b4fcc28e
saint_bernard_79.jpg,https://raw.githubusercontent.com/ml4py/dataset-iiit-pet/master/images/saint_bernard_79.jpg,train,dog,workspace/data/dataset/train/dog/saint_bernard_79.jpg,375,500,143459,3cef661bc2e5bc1a5e4fbc3161695f6236fa9960cf58da802796758b89052a5a
samoyed_136.jpg,https://raw.githubusercontent.com/ml4py/dataset-iiit-pet/master/images/samoyed_136.jpg,train,dog,workspace/data/dataset/train/dog/samoyed_136.jpg,500,375,185727,d50035059778cc58915199bfaa527e745a28ccae7a725ac0dee3a4307eba2241
samoyed_155.jpg,https://raw.githubusercontent.com/ml4py/dataset-iiit-pet/master/images/samoyed_155.jpg,train,dog,workspace/data/dataset/train/dog/samoyed_155.jpg,500,333,80889,7c457fe3a2fb12bc1ab20adf44e77c940292393755ad440c7eac670ac78718f6
samoyed_32.jpg,https://raw.githubusercontent.com/ml4py/dataset-iiit-pet/master/images/samoyed_32.jpg,train,dog,workspace/data/dataset/train/dog/samoyed_32.jpg,333,500,102386,c1580724c2db33e2897fe306566da28ac3dbda754eccc568e9b8febe79931008
samoyed_42.jpg,https://raw.githubusercontent.com/ml4py/dataset-iiit-pet/master/images/samoyed_42.jpg,train,dog,workspace/data/dataset/train/dog/samoyed_42.jpg,500,333,114621,8693760dc763a4e3376c75c0f541e9a694c0ce1bb8e33a497ad6f9b9a082cc76
samoyed_8.jpg,https://raw.githubusercontent.com/ml4py/dataset-iiit-pet/master/images/samoyed_8.jpg,train,dog,workspace/data/dataset/train/dog/samoyed_8.jpg,375,500,74350,e70f30b8a6db5ad4cc27bb39cc8e2c5d7e6ee527854a9d9208355e0f25576cb6
scottish_terrier_104.jpg,https://raw.githubusercontent.com/ml4py/dataset-iiit-pet/master/images/scottish_terrier_104.jpg,train,dog,workspace/data/dataset/train/dog/scottish_terrier_104.jpg,480,360,42591,ee253c148890870102ba0344a8cc8006d3cbd36c3fa8460de4b365c67ae6ddb3
scottish_terrier_109.jpg,https://raw.githubusercontent.com/ml4py/dataset-iiit-pet/master/images/scottish_terrier_109.jpg,train,dog,workspace/data/dataset/train/dog/scottish_terrier_109.jpg,500,375,111203,741fac0a2f7b63eb0019cf4a9304486773ae34975571ad1a32f3c0063794f5dd
scottish_terrier_122.jpg,https://raw.githubusercontent.com/ml4py/dataset-iiit-pet/master/images/scottish_terrier_122.jpg,train,dog,workspace/data/dataset/train/dog/scottish_terrier_122.jpg,449,439,51793,8cc8396c8e0be341c7e403316762b3116f41f2381cb92f748afb54da5c1ad2a0
scottish_terrier_132.jpg,https://raw.githubusercontent.com/ml4py/dataset-iiit-pet/master/images/scottish_terrier_132.jpg,train,dog,workspace/data/dataset/train/dog/scottish_terrier_132.jpg,500,375,243781,1a3018024aae1c0985227ce9cba25877b20d3d3aaabfb5c191fca2b6b7d3d4e2
scottish_terrier_155.jpg,https://raw.githubusercontent.com/ml4py/dataset-iiit-pet/master/images/scottish_terrier_155.jpg,train,dog,workspace/data/dataset/train/dog/scottish_terrier_155.jpg,500,332,157752,78819448de5fffd784a5e3720ffdd3341f15dc6f77846fb0a0e64b77a2f61702
scottish_terrier_157.jpg,https://raw.githubusercontent.com/ml4py/dataset-iiit-pet/master/images/scottish_terrier_157.jpg,train,dog,workspace/data/dataset/train/dog/scottish_terrier_157.jpg,500,375,133629,aea388f6dbaa39df8db6a12cd82d07c18e22b5b16aedcf258d32e6acf9653998
scottish_terrier_27.jpg,https://raw.githubusercontent.com/ml4py/dataset-iiit-pet/master/images/scottish_terrier_27.jpg,train,dog,workspace/data/dataset/train/dog/scottish_terrier_27.jpg,500,333,128741,2cbbac7cebe95e39d7bf17d9dee0af75c00b1e34d6013debd995a6589fd08761
shiba_inu_111.jpg,https://raw.githubusercontent.com/ml4py/dataset-iiit-pet/master/images/shiba_inu_111.jpg,train,dog,workspace/data/dataset/train/dog/shiba_inu_111.jpg,375,500,118519,f3a10549ee9d53cb8759a7132e13a982bbef3366ef632b3576ca317e95682ec3
shiba_inu_123.jpg,https://raw.githubusercontent.com/ml4py/dataset-iiit-pet/master/images/shiba_inu_123.jpg,train,dog,workspace/data/dataset/train/dog/shiba_inu_123.jpg,221,306,36459,cd24180163ff87d43f5875d167dcebe93f7206230ee72a32bfd077cdb15e79bc
shiba_inu_127.jpg,https://raw.githubusercontent.com/ml4py/dataset-iiit-pet/master/images/shiba_inu_127.jpg,train,dog,workspace/data/dataset/train/dog/shiba_inu_127.jpg,332,500,146271,dd6a7335a88e996c029f0b6a242b94066d1c742ee71af296bfc2baa200418e5f
shiba_inu_147.jpg,https://raw.githubusercontent.com/ml4py/dataset-iiit-pet/master/images/shiba_inu_147.jpg,train,dog,workspace/data/dataset/train/dog/shiba_inu_147.jpg,375,500,189108,cc2af51b752cedb1b7f585dbd827f84581c698824dbc2cf63eafc53025b16e79
shiba_inu_152.jpg,https://raw.githubusercontent.com/ml4py/dataset-iiit-pet/master/images/shiba_inu_152.jpg,train,dog,workspace/data/dataset/train/dog/shiba_inu_152.jpg,335,500,91006,81fd4859d8747b20315cfb2c10b2feb0faa0c5d78f9ce58388d97be7312a55c4
shiba_inu_157.jpg,https://raw.githubusercontent.com/ml4py/dataset-iiit-pet/master/images/shiba_inu_157.jpg,train,dog,workspace/data/dataset/train/dog/shiba_inu_157.jpg,333,500,140949,898fe877a6f7e6b27d8c6722de6ab90fa100ecf1631f478167863e4b31c07638
shiba_inu_19.jpg,https://raw.githubusercontent.com/ml4py/dataset-iiit-pet/master/images/shiba_inu_19.jpg,train,dog,workspace/data/dataset/train/dog/shiba_inu_19.jpg,500,333,110366,9eff6b7fbe4c1dbb8fc16116ed0275704e61b8612330c1fcce7464f81c90b36b
shiba_inu_207.jpg,https://raw.githubusercontent.com/ml4py/dataset-iiit-pet/master/images/shiba_inu_207.jpg,train,dog,workspace/data/dataset/train/dog/shiba_inu_207.jpg,500,334,130010,7dbff23ae8bf3fbfc961c81b8ab7f7ab69b316102db88148436d5641388acae3
shiba_inu_41.jpg,https://raw.githubusercontent.com/ml4py/dataset-iiit-pet/master/images/shiba_inu_41.jpg,train,dog,workspace/data/dataset/train/dog/shiba_inu_41.jpg,500,375,126169,3eb84cf008d94272359cd499299eb587a4f6e26faa81a392bd3c27d86c05e9d6
shiba_inu_84.jpg,https://raw.githubusercontent.com/ml4py/dataset-iiit-pet/master/images/shiba_inu_84.jpg,train,dog,workspace/data/dataset/train/dog/shiba_inu_84.jpg,500,500,266278,a2ac4797f8cddda05c3e6ef21ed322e191498343bb045db27b7da98e50954271
staffordshire_bull_terrier_116.jpg,https://raw.githubusercontent.com/ml4py/dataset-iiit-pet/master/images/staffordshire_bull_terrier_116.jpg,train,dog,workspace/data/dataset/train/dog/staffordshire_bull_terrier_116.jpg,500,375,122000,f52d229cde13a99b0c89922764de39798015cfa71f8fa8e14e544383920f495c
staffordshire_bull_terrier_192.jpg,https://raw.githubusercontent.com/ml4py/dataset-iiit-pet/master/images/staffordshire_bull_terrier_192.jpg,train,dog,workspace/data/dataset/train/dog/staffordshire_bull_terrier_192.jpg,500,333,164364,a34eea8bc13b0ffb7ba4bfc1a827896fd4ed06b4c4df9cd71340271a07f24303
staffordshire_bull_terrier_55.jpg,https://raw.githubusercontent.com/ml4py/dataset-iiit-pet/master/images/staffordshire_bull_terrier_55.jpg,train,dog,workspace/data/dataset/train/dog/staffordshire_bull_terrier_55.jpg,500,333,170079,91e56b7dd9ae9db3eacd5c360a4bb6d7ee707936e21a4a43a003fd0f293e980f
staffordshire_bull_terrier_61.jpg,https://raw.githubusercontent.com/ml4py/dataset-iiit-pet/master/images/staffordshire_bull_terrier_61.jpg,train,dog,workspace/data/dataset/train/dog/staffordshire_bull_terrier_61.jpg,500,333,140527,a13ac9fe1cda41069f4705663d532a7c76729c28c46c1fe54840695575c06163
staffordshire_bull_terrier_83.jpg,https://raw.githubusercontent.com/ml4py/dataset-iiit-pet/master/images/staffordshire_bull_terrier_83.jpg,train,dog,workspace/data/dataset/train/dog/staffordshire_bull_terrier_83.jpg,500,375,176126,0fd30a23ad1d17d9e52826013bfbc3845ca9650a77e6e710670da07c1d84ce1d
staffordshire_bull_terrier_85.jpg,https://raw.githubusercontent.com/ml4py/dataset-iiit-pet/master/images/staffordshire_bull_terrier_85.jpg,train,dog,workspace/data/dataset/train/dog/staffordshire_bull_terrier_85.jpg,500,333,95705,9a426ee78dc96423a0dc6923cca61d8251b71bba177fcdd0c04ea0d3b20ca373
wheaten_terrier_101.jpg,https://raw.githubusercontent.com/ml4py/dataset-iiit-pet/master/images/wheaten_terrier_101.jpg,train,dog,workspace/data/dataset/train/dog/wheaten_terrier_101.jpg,334,500,78677,bd61228e9cd14bdd0a5e892583b0fcef6b7d6987a2bc99265c4cd1ce3752c543
wheaten_terrier_15.jpg,https://raw.githubusercontent.com/ml4py/dataset-iiit-pet/master/images/wheaten_terrier_15.jpg,train,dog,workspace/data/dataset/train/dog/wheaten_terrier_15.jpg,500,400,154231,47b6e3e09e283f0d14d76339c6af4afd058c4857657c28aa0f148bdf80dd4c11
wheaten_terrier_154.jpg,https://raw.githubusercontent.com/ml4py/dataset-iiit-pet/master/images/wheaten_terrier_154.jpg,train,dog,workspace/data/dataset/train/dog/wheaten_terrier_154.jpg,500,375,115612,e895a46f67614bfb68ef6aa68a396babac60198aeef957d32b14be1243d631fa
wheaten_terrier_19.jpg,https://raw.githubusercontent.com/ml4py/dataset-iiit-pet/master/images/wheaten_terrier_19.jpg,train,dog,workspace/data/dataset/train/dog/wheaten_terrier_19.jpg,500,333,141915,efa8736ae5902aadceb583a9db27cf984a9a25ed07046f727a1a198d83c6c6d7
wheaten_terrier_196.jpg,https://raw.githubusercontent.com/ml4py/dataset-iiit-pet/master/images/wheaten_terrier_196.jpg,train,dog,workspace/data/dataset/train/dog/wheaten_terrier_196.jpg,500,330,112040,54bd0dd048996b241b1d5d98643c2cb78ca464d5f51eb95d16417c837ab8b830
wheaten_terrier_198.jpg,https://raw.githubusercontent.com/ml4py/dataset-iiit-pet/master/images/wheaten_terrier_198.jpg,train,dog,workspace/data/dataset/train/dog/wheaten_terrier_198.jpg,488,500,153968,dcec9fe3d2870b8f2d8252b78a85304623c80f493e0700fd5b88e7e1eeb3d95c
wheaten_terrier_37.jpg,https://raw.githubusercontent.com/ml4py/dataset-iiit-pet/master/images/wheaten_terrier_37.jpg,train,dog,workspace/data/dataset/train/dog/wheaten_terrier_37.jpg,334,500,68566,257a02b0f4285df9480343abddc6fc68937acb7d72d303daec575cf56e5770ce
wheaten_terrier_41.jpg,https://raw.githubusercontent.com/ml4py/dataset-iiit-pet/master/images/wheaten_terrier_41.jpg,train,dog,workspace/data/dataset/train/dog/wheaten_terrier_41.jpg,375,500,228877,fb798505f3b5debf0e00f87a6639841a6a2e1d885cae8e64ff46f979b5229e8c
wheaten_terrier_53.jpg,https://raw.githubusercontent.com/ml4py/dataset-iiit-pet/master/images/wheaten_terrier_53.jpg,train,dog,workspace/data/dataset/train/dog/wheaten_terrier_53.jpg,500,331,81800,caf9edb78501437153ffef6671fe5456001a4ca1c865ee32c3b19cdd59b6d990
yorkshire_terrier_112.jpg,https://raw.githubusercontent.com/ml4py/dataset-iiit-pet/master/images/yorkshire_terrier_112.jpg,train,dog,workspace/data/dataset/train/dog/yorkshire_terrier_112.jpg,483,500,118948,fb05057ddcfa8ab9a1d8b35e57cc3a7e3563267529eaf36508eddf2611e90f69
yorkshire_terrier_132.jpg,https://raw.githubusercontent.com/ml4py/dataset-iiit-pet/master/images/yorkshire_terrier_132.jpg,train,dog,workspace/data/dataset/train/dog/yorkshire_terrier_132.jpg,300,225,11536,132d1d2a8c43370205ec23e8a29a72ad808a3148d2a6b6e5ec58ad774f9f53f2
yorkshire_terrier_159.jpg,https://raw.githubusercontent.com/ml4py/dataset-iiit-pet/master/images/yorkshire_terrier_159.jpg,train,dog,workspace/data/dataset/train/dog/yorkshire_terrier_159.jpg,500,375,127812,b4e504e63d374adaa069fa277399f666b257a453cc0f2629b922e78ae5f5673a
yorkshire_terrier_191.jpg,https://raw.githubusercontent.com/ml4py/dataset-iiit-pet/master/images/yorkshire_terrier_191.jpg,train,dog,workspace/data/dataset/train/dog/yorkshire_terrier_191.jpg,333,500,104197,1a1bfdb2c51de8b520004860b0f72b71af9e66d31d0dcc4bb8e95a9779a6f5e7
yorkshire_terrier_71.jpg,https://raw.githubusercontent.com/ml4py/dataset-iiit-pet/master/images/yorkshire_terrier_71.jpg,train,dog,workspace/data/dataset/train/dog/yorkshire_terrier_71.jpg,500,375,134224,fde34195b031642c3828bc66e371cb469a25e2453908f02fd70a6f0f7bfc9d36
pug_1.jpg,https://raw.githubusercontent.com/ml4py/dataset-iiit-pet/master/images/pug_1.jpg,train,pug,workspace/data/dataset/train/pug/pug_1.jpg,500,374,104156,0a959b4173f5075a7dcd46e4c1c1a75cf45a39759c3b59cde0701d8009106d0c
pug_10.jpg,https://raw.githubusercontent.com/ml4py/dataset-iiit-pet/master/images/pug_10.jpg,train,pug,workspace/data/dataset/train/pug/pug_10.jpg,333,500,118657,613a98eb31494376cd54f726fc3da0499f9f648f85ff27e9a8948ecf6c3dc7a5
pug_100.jpg,https://raw.githubusercontent.com/ml4py/dataset-iiit-pet/master/images/pug_100.jpg,train,pug,workspace/data/dataset/train/pug/pug_100.jpg,333,500,74826,6648ef7d6965ed53e2276bf171a677880efd56ad3b54facd626a6d0aaed077e7
pug_102.jpg,https://raw.githubusercontent.com/ml4py/dataset-iiit-pet/master/images/pug_102.jpg,train,pug,workspace/data/dataset/train/pug/pug_102.jpg,375,500,148396,cd4c62850cb41bac1e0a68cb35c79361af3a6dcf5827a7662bd641d085d0890a
pug_103.jpg,https://raw.githubusercontent.com/ml4py/dataset-iiit-pet/master/images/pug_103.jpg,train,pug,workspace/data/dataset/train/pug/pug_103.jpg,500,375,103492,77ddbccce35d5d5c200d9c81d9890bb90972222c2e58526218bd2625fe4b3fc8
pug_104.jpg,https://raw.githubusercontent.com/ml4py/dataset-iiit-pet/master/images/pug_104.jpg,train,pug,workspace/data/dataset/train/pug/pug_104.jpg,500,394,139158,8fd3e81b195b99a50ee6187a96df4214c68563aefb74e7e56ea36e9716433e6e
pug_105.jpg,https://raw.githubusercontent.com/ml4py/dataset-iiit-pet/master/images/pug_105.jpg,train,pug,workspace/data/dataset/train/pug/pug_105.jpg,375,500,141040,fe4510065eb6b9579342ac0ef2723956ef39ec03dbb12b05352ed7d55b8fe840
pug_108.jpg,https://raw.githubusercontent.com/ml4py/dataset-iiit-pet/master/images/pug_108.jpg,train,pug,workspace/data/dataset/train/pug/pug_108.jpg,375,500,113322,eb65685c38cf3ba06c10b8bf2cd5a428b8342fb5fd0b518420c2d16ce4df14a9
pug_109.jpg,https://raw.githubusercontent.com/ml4py/dataset-iiit-pet/master/images/pug_109.jpg,train,pug,workspace/data/dataset/train/pug/pug_109.jpg,375,500,107422,82e854aff089d5a16271901fdf885abb322d1e93b7d658b61749ef65385cfdb4
pug_11.jpg,https://raw.githubusercontent.com/ml4py/dataset-iiit-pet/master/images/pug_11.jpg,train,pug,workspace/data/dataset/train/pug/pug_11.jpg,500,333,83329,4c7ea18c7ee3722fabafb570b801b9163655423a45717d18320b4984f4219b8d
pug_112.jpg,https://raw.githubusercontent.com/ml4py/dataset-iiit-pet/master/images/pug_112.jpg,train,pug,workspace/data/dataset/train/pug/pug_112.jpg,333,500,93404,d6bbd60d490cb085f710b74a6104c245f6363b3e4fd732f0dddacb439c69906a
pug_114.jpg,https://raw.githubusercontent.com/ml4py/dataset-iiit-pet/master/images/pug_114.jpg,train,pug,workspace/data/dataset/train/pug/pug_114.jpg,375,500,112494,ffa829e12f17c4e9e03c4d65e87951b02edb89295414c5e10a9ff1edac0420c9
pug_115.jpg,https://raw.githubusercontent.com/ml4py/dataset-iiit-pet/master/images/pug_115.jpg,train,pug,workspace/data/dataset/train/pug/pug_115.jpg,375,500,245663,6ef9c8ee0367c7fa4af0b6a49e9eed372362eee0bfe1645d71a6c5af5395f755
pug_116.jpg,https://raw.githubusercontent.com/ml4py/dataset-iiit-pet/master/images/pug_116.jpg,train,pug,workspace/data/dataset/train/pug/pug_116.jpg,500,333,95053,7ad82e186d704fc5bb65ca8bf88a07e5c83bd19781405626609fca4d506dcd29
pug_117.jpg,https://raw.githubusercontent.com/ml4py/dataset-iiit-pet/master/images/pug_117.jpg,train,pug,workspace/data/dataset/train/pug/pug_117.jpg,500,333,187994,68d72e3bd1abd33502e253e562e946507a3bd756f94fc09984cf448a3c731e37
pug_118.jpg,https://raw.githubusercontent.com/ml4py/dataset-iiit-pet/master/images/pug_118.jpg,train,pug,workspace/data/dataset/train/pug/pug_118.jpg,332,500,115627,fff79bb93c501f2fc87315c015b2876ace1199f67af41728c6156d37745caa09
pug_12.jpg,https://raw.githubusercontent.com/ml4py/dataset-iiit-pet/master/images/pug_12.jpg,train,pug,workspace/data/dataset/train/pug/pug_12.jpg,500,333,90481,32324c44b46136baf157fd25a48166b0c42faf238d65118e8d2f8c28de22581d
pug_122.jpg,https://raw.githubusercontent.com/ml4py/dataset-iiit-pet/master/images/pug_122.jpg,train,pug,workspace/data/dataset/train/pug/pug_122.jpg,300,296,13641,4934202af268e03ab4a73e4a0fdd366ca4ce8cd7d5c3472b2df73144522f7f2b
pug_123.jpg,https://raw.githubusercontent.com/ml4py/dataset-iiit-pet/master/images/pug_123.jpg,train,pug,workspace/data/dataset/train/pug/pug_123.jpg,223,300,10726,83f519d0058d2d43cbc1a6b66c85e1c3bb7315c41abb54c605dcac2733951677
pug_124.jpg,https://raw.githubusercontent.com/ml4py/dataset-iiit-pet/master/images/pug_124.jpg,train,pug,workspace/data/dataset/train/pug/pug_124.jpg,225,300,15046,393cab1176d319fab1fe4c28307332df70923343744602fa71ac62fa2048fc3a
pug_126.jpg,https://raw.githubusercontent.com/ml4py/dataset-iiit-pet/master/images/pug_126.jpg,train,pug,workspace/data/dataset/train/pug/pug_126.jpg,203,300,6995,5de7d2c4172a68f95204dcbc0e212bf4c5350b8bfe097678d34a6cadc7498941
pug_128.jpg,https://raw.githubusercontent.com/ml4py/dataset-iiit-pet/master/images/pug_128.jpg,train,pug,workspace/data/dataset/train/pug/pug_128.jpg,300,225,15486,fb9a9fa3cb2f74472a15a8d46ce15e5f70fb3f57e4ed7b84bb352fcc72b03bd7
pug_129.jpg,https://raw.githubusercontent.com/ml4py/dataset-iiit-pet/master/images/pug_129.jpg,train,pug,workspace/data/dataset/train/pug/pug_129.jpg,300,225,17114,be45a746aa5c05d7d0ef206421c6af6142664bb86e525cc0bc293fa30c7b1cb8
pug_13.jpg,https://raw.githubusercontent.com/ml4py/dataset-iiit-pet/master/images/pug_13.jpg,train,pug,workspace/data/dataset/train/pug/pug_13.jpg,500,375,90616,5ea284ba735f39f850a865c7b2548dc9bd12424e724656ffe7c122e490e41604
pug_130.jpg,https://raw.githubusercontent.com/ml4py/dataset-iiit-pet/master/images/pug_130.jpg,train,pug,workspace/data/dataset/train/pug/pug_130.jpg,300,225,13128,0b59506d12c55171750666b1f17f71a025dff5816aa2784f03b803d50463a32d
pug_131.jpg,https://raw.githubusercontent.com/ml4py/dataset-iiit-pet/master/images/pug_131.jpg,train,pug,workspace/data/dataset/train/pug/pug_131.jpg,300,200,7893,a24d4d34585d856f2b674fd2d9075a5fff4e20116195cf18b42df1ecd0126002
pug_132.jpg,https://raw.githubusercontent.com/ml4py/dataset-iiit-pet/master/images/pug_132.jpg,train,pug,workspace/data/dataset/train/pug/pug_132.jpg,240,300,12308,85e4e5cb0efc9dabbb6d6f481d8d3d2448e91b9bb7626d9989fe716f784b7c80
pug_135.jpg,https://raw.githubusercontent.com/ml4py/dataset-iiit-pet/master/images/pug_135.jpg,train,pug,workspace/data/dataset/train/pug/pug_135.jpg,208,300,11828,3e8526ed5c42e9eb56b8e21da85f0c95fb335b56ed8416ca7a5763423bb76c84
pug_136.jpg,https://raw.githubusercontent.com/ml4py/dataset-iiit-pet/master/images/pug_136.jpg,train,pug,workspace/data/dataset/train/pug/pug_136.jpg,300,210,12570,40b0ec8c036d15c0b8268a2561a6f0cad0b0f663b1b245220f44a982a1d4d9e1
pug_137.jpg,https://raw.githubusercontent.com/ml4py/dataset-iiit-pet/master/images/pug_137.jpg,train,pug,workspace/data/dataset/train/pug/pug_137.jpg,199,300,10451,16c7216b7ed9407a799914cae00e15fabfe08344ae6ca1f35ee6e28a012ef337
pug_14.jpg,https://raw.githubusercontent.com/ml4py/dataset-iiit-pet/master/images/pug_14.jpg,train,pug,workspace/data/dataset/train/pug/pug_14.jpg,500,334,80244,0e0548af458950f47118d9a47474587fe8ea60d64fed708ce321e30909d62449
pug_140.jpg,https://raw.githubusercontent.com/ml4py/dataset-iiit-pet/master/images/pug_140.jpg,train,pug,workspace/data/dataset/train/pug/pug_140.jpg,300,225,9674,d4b8015e7584be2da02e1e0cccc75067524b847614a924b3b7f2c7a9a7718553
pug_143.jpg,https://raw.githubusercontent.com/ml4py/dataset-iiit-pet/master/images/pug_143.jpg,train,pug,workspace/data/dataset/train/pug/pug_143.jpg,300,225,13429,8b32fc496b2d0b45194e2469a5b8eb334acc6c7e389ea7120f80d8e9b8a1a7b6
pug_144.jpg,https://raw.githubusercontent.com/ml4py/dataset-iiit-pet/master/images/pug_144.jpg,train,pug,workspace/data/dataset/train/pug/pug_144.jpg,197,300,9102,b10e2b92adbdf8b76109f29c744353b09b730460e6ba62bf50fffe061ca52ddd
pug_145.jpg,https://raw.githubusercontent.com/ml4py/dataset-iiit-pet/master/images/pug_145.jpg,train,pug,workspace/data/dataset/train/pug/pug_145.jpg,300,225,18531,f3f22460ba8f6dea96b162395e09bed2d1bbfbca2fc8055a643f419e1181b74e
pug_146.jpg,https://raw.githubusercontent.com/ml4py/dataset-iiit-pet/master/images/pug_146.jpg,train,pug,workspace/data/dataset/train/pug/pug_146.jpg,300,224,11208,577e50984f10f2d07fcaea4ffb8695576014646146796f34df1d15603ac5a56d
pug_147.jpg,https://raw.githubusercontent.com/ml4py/dataset-iiit-pet/master/images/pug_147.jpg,train,pug,workspace/data/dataset/train/pug/pug_147.jpg,300,224,10195,bd72d69114a9a188727563d36f0c90553dacaf5189653c9a61ff58df881074fb
pug_148.jpg,https://raw.githubusercontent.com/ml4py/dataset-iiit-pet/master/images/pug_148.jpg,train,pug,workspace/data/dataset/train/pug/pug_148.jpg,300,200,8871,d0bdf8823ecbc56e61e7f080e06543cf2f585de17279504cc44ecd71b818f446
pug_149.jpg,https://raw.githubusercontent.com/ml4py/dataset-iiit-pet/master/images/pug_149.jpg,train,pug,workspace/data/dataset/train/pug/pug_149.jpg,300,253,11570,8de87a822b91f1860544fa3fad43a2e6746ed99666c65aa1feaf2429d2a3d519
pug_15.jpg,https://raw.githubusercontent.com/ml4py/dataset-iiit-pet/master/images/pug_15.jpg,train,pug,workspace/data/dataset/train/pug/pug_15.jpg,500,500,217018,bc66020b6d469b3b59678d7d990e6a0c0fed36e56fdac41716883dc896926c11
pug_151.jpg,https://raw.githubusercontent.com/ml4py/dataset-iiit-pet/master/images/pug_151.jpg,train,pug,workspace/data/dataset/train/pug/pug_151.jpg,198,300,15313,ce584b9e866e1ead67f1fd26099890c64a0647fcd032c7ee666df0a76d0c1a54
pug_153.jpg,https://raw.githubusercontent.com/ml4py/dataset-iiit-pet/master/images/pug_153.jpg,train,pug,workspace/data/dataset/train/pug/pug_153.jpg,300,225,9748,33769efdd1ed4f28fefa920cfe26b19f6be6fc7a2f5f2f80b494c6b06d724e17
pug_154.jpg,https://raw.githubusercontent.com/ml4py/dataset-iiit-pet/master/images/pug_154.jpg,train,pug,workspace/data/dataset/train/pug/pug_154.jpg,300,225,10560,465ce430b7fc2e9facddabc33475ba73fc329791962edb25e4f380c47b8927c3
pug_155.jpg,https://raw.githubusercontent.com/ml4py/dataset-iiit-pet/master/images/pug_155.jpg,train,pug,workspace/data/dataset/train/pug/pug_155.jpg,300,225,8911,886f786cdd8e4236876e1c389a578ae5c1cc9c556732255d1050baae1888bba6
pug_156.jpg,https://raw.githubusercontent.com/ml4py/dataset-iiit-pet/master/images/pug_156.jpg,train,pug,workspace/data/dataset/train/pug/pug_156.jpg,300,225,11391,0bbba6a90c8d16caf49bcfc518ec84d90eaeb5463079164c3d2e5da72148ab44
pug_157.jpg,https://raw.githubusercontent.com/ml4py/dataset-iiit-pet/master/images/pug_157.jpg,train,pug,workspace/data/dataset/train/pug/pug_157.jpg,300,267,14320,10337d5ce402d0dc02abf5d46b085b0d81f84f340a08905885fa237ff3f5f786
pug_158.jpg,https://raw.githubusercontent.com/ml4py/dataset-iiit-pet/master/images/pug_158.jpg,train,pug,workspace/data/dataset/train/pug/pug_158.jpg,300,225,13028,8cf788e976368e2d5425b32a9b87a99e8e4becd10b8cb7e437439e32f99ed6d8
pug_16.jpg,https://raw.githubusercontent.com/ml4py/dataset-iiit-pet/master/images/pug_16.jpg,train,pug,workspace/data/dataset/train/pug/pug_16.jpg,500,375,135600,e384e56c06dbbde0f7b5f3ecff556609cd1e7f87aa18b8b42fbc292a6ceddde5
pug_160.jpg,https://raw.githubusercontent.com/ml4py/dataset-iiit-pet/master/images/pug_160.jpg,train,pug,workspace/data/dataset/train/pug/pug_160.jpg,300,225,12250,80631923d9d3edd722ad0352fa3715c84be431d77ddfd67524bf75ae69f03bac
pug_162.jpg,https://raw.githubusercontent.com/ml4py/dataset-iiit-pet/master/images/pug_162.jpg,train,pug,workspace/data/dataset/train/pug/pug_162.jpg,300,225,14890,f7c6de24bf005bf201a25ae41aaba2ad9efeb8713be195dd6ceb12fc99981579
pug_163.jpg,https://raw.githubusercontent.com/ml4py/dataset-iiit-pet/master/images/pug_163.jpg,train,pug,workspace/data/dataset/train/pug/pug_163.jpg,275,300,14479,c4c8b1f384b72bbd66ceb6b52238b79292cd0edaa14a352d96c6eb9950b8d79b
pug_164.jpg,https://raw.githubusercontent.com/ml4py/dataset-iiit-pet/master/images/pug_164.jpg,train,pug,workspace/data/dataset/train/pug/pug_164.jpg,230,300,12613,bd4616e1f4d43e83dc2bbc2927fc36362da32091528dc5fc32535dc1491b4838
pug_165.jpg,https://raw.githubusercontent.com/ml4py/dataset-iiit-pet/master/images/pug_165.jpg,train,pug,workspace/data/dataset/train/pug/pug_165.jpg,300,225,15896,1f6e5710afc56db915e5a6d60bc04d116eb548d40aea1c75e6f61f7970c61760
pug_167.jpg,https://raw.githubusercontent.com/ml4py/dataset-iiit-pet/master/images/pug_167.jpg,train,pug,workspace/data/dataset/train/pug/pug_167.jpg,300,205,12513,a472caa7e465d535416bc319a9e735730e27df2ee4b31d957443d1eb3b2a2e44
pug_168.jpg,https://raw.githubusercontent.com/ml4py/dataset-iiit-pet/master/images/pug_168.jpg,train,pug,workspace/data/dataset/train/pug/pug_168.jpg,225,300,14379,67f3bb004c9aaa8709e3fefbc857c789960d93da87ac1b1b56267983c52834ff
pug_169.jpg,https://raw.githubusercontent.com/ml4py/dataset-iiit-pet/master/images/pug_169.jpg,train,pug,workspace/data/dataset/train/pug/pug_169.jpg,256,300,9077,2fb91f55cf265cdf056d197812dd1d07202f05d84ae009adb996d55c103ac48a
pug_170.jpg,https://raw.githubusercontent.com/ml4py/dataset-iiit-pet/master/images/pug_170.jpg,train,pug,workspace/data/dataset/train/pug/pug_170.jpg,300,201,10563,7ec8e789ac7c064fe648b1bb48f3b6c652cfd158c11e99d4cbb6ca94ecf42033
pug_171.jpg,https://raw.githubusercontent.com/ml4py/dataset-iiit-pet/master/images/pug_171.jpg,train,pug,workspace/data/dataset/train/pug/pug_171.jpg,300,219,8223,766c384104402e3e10ec7c0aa05191eea7292a93a0b26ae1609a9b7cf4e52730
pug_172.jpg,https://raw.githubusercontent.com/ml4py/dataset-iiit-pet/master/images/pug_172.jpg,train,pug,workspace/data/dataset/train/pug/pug_172.jpg,225,300,8643,78e90ef04fa98c67340fc44b12993848f9d91a8c7958ac1f8b245d1a0c171793
pug_173.jpg,https://raw.githubusercontent.com/ml4py/dataset-iiit-pet/master/images/pug_173.jpg,train,pug,workspace/data/dataset/train/pug/pug_173.jpg,287,300,12090,ab8bcabbd80c09032b5d35efcbed85d8b30923d2b4f965cb5452a8a4982f848c
pug_174.jpg,https://raw.githubusercontent.com/ml4py/dataset-iiit-pet/master/images/pug_174.jpg,train,pug,workspace/data/dataset/train/pug/pug_174.jpg,300,225,10367,ad5bc95ae64bef1f6e2657acf89ba700cd53a46c98861d5460da8a5ebd99cfd4
pug_176.jpg,https://raw.githubusercontent.com/ml4py/dataset-iiit-pet/master/images/pug_176.jpg,train,pug,workspace/data/dataset/train/pug/pug_176.jpg,300,227,15795,86d49a66a5a12dc28bacb81908644c72a26f86f35c370ed9ae966cb2f301736e
pug_177.jpg,https://raw.githubusercontent.com/ml4py/dataset-iiit-pet/master/images/pug_177.jpg,train,pug,workspace/data/dataset/train/pug/pug_177.jpg,300,225,9531,97ea7121cc4e5f76fd9b7be59b896ca423a7931583b8dae6b3a79b5aefd33a7c
pug_178.jpg,https://raw.githubusercontent.com/ml4py/dataset-iiit-pet/master/images/pug_178.jpg,train,pug,workspace/data/dataset/train/pug/pug_178.jpg,300,233,10639,adec52a89d45a309d5acf52b43dad90cc43657ea31e98febc213d271ff02a197
pug_18.jpg,https://raw.githubusercontent.com/ml4py/dataset-iiit-pet/master/images/pug_18.jpg,train,pug,workspace/data/dataset/train/pug/pug_18.jpg,500,375,153504,86fb8ba1b6e6104b2d1d432dcb2d150836d6cc3c6acd08b6ddf4d673093dcd3a
pug_180.jpg,https://raw.githubusercontent.com/ml4py/dataset-iiit-pet/master/images/pug_180.jpg,train,pug,workspace/data/dataset/train/pug/pug_180.jpg,300,214,9002,1b49935fc2186bc15f0ed9897c3163cfb11878216edabc42c61a15cb3ac6ed4a
pug_181.jpg,https://raw.githubusercontent.com/ml4py/dataset-iiit-pet/master/images/pug_181.jpg,train,pug,workspace/data/dataset/train/pug/pug_181.jpg,209,300,10730,ed61e07ea9cab73faf4c2745e7cce586c4124e003ce0cc63e37d3cfd93ff8586
pug_182.jpg,https://raw.githubusercontent.com/ml4py/dataset-iiit-pet/master/images/pug_182.jpg,train,pug,workspace/data/dataset/train/pug/pug_182.jpg,176,300,8193,663ca72d1662f096aa0af3ce18c1356db0f9899bc85855610d79966ca4d9ded8
pug_184.jpg,https://raw.githubusercontent.com/ml4py/dataset-iiit-pet/master/images/pug_184.jpg,train,pug,workspace/data/dataset/train/pug/pug_184.jpg,300,225,11747,ae3f06013236f0bd6c2450a6cbee2bf208e138ea9913061b82fd3de8732d17ec
pug_186.jpg,https://raw.githubusercontent.com/ml4py/dataset-iiit-pet/master/images/pug_186.jpg,train,pug,workspace/data/dataset/train/pug/pug_186.jpg,261,300,15853,b9e94bfb361d3191a0c519a129924b4da89d6e5571f07f5b9b698e6faf155dda
pug_187.jpg,https://raw.githubusercontent.com/ml4py/dataset-iiit-pet/master/images/pug_187.jpg,train,pug,workspace/data/dataset/train/pug/pug_187.jpg,300,225,10046,73ac0d9517485390e6f91aa67be511c9eccfd02b7ccf1d1fdd0beac7cc0a833d
pug_189.jpg,https://raw.githubusercontent.com/ml4py/dataset-iiit-pet/master/images/pug_189.jpg,train,pug,workspace/data/dataset/train/pug/pug_189.jpg,300,225,13285,4dc2b24c6e483784229c54177317fb5f3d821f6c9357602e755d969bc9548ff4
pug_19.jpg,https://raw.githubusercontent.com/ml4py/dataset-iiit-pet/master/images/pug_19.jpg,train,pug,workspace/data/dataset/train/pug/pug_19.jpg,500,370,110983,09d11041e54444f9397cf1edd5b028850ff7f92bb9401505c543319625058b6e
pug_190.jpg,https://raw.githubusercontent.com/ml4py/dataset-iiit-pet/master/images/pug_190.jpg,train,pug,workspace/data/dataset/train/pug/pug_190.jpg,274,300,13251,c834e33ed09efead3b9ab5ed9da843d952768e5b9e1382224dccd41788fbd81c
pug_191.jpg,https://raw.githubusercontent.com/ml4py/dataset-iiit-pet/master/images/pug_191.jpg,train,pug,workspace/data/dataset/train/pug/pug_191.jpg,300,225,9133,74db46d9428915c3beadb9a85e1a4094c8f341c88e3938d6adb18317c6b17d6f
pug_192.jpg,https://raw.githubusercontent.com/ml4py/dataset-iiit-pet/master/images/pug_192.jpg,train,pug,workspace/data/dataset/train/pug/pug_192.jpg,300,255,13352,683e0248607e24ab6f5aa472e682357d9990f79634028e090fd17bd02972159d
pug_193.jpg,https://raw.githubusercontent.com/ml4py/dataset-iiit-pet/master/images/pug_193.jpg,train,pug,workspace/data/dataset/train/pug/pug_193.jpg,300,225,8590,96b3963b7ef2b28579065053383b83722a922a631fb1d05cd57b3871f4b1d312
pug_195.jpg,https://raw.githubusercontent.com/ml4py/dataset-iiit-pet/master/images/pug_195.jpg,train,pug,workspace/data/dataset/train/pug/pug_195.jpg,248,300,20704,abbf59199183ce002876bbfc275b55d7be41c53d0feaa0ac7ecbeffadc49b876
pug_196.jpg,https://raw.githubusercontent.com/ml4py/dataset-iiit-pet/master/images/pug_196.jpg,train,pug,workspace/data/dataset/train/pug/pug_196.jpg,225,300,10585,eff50d89c41062392bb85d416940142bf65698ff87329c50eb23d44bbdac507f
pug_198.jpg,https://raw.githubusercontent.com/ml4py/dataset-iiit-pet/master/images/pug_198.jpg,train,pug,workspace/data/dataset/train/pug/pug_198.jpg,300,225,10608,144af47a36580d41af630e755a5801a513727afe377edd647713123f294b49a5
pug_199.jpg,https://raw.githubusercontent.com/ml4py/dataset-iiit-pet/master/images/pug_199.jpg,train,pug,workspace/data/dataset/train/pug/pug_199.jpg,200,150,5355,f66575bcd417c0ca3a17790360dcaa2cd1e4566bff03ed23d31c7651153631cf
pug_2.jpg,https://raw.githubusercontent.com/ml4py/dataset-iiit-pet/master/images/pug_2.jpg,train,pug,workspace/data/dataset/train/pug/pug_2.jpg,332,500,134485,f66099bfe8d5b3106329bbb3fbfc9136bcd3d13c79d446e105f1708f53c121f1
pug_201.jpg,https://raw.githubusercontent.com/ml4py/dataset-iiit-pet/master/images/pug_201.jpg,train,pug,workspace/data/dataset/train/pug/pug_201.jpg,300,225,7893,8800004df010069885cb657a5952b98a46787bdf1683f9161afbc8e35d512c71
pug_202.jpg,https://raw.githubusercontent.com/ml4py/dataset-iiit-pet/master/images/pug_202.jpg,train,pug,workspace/data/dataset/train/pug/pug_202.jpg,197,300,15620,2683f9c1890e32d4c280145c0e808364025f47feafb33da75bf7f141cee281fd
pug_203.jpg,https://raw.githubusercontent.com/ml4py/dataset-iiit-pet/master/images/pug_203.jpg,train,pug,workspace/data/dataset/train/pug/pug_203.jpg,300,225,12707,49063fcd400ee7e7aeb5ba52a88afc1d7e5eed6deb12451feae84b47cdd4e125
pug_23.jpg,https://raw.githubusercontent.com/ml4py/dataset-iiit-pet/master/images/pug_23.jpg,train,pug,workspace/data/dataset/train/pug/pug_23.jpg,445,500,113263,53924efccf1fb0aa6104a226c78306012234cf3360770b80515893a0a1407a27
pug_25.jpg,https://raw.githubusercontent.com/ml4py/dataset-iiit-pet/master/images/pug_25.jpg,train,pug,workspace/data/dataset/train/pug/pug_25.jpg,500,334,69453,001bdfef0e80980785a855914a3234e0dc292d7c79015d395b15726dc6f17fc6
pug_26.jpg,https://raw.githubusercontent.com/ml4py/dataset-iiit-pet/master/images/pug_26.jpg,train,pug,workspace/data/dataset/train/pug/pug_26.jpg,360,500,144596,1148bd13f407d3fa6276e674877a4ada7568fb92a44bc7993123853fb2b3d919
pug_28.jpg,https://raw.githubusercontent.com/ml4py/dataset-iiit-pet/master/images/pug_28.jpg,train,pug,workspace/data/dataset/train/pug/pug_28.jpg,500,333,95647,9c8e70f4c0cc554bc61c97fc080194a3740f457d0e222ac47084969af7f7748f
pug_29.jpg,https://raw.githubusercontent.com/ml4py/dataset-iiit-pet/master/images/pug_29.jpg,train,pug,workspace/data/dataset/train/pug/pug_29.jpg,500,375,86187,ee46adb48b1598f0883439272ab225159a19232d63b8188fd3d49154178d382f
pug_3.jpg,https://raw.githubusercontent.com/ml4py/dataset-iiit-pet/master/images/pug_3.jpg,train,pug,workspace/data/dataset/train/pug/pug_3.jpg,332,500,88274,636940e5588375d2a462aa75fe24cacf6aedd0eaee2e2ee741734ff1a2940da2
pug_30.jpg,https://raw.githubusercontent.com/ml4py/dataset-iiit-pet/master/images/pug_30.jpg,train,pug,workspace/data/dataset/train/pug/pug_30.jpg,359,500,150709,699bb0ef8b7eb4d63af0c27c1c5baa134ff6406bd60c43f9cb116eb80f77ac32
pug_31.jpg,https://raw.githubusercontent.com/ml4py/dataset-iiit-pet/master/images/pug_31.jpg,train,pug,workspace/data/dataset/train/pug/pug_31.jpg,332,500,135891,62afa4a285cc3750f34ecfef26627aa504314beb07c58adcf72379611a8cf2ba
pug_32.jpg,https://raw.githubusercontent.com/ml4py/dataset-iiit-pet/master/images/pug_32.jpg,train,pug,workspace/data/dataset/train/pug/pug_32.jpg,482,500,251701,dc6bafef71be96125711bcd6b800774700472004b465b26174a64270e55bdc76
pug_33.jpg,https://raw.githubusercontent.com/ml4py/dataset-iiit-pet/master/images/pug_33.jpg,train,pug,workspace/data/dataset/train/pug/pug_33.jpg,500,368,198558,d1e352fe764b93890e244e686c6e7128ad270b04c6036fe35519f29f8e49572b
pug_34.jpg,https://raw.githubusercontent.com/ml4py/dataset-iiit-pet/master/images/pug_34.jpg,train,pug,workspace/data/dataset/train/pug/pug_34.jpg,500,448,197611,393be027ab034dce8db1f77cc9b471b55e2bd0f1b57e1fc04c61aa2f94d3be44
pug_35.jpg,https://raw.githubusercontent.com/ml4py/dataset-iiit-pet/master/images/pug_35.jpg,train,pug,workspace/data/dataset/train/pug/pug_35.jpg,500,343,205903,88985199aec8952b8b92a6bfe3a847ccd2b6fe200c61dcfe44d588281fd53604
pug_36.jpg,https://raw.githubusercontent.com/ml4py/dataset-iiit-pet/master/images/pug_36.jpg,train,pug,workspace/data/dataset/train/pug/pug_36.jpg,500,333,199260,92448aff3f47f8caf3e17bdcf7914db5d4bce1eb353f7a5c84900703617eea95
pug_37.jpg,https://raw.githubusercontent.com/ml4py/dataset-iiit-pet/master/images/pug_37.jpg,train,pug,workspace/data/dataset/train/pug/pug_37.jpg,500,333,91855,659be1d819d5f79d3f1ac59a577d62adc3f4f69967dfb5bc73e3ccaefe19d526
pug_38.jpg,https://raw.githubusercontent.com/ml4py/dataset-iiit-pet/master/images/pug_38.jpg,train,pug,workspace/data/dataset/train/pug/pug_38.jpg,333,500,107321,64f001c683cb7e6372072f1ab96a2a1fb9dc3148ec7782291c3f8198dd45f88c
pug_39.jpg,https://raw.githubusercontent.com/ml4py/dataset-iiit-pet/master/images/pug_39.jpg,train,pug,workspace/data/dataset/train/pug/pug_39.jpg,333,500,102629,9b5d5d8e20c4aa648fddfe4ac28bd016494829e8165fd40f1c43c62f0923f8db
pug_4.jpg,https://raw.githubusercontent.com/ml4py/dataset-iiit-pet/master/images/pug_4.jpg,train,pug,workspace/data/dataset/train/pug/pug_4.jpg,333,500,97816,150d28d40905d7fd9e2e385814f8d34bc98d12b532887903e863b3cbc1935a35
pug_40.jpg,https://raw.githubusercontent.com/ml4py/dataset-iiit-pet/master/images/pug_40.jpg,train,pug,workspace/data/dataset/train/pug/pug_40.jpg,333,500,174758,761df568f8d870de3b45c43977653a00fcf3c682b4bf8f99a5a93b873fca9f55
pug_41.jpg,https://raw.githubusercontent.com/ml4py/dataset-iiit-pet/master/images/pug_41.jpg,train,pug,workspace/data/dataset/train/pug/pug_41.jpg,332,500,167645,388a2a17baaf01b545d1916518e688120da893e076037ff624abafe5bfd8193a
pug_42.jpg,https://raw.githubusercontent.com/ml4py/dataset-iiit-pet/master/images/pug_42.jpg,train,pug,workspace/data/dataset/train/pug/pug_42.jpg,500,466,114532,f33a1d4a8c802193eac4d78ea3cc7bd2b79fcd8bf94aa172efccb04048a08489
pug_44.jpg,https://raw.githubusercontent.com/ml4py/dataset-iiit-pet/master/images/pug_44.jpg,train,pug,workspace/data/dataset/train/pug/pug_44.jpg,333,500,110938,6a12899f8925ccfdc3b817898024d065cb38d50e5f587845deab8beeb667fd22
pug_45.jpg,https://raw.githubusercontent.com/ml4py/dataset-iiit-pet/master/images/pug_45.jpg,train,pug,workspace/data/dataset/train/pug/pug_45.jpg,500,333,98265,ce2f45ac9addd9e3bfc3634624d5a3ff5de66b3e4bbe004b84a5c04fb5eeec88
pug_46.jpg,https://raw.githubusercontent.com/ml4py/dataset-iiit-pet/master/images/pug_46.jpg,train,pug,workspace/data/dataset/train/pug/pug_46.jpg,500,333,111187,5a00082f2a7117d453f0b360c3bbd5749c3ca357e0bfc5a638feb8285322b349
pug_47.jpg,https://raw.githubusercontent.com/ml4py/dataset-iiit-pet/master/images/pug_47.jpg,train,pug,workspace/data/dataset/train/pug/pug_47.jpg,500,333,89499,55aad346723f7a10e0054eda0b2b58ae24a42a5a0fd936e560f4d8584ba3f69c
pug_48.jpg,https://raw.githubusercontent.com/ml4py/dataset-iiit-pet/master/images/pug_48.jpg,train,pug,workspace/data/dataset/train/pug/pug_48.jpg,333,500,86223,e7a5fb33a8d60803e34e73ab116cf43b526cbd5ebb94c548f52b3dc4ec7d17f0
pug_49.jpg,https://raw.githubusercontent.com/ml4py/dataset-iiit-pet/master/images/pug_49.jpg,train,pug,workspace/data/dataset/train/pug/pug_49.jpg,331,500,79992,84d523fab10309753d1a898c41986129baf9a27c54929a12f52407b85bddf1a2
pug_5.jpg,https://raw.githubusercontent.com/ml4py/dataset-iiit-pet/master/images/pug_5.jpg,train,pug,workspace/data/dataset/train/pug/pug_5.jpg,500,292,101099,d26c005a8e37320f07535c89487190ae70d21da090acb68f40d676ebb5e49e4a
pug_51.jpg,https://raw.githubusercontent.com/ml4py/dataset-iiit-pet/master/images/pug_51.jpg,train,pug,workspace/data/dataset/train/pug/pug_51.jpg,333,500,88753,c18e1c8a3400f090dd7c272927442a48008e1c7b812eee69aef70bcb9f5ba9af
pug_53.jpg,https://raw.githubusercontent.com/ml4py/dataset-iiit-pet/master/images/pug_53.jpg,train,pug,workspace/data/dataset/train/pug/pug_53.jpg,333,500,112502,5615e6c8c64e68614e3cb33fb8f1ab941e9b5f97cfa5a34894688782232d1005
pug_55.jpg,https://raw.githubusercontent.com/ml4py/dataset-iiit-pet/master/images/pug_55.jpg,train,pug,workspace/data/dataset/train/pug/pug_55.jpg,500,334,127317,bab34458995e15605610587b9d37956a0066300b0ee1ff772039c64fbbe67d2a
pug_58.jpg,https://raw.githubusercontent.com/ml4py/dataset-iiit-pet/master/images/pug_58.jpg,train,pug,workspace/data/dataset/train/pug/pug_58.jpg,357,500,71385,6d47aa7fc1c0003468d8db5f5681e4e7747a8804dfe0517c8c1798cb5646253a
pug_59.jpg,https://raw.githubusercontent.com/ml4py/dataset-iiit-pet/master/images/pug_59.jpg,train,pug,workspace/data/dataset/train/pug/pug_59.jpg,500,349,81901,642785331698ed03e34bb62e75561e72e14671f1735e6aba89a6206bdfb0dbdb
pug_6.jpg,https://raw.githubusercontent.com/ml4py/dataset-iiit-pet/master/images/pug_6.jpg,train,pug,workspace/data/dataset/train/pug/pug_6.jpg,500,337,95677,5ae3cc42fefb154a8bff54b18bc56f79e71bc9ca781a1ccc106a8669cd8f710f
pug_60.jpg,https://raw.githubusercontent.com/ml4py/dataset-iiit-pet/master/images/pug_60.jpg,train,pug,workspace/data/dataset/train/pug/pug_60.jpg,500,333,165797,101f622b113c43a015f83334e4a0374a9478bdf24d45709d6bf62809351636dc
pug_63.jpg,https://raw.githubusercontent.com/ml4py/dataset-iiit-pet/master/images/pug_63.jpg,train,pug,workspace/data/dataset/train/pug/pug_63.jpg,500,333,91318,79196ba904cb081a0fca8f66f9778d610e34c0081d09f3d88c379b1cc766d736
pug_64.jpg,https://raw.githubusercontent.com/ml4py/dataset-iiit-pet/master/images/pug_64.jpg,train,pug,workspace/data/dataset/train/pug/pug_64.jpg,500,375,160533,a45c9e467828fb8979d28ec98c5e264935f96e996e7c4f4b4a75320168c05311
pug_65.jpg,https://raw.githubusercontent.com/ml4py/dataset-iiit-pet/master/images/pug_65.jpg,train,pug,workspace/data/dataset/train/pug/pug_65.jpg,500,398,113566,fe1d8891bf41cc1ae5f4e920bb157b18649425b840e880c560306545ca68ae56
pug_66.jpg,https://raw.githubusercontent.com/ml4py/dataset-iiit-pet/master/images/pug_66.jpg,train,pug,workspace/data/dataset/train/pug/pug_66.jpg,375,500,169889,251db6e6756c79d837b05e5bcf14caa0300ab2d782b945c3b533c39c33e12c9e
pug_67.jpg,https://raw.githubusercontent.com/ml4py/dataset-iiit-pet/master/images/pug_67.jpg,train,pug,workspace/data/dataset/train/pug/pug_67.jpg,500,332,98992,8eb79c77a0bd04f80ae69aa53a960b1292cc6736d71d6cf2d8fd62bd6563379b
pug_68.jpg,https://raw.githubusercontent.com/ml4py/dataset-iiit-pet/master/images/pug_68.jpg,train,pug,workspace/data/dataset/train/pug/pug_68.jpg,500,333,125964,678c70b0ccf188b5f306e2b26fd9a9d83b38e8d09a4bbe5349619ae095ca741e
pug_7.jpg,https://raw.githubusercontent.com/ml4py/dataset-iiit-pet/master/images/pug_7.jpg,train,pug,workspace/data/dataset/train/pug/pug_7.jpg,333,500,94345,bce5154ba6489a9b0fa4a5f18989b2388faab9039c6bcfdae6535bd60a2b4240
pug_70.jpg,https://raw.githubusercontent.com/ml4py/dataset-iiit-pet/master/images/pug_70.jpg,train,pug,workspace/data/dataset/train/pug/pug_70.jpg,500,358,110430,88463e1b3153231e7a88186f2dafc35451a9fc12083fa696a8f9e1ad29403e0a
pug_71.jpg,https://raw.githubusercontent.com/ml4py/dataset-iiit-pet/master/images/pug_71.jpg,train,pug,workspace/data/dataset/train/pug/pug_71.jpg,500,333,90171,55bab39d7f3a44733138ccc83eeb8b0b486e32a1e23d0718a6cb9a6a4d882f6c
pug_74.jpg,https://raw.githubusercontent.com/ml4py/dataset-iiit-pet/master/images/pug_74.jpg,train,pug,workspace/data/dataset/train/pug/pug_74.jpg,412,500,202494,4b6bc02a5df0d17d8956af5f7d156893e35407e7ec157594a6907f97ee9767ad
pug_75.jpg,https://raw.githubusercontent.com/ml4py/dataset-iiit-pet/master/images/pug_75.jpg,train,pug,workspace/data/dataset/train/pug/pug_75.jpg,333,500,116823,e81cdbacc4e55882edce1d04dd08e029f6005eac4523b8234b703dc17581d766
pug_76.jpg,https://raw.githubusercontent.com/ml4py/dataset-iiit-pet/master/images/pug_76.jpg,train,pug,workspace/data/dataset/train/pug/pug_76.jpg,500,332,91051,23dbd60ab4d63f16e0ac95ac1cdb6d074684df2ebc91554af504f68234526bc8
pug_77.jpg,https://raw.githubusercontent.com/ml4py/dataset-iiit-pet/master/images/pug_77.jpg,train,pug,workspace/data/dataset/train/pug/pug_77.jpg,500,375,225357,5412d4b6b4166135932b5bf75ef2cf0e66185b557050ef2a7ebafb4068a5f9e7
pug_78.jpg,https://raw.githubusercontent.com/ml4py/dataset-iiit-pet/master/images/pug_78.jpg,train,pug,workspace/data/dataset/train/pug/pug_78.jpg,500,333,111160,135f27e2dfd0bf620a24e5fceb0b74bfd3e134b65d6ea9ae613bf649bdfab1f9
pug_79.jpg,https://raw.githubusercontent.com/ml4py/dataset-iiit-pet/master/images/pug_79.jpg,train,pug,workspace/data/dataset/train/pug/pug_79.jpg,500,333,78168,8c36e477ef2311acb603e51a065760ca09f452f32ebe9173b119fa04c17ed2e8
pug_8.jpg,https://raw.githubusercontent.com/ml4py/dataset-iiit-pet/master/images/pug_8.jpg,train,pug,workspace/data/dataset/train/pug/pug_8.jpg,500,375,121339,a3444542e6efb053439645f21a1e102b08a68080034960fe2f9ba90770e2e8af
pug_81.jpg,https://raw.githubusercontent.com/ml4py/dataset-iiit-pet/master/images/pug_81.jpg,train,pug,workspace/data/dataset/train/pug/pug_81.jpg,500,358,97325,10e2e6c6a2a4e439ae17daf31b561b906facd2a506e9467ace13fa6cd8240a15
pug_82.jpg,https://raw.githubusercontent.com/ml4py/dataset-iiit-pet/master/images/pug_82.jpg,train,pug,workspace/data/dataset/train/pug/pug_82.jpg,500,333,74525,c2c529309115a9ba018788fb7ba4bdd78f8da441d9ae63ab20073264f62028ed
pug_84.jpg,https://raw.githubusercontent.com/ml4py/dataset-iiit-pet/master/images/pug_84.jpg,train,pug,workspace/data/dataset/train/pug/pug_84.jpg,500,375,156679,4bead6bd4ca9faeada68f97a9d5e3d1c2db5b700222c0c905a442bfac189bf87
pug_85.jpg,https://raw.githubusercontent.com/ml4py/dataset-iiit-pet/master/images/pug_85.jpg,train,pug,workspace/data/dataset/train/pug/pug_85.jpg,500,333,68886,52b4c5212a4baeee05463183c2a099e8f2f33315b172a45f9b1c9587b5b62fb0
pug_87.jpg,https://raw.githubusercontent.com/ml4py/dataset-iiit-pet/master/images/pug_87.jpg,train,pug,workspace/data/dataset/train/pug/pug_87.jpg,500,333,92442,583e245dcaaff1d1bd6572635fe755e49f63c58a5ec5929a81e15e1f09d66ccb
pug_9.jpg,https://raw.githubusercontent.com/ml4py/dataset-iiit-pet/master/images/pug_9.jpg,train,pug,workspace/data/dataset/train/pug/pug_9.jpg,370,500,115141,199b88c00233729ca8366a51812a123b69497ac3840d3670112eb5e25db2d996
pug_90.jpg,https://raw.githubusercontent.com/ml4py/dataset-iiit-pet/master/images/pug_90.jpg,train,pug,workspace/data/dataset/train/pug/pug_90.jpg,399,500,165761,14e3304ab7d552282b70dc8e81becb9f3a34a6f9cc66e37a324c6e77ccc1484b
pug_91.jpg,https://raw.githubusercontent.com/ml4py/dataset-iiit-pet/master/images/pug_91.jpg,train,pug,workspace/data/dataset/train/pug/pug_91.jpg,500,375,118314,03b3eda20b28976ab8e8fe999e9805608538edf5dd576be97837be85fde6bfce
pug_92.jpg,https://raw.githubusercontent.com/ml4py/dataset-iiit-pet/master/images/pug_92.jpg,train,pug,workspace/data/dataset/train/pug/pug_92.jpg,500,333,132625,7918c0e1e1624ae4226e36ea4c22f143a92ac8564f5c0dfe9d0c3b5a16fe66af
pug_93.jpg,https://raw.githubusercontent.com/ml4py/dataset-iiit-pet/master/images/pug_93.jpg,train,pug,workspace/data/dataset/train/pug/pug_93.jpg,333,500,122948,d9ddf898603824fb27255361d211678584780443e16ae1234a49f95be750fa83
pug_94.jpg,https://raw.githubusercontent.com/ml4py/dataset-iiit-pet/master/images/pug_94.jpg,train,pug,workspace/data/dataset/train/pug/pug_94.jpg,500,333,78817,bc3eea5b748c27978e5699737e7e004e735d3000ab41d3ebe4dfd32c68dad8d3
pug_95.jpg,https://raw.githubusercontent.com/ml4py/dataset-iiit-pet/master/images/pug_95.jpg,train,pug,workspace/data/dataset/train/pug/pug_95.jpg,500,334,103864,60ccf0ab693daceb169f367c2fddcf35f30681e27e8aa153a88199c48c1c513b
pug_96.jpg,https://raw.githubusercontent.com/ml4py/dataset-iiit-pet/master/images/pug_96.jpg,train,pug,workspace/data/dataset/train/pug/pug_96.jpg,500,491,136400,3fc0630242f739e7ef38d498122b58039b4b239975802651262e5a387accfd5f
pug_97.jpg,https://raw.githubusercontent.com/ml4py/dataset-iiit-pet/master/images/pug_97.jpg,train,pug,workspace/data/dataset/train/pug/pug_97.jpg,500,333,68338,3982ed22743e896e8f9330b2d09252060a4f818d9547ff62629d4b8708e3c3ef
pug_99.jpg,https://raw.githubusercontent.com/ml4py/dataset-iiit-pet/master/images/pug_99.jpg,train,pug,workspace/data/dataset/train/pug/pug_99.jpg,500,333,78151,88ede061c625cc71689c43173c280753320265facb78193181ca3f1efec6dd7e
Abyssinian_135.jpg,https://raw.githubusercontent.com/ml4py/dataset-iiit-pet/master/images/Abyssinian_135.jpg,val,cat,workspace/data/dataset/val/cat/Abyssinian_135.jpg,333,500,64080,b820f2325e7f3eeb9ba76d2cd0ad911cd4698cfbf394ae4037f80f257d0a8435
Abyssinian_142.jpg,https://raw.githubusercontent.com/ml4py/dataset-iiit-pet/master/images/Abyssinian_142.jpg,val,cat,workspace/data/dataset/val/cat/Abyssinian_142.jpg,500,433,143491,0573d962bd69a415f181aaaf01888e2e29735e001661f73102f63756eb93cc42
Bengal_148.jpg,https://raw.githubusercontent.com/ml4py/dataset-iiit-pet/master/images/Bengal_148.jpg,val,cat,workspace/data/dataset/val/cat/Bengal_148.jpg,300,200,8559,6a4df42b7d99674d7ae747b44db56bca464156693c5e5c5c4d7b4700e12e9766
Bengal_162.jpg,https://raw.githubusercontent.com/ml4py/dataset-iiit-pet/master/images/Bengal_162.jpg,val,cat,workspace/data/dataset/val/cat/Bengal_162.jpg,300,225,11811,3aa126af64adf4bb5db19f43abf5a4b9a686e2757b3b0eb607711343b380911f
Bengal_26.jpg,https://raw.githubusercontent.com/ml4py/dataset-iiit-pet/master/images/Bengal_26.jpg,val,cat,workspace/data/dataset/val/cat/Bengal_26.jpg,500,333,77470,83c9f6eb4058d04833538c233e53e3c6d6eecd40d0600e8d1f2569746546854a
Bengal_4.jpg,https://raw.githubusercontent.com/ml4py/dataset-iiit-pet/master/images/Bengal_4.jpg,val,cat,workspace/data/dataset/val/cat/Bengal_4.jpg,500,375,294939,b51c0e6363100c90c1805da2fae16027292135111a87869e340f112819506046
Birman_198.jpg,https://raw.githubusercontent.com/ml4py/dataset-iiit-pet/master/images/Birman_198.jpg,val,cat,workspace/data/dataset/val/cat/Birman_198.jpg,600,400,43549,9ce40e5e23dc900e0400ec0e5389098df7f0151015746ed97f1ef25537fa65d2
Birman_4.jpg,https://raw.githubusercontent.com/ml4py/dataset-iiit-pet/master/images/Birman_4.jpg,val,cat,workspace/data/dataset/val/cat/Birman_4.jpg,375,500,114754,01240d8eed572ff8e7c31f8126fccfdc1c7e9591c24d45929ae7110abd8475ad
Birman_47.jpg,https://raw.githubusercontent.com/ml4py/dataset-iiit-pet/master/images/Birman_47.jpg,val,cat,workspace/data/dataset/val/cat/Birman_47.jpg,500,333,69878,a7c7a6d7e185788ef972ba9a2a19e042d1837eadb5e1542b60c031025bf0f343
Birman_49.jpg,https://raw.githubusercontent.com/ml4py/dataset-iiit-pet/master/images/Birman_49.jpg,val,cat,workspace/data/dataset/val/cat/Birman_49.jpg,500,336,112771,37a8bb7bbcbd333fbc4e192e17f3144a7e71cdbacc2d2fd764a2a55529a998c1
Birman_50.jpg,https://raw.githubusercontent.com/ml4py/dataset-iiit-pet/master/images/Birman_50.jpg,val,cat,workspace/data/dataset/val/cat/Birman_50.jpg,500,375,101424,3feb0be8f8041ece4dec6c4b55e31803847952fde4fcd046993161b6d3aa933e
British_Shorthair_124.jpg,https://raw.githubusercontent.com/ml4py/dataset-iiit-pet/master/images/British_Shorthair_124.jpg,val,cat,workspace/data/dataset/val/cat/British_Shorthair_124.jpg,500,375,117836,76178a41898472969e53fcbdfd16004ee3956e1699611c3ecc40a9a5b251bf68
Egyptian_Mau_87.jpg,https://raw.githubusercontent.com/ml4py/dataset-iiit-pet/master/images/Egyptian_Mau_87.jpg,val,cat,workspace/data/dataset/val/cat/Egyptian_Mau_87.jpg,600,393,46226,0c468c5026e8ffb1a3df76f98665e05d8e59758d9bd1bba9fa87cb4e321bcc09
Maine_Coon_97.jpg,https://raw.githubusercontent.com/ml4py/dataset-iiit-pet/master/images/Maine_Coon_97.jpg,val,cat,workspace/data/dataset/val/cat/Maine_Coon_97.jpg,379,500,160441,5cad4a867f1e627384e5f19eb57fcd70f1245c72293fedc327eb7b9a2ed1c1ef
Persian_111.jpg,https://raw.githubusercontent.com/ml4py/dataset-iiit-pet/master/images/Persian_111.jpg,val,cat,workspace/data/dataset/val/cat/Persian_111.jpg,375,500,108623,3fb0641fd7a341c287501dc2330833816620792c01ffe087ef304a463114d961
Persian_40.jpg,https://raw.githubusercontent.com/ml4py/dataset-iiit-pet/master/images/Persian_40.jpg,val,cat,workspace/data/dataset/val/cat/Persian_40.jpg,500,333,125415,5ab190b734b23c5e2b23f0017476988d002bb53550ba9d4eb61a371f446174d4
Ragdoll_12.jpg,https://raw.githubusercontent.com/ml4py/dataset-iiit-pet/master/images/Ragdoll_12.jpg,val,cat,workspace/data/dataset/val/cat/Ragdoll_12.jpg,500,333,74978,3e889c7fcd609a6ff240eadd86d0c62882889c07563f79138d28d5c0209fe264
Ragdoll_122.jpg,https://raw.githubusercontent.com/ml4py/dataset-iiit-pet/master/images/Ragdoll_122.jpg,val,cat,workspace/data/dataset/val/cat/Ragdoll_122.jpg,500,375,101859,5ed274e71f52067e4fc35e246e7a59beac72784a72611c8623bb5193ceb9acbf
Ragdoll_227.jpg,https://raw.githubusercontent.com/ml4py/dataset-iiit-pet/master/images/Ragdoll_227.jpg,val,cat,workspace/data/dataset/val/cat/Ragdoll_227.jpg,300,225,8443,510b1078a574cb04850ed41b684a29dfe6feb46b9b91bf2d1e6af3ca76aa230b
Russian_Blue_177.jpg,https://raw.githubusercontent.com/ml4py/dataset-iiit-pet/master/images/Russian_Blue_177.jpg,val,cat,workspace/data/dataset/val/cat/Russian_Blue_177.jpg,500,281,85868,c070ed85a1c782d4c1731dc59abcae4ac1c85434aea306603d2c0bc2a5306818
Russian_Blue_92.jpg,https://raw.githubusercontent.com/ml4py/dataset-iiit-pet/master/images/Russian_Blue_92.jpg,val,cat,workspace/data/dataset/val/cat/Russian_Blue_92.jpg,500,333,65325,7dc7224fc0bd51ee7a088b8f3b73b0329a7901a41fa7d7ec32c90026b8091fbc
Siamese_98.jpg,https://raw.githubusercontent.com/ml4py/dataset-iiit-pet/master/images/Siamese_98.jpg,val,cat,workspace/data/dataset/val/cat/Siamese_98.jpg,474,500,120050,76d08b08cbb646bf1236ace360599a166d792f20dd51be1b294e8327c0ac8f89
Sphynx_211.jpg,https://raw.githubusercontent.com/ml4py/dataset-iiit-pet/master/images/Sphynx_211.jpg,val,cat,workspace/data/dataset/val/cat/Sphynx_211.jpg,300,225,8680,1abceb58d4d0f57463766be6496e8f026e682ccde85398ef1c44d2c88a181e23
Sphynx_235.jpg,https://raw.githubusercontent.com/ml4py/dataset-iiit-pet/master/images/Sphynx_235.jpg,val,cat,workspace/data/dataset/val/cat/Sphynx_235.jpg,450,600,89964,f58ea342e0c5ba16741e03eca52a2f559efa6e0fb325420b0d66d36ff86435a6
Sphynx_39.jpg,https://raw.githubusercontent.com/ml4py/dataset-iiit-pet/master/images/Sphynx_39.jpg,val,cat,workspace/data/dataset/val/cat/Sphynx_39.jpg,333,500,62061,af88f1012e3a40d51ac6986fbed80e3cfeb31d50cdc2fce83e964847fb6c45c3
american_bulldog_111.jpg,https://raw.githubusercontent.com/ml4py/dataset-iiit-pet/master/images/american_bulldog_111.jpg,val,dog,workspace/data/dataset/val/dog/american_bulldog_111.jpg,500,333,78876,2fe1fb60602e2b8fc197a456933c34edf779b19f6d15ded643694cae277ab001
basset_hound_28.jpg,https://raw.githubusercontent.com/ml4py/dataset-iiit-pet/master/images/basset_hound_28.jpg,val,dog,workspace/data/dataset/val/dog/basset_hound_28.jpg,500,329,103165,e68908723842737cf0b5adbb880ce0be6749ab897c43a4fd65f73fc6137bc4ef
basset_hound_96.jpg,https://raw.githubusercontent.com/ml4py/dataset-iiit-pet/master/images/basset_hound_96.jpg,val,dog,workspace/data/dataset/val/dog/basset_hound_96.jpg,500,333,94731,409efe95c39387f5b77e4c2ad178586198a4ec40d55a45ed0e684fc466dfafa6
beagle_86.jpg,https://raw.githubusercontent.com/ml4py/dataset-iiit-pet/master/images/beagle_86.jpg,val,dog,workspace/data/dataset/val/dog/beagle_86.jpg,500,334,70922,1da6201152c0dca2724ca8d2d45c38b3b0067cdbe4a8d2b3fafe79ede08a7847
chihuahua_111.jpg,https://raw.githubusercontent.com/ml4py/dataset-iiit-pet/master/images/chihuahua_111.jpg,val,dog,workspace/data/dataset/val/dog/chihuahua_111.jpg,288,300,13271,d9cc798ec9570454f648ee11744c775ccc6482b3f77705c3a4c070f984d7223a
english_cocker_spaniel_161.jpg,https://raw.githubusercontent.com/ml4py/dataset-iiit-pet/master/images/english_cocker_spaniel_161.jpg,val,dog,workspace/data/dataset/val/dog/english_cocker_spaniel_161.jpg,338,500,87201,7e314efba2991b025ce168973dc6664d01386b5e0b2aee3dd11f8f7ee5eaf367
english_setter_110.jpg,https://raw.githubusercontent.com/ml4py/dataset-iiit-pet/master/images/english_setter_110.jpg,val,dog,workspace/data/dataset/val/dog/english_setter_110.jpg,500,375,123025,c80344a6b1ed78e082e6156aafc2cdd16f748533dbcac90930a43d10c010159b
german_shorthaired_150.jpg,https://raw.githubusercontent.com/ml4py/dataset-iiit-pet/master/images/german_shorthaired_150.jpg,val,dog,workspace/data/dataset/val/dog/german_shorthaired_150.jpg,333,500,123241,7a30d612f2e7d0d90bda3013ef99ff23935a3bea66a8525a24158de784ae2bad
german_shorthaired_67.jpg,https://raw.githubusercontent.com/ml4py/dataset-iiit-pet/master/images/german_shorthaired_67.jpg,val,dog,workspace/data/dataset/val/dog/german_shorthaired_67.jpg,500,375,206088,d8ae8cf687337cab796aecfaeb7f8369898c758e48512635e3274bb7d495bf42
german_shorthaired_88.jpg,https://raw.githubusercontent.com/ml4py/dataset-iiit-pet/master/images/german_shorthaired_88.jpg,val,dog,workspace/data/dataset/val/dog/german_shorthaired_88.jpg,401,500,210656,042b70dc419eb1ad8c632917db6776b0b1d1956ae4544af5a69178e02b6fcde5
great_pyrenees_99.jpg,https://raw.githubusercontent.com/ml4py/dataset-iiit-pet/master/images/great_pyrenees_99.jpg,val,dog,workspace/data/dataset/val/dog/great_pyrenees_99.jpg,500,375,168216,439fab2c5299a6f4f2ecd0f00e267fa23bd9d75a0d92adecb769ad8b661e7344
japanese_chin_188.jpg,https://raw.githubusercontent.com/ml4py/dataset-iiit-pet/master/images/japanese_chin_188.jpg,val,dog,workspace/data/dataset/val/dog/japanese_chin_188.jpg,500,375,80952,379886036f9c0b4f6baec8c5cba001d7ca327117f3f969a0799ad189863641c7
japanese_chin_5.jpg,https://raw.githubusercontent.com/ml4py/dataset-iiit-pet/master/images/japanese_chin_5.jpg,val,dog,workspace/data/dataset/val/dog/japanese_chin_5.jpg,500,375,81720,d586c03d15ad260fd9109f47ee98ef03e650c2adf28d39cd2a6f5719f5426ff1
keeshond_175.jpg,https://raw.githubusercontent.com/ml4py/dataset-iiit-pet/master/images/keeshond_175.jpg,val,dog,workspace/data/dataset/val/dog/keeshond_175.jpg,500,375,172376,9a5cf387cb0c64388f6043878c774ab4c4f53ebc81c3e4d01b6d6659f7e69d20
keeshond_90.jpg,https://raw.githubusercontent.com/ml4py/dataset-iiit-pet/master/images/keeshond_90.jpg,val,dog,workspace/data/dataset/val/dog/keeshond_90.jpg,500,367,165936,7f91629aeee61c07c68a97fbb9a84ff2e50b5e0239b48ad8d1be7e0e62add7c4
leonberger_93.jpg,https://raw.githubusercontent.com/ml4py/dataset-iiit-pet/master/images/leonberger_93.jpg,val,dog,workspace/data/dataset/val/dog/leonberger_93.jpg,500,375,209564,f42736436ccbefcf581fe77c223b4483058169af86ef31beb3dd5a9b8cadfa82
newfoundland_143.jpg,https://raw.githubusercontent.com/ml4py/dataset-iiit-pet/master/images/newfoundland_143.jpg,val,dog,workspace/data/dataset/val/dog/newfoundland_143.jpg,500,375,162367,3af8152cc87f31405c28de31464a402d145c6bc1f80a8dd6decf5dc9c68d3161
pomeranian_169.jpg,https://raw.githubusercontent.com/ml4py/dataset-iiit-pet/master/images/pomeranian_169.jpg,val,dog,workspace/data/dataset/val/dog/pomeranian_169.jpg,217,300,8262,8aadd6f257c24b62a404afa7d8a8f2fdef69e8005c744e2a23ee901b5d426421
saint_bernard_183.jpg,https://raw.githubusercontent.com/ml4py/dataset-iiit-pet/master/images/saint_bernard_183.jpg,val,dog,workspace/data/dataset/val/dog/saint_bernard_183.jpg,500,333,37432,08c996015d3f4b800d9db8800e7a1a05b150ccd513c038bf4d90faf6b63ab617
saint_bernard_34.jpg,https://raw.githubusercontent.com/ml4py/dataset-iiit-pet/master/images/saint_bernard_34.jpg,val,dog,workspace/data/dataset/val/dog/saint_bernard_34.jpg,335,500,163153,22a3576dfe82b46eaf31efff4e539643e464e8b0d3a53eb62ecc4d0147d34ddf
samoyed_18.jpg,https://raw.githubusercontent.com/ml4py/dataset-iiit-pet/master/images/samoyed_18.jpg,val,dog,workspace/data/dataset/val/dog/samoyed_18.jpg,500,333,78181,4b7849c7b5a064123a1abf65e43d6a26b36ae0d72edfc1a28968a3df3f122aa2
shiba_inu_23.jpg,https://raw.githubusercontent.com/ml4py/dataset-iiit-pet/master/images/shiba_inu_23.jpg,val,dog,workspace/data/dataset/val/dog/shiba_inu_23.jpg,500,354,111237,7bca038f0a2a9d5a547b68f2ffb1256dabecf43b6c3b89363364542e3b8f3fc0
staffordshire_bull_terrier_173.jpg,https://raw.githubusercontent.com/ml4py/dataset-iiit-pet/master/images/staffordshire_bull_terrier_173.jpg,val,dog,workspace/data/dataset/val/dog/staffordshire_bull_terrier_173.jpg,500,375,120336,8c04ee57c8e22d00b8da544be2b588fb80e5c835318569ca734f13af983e1820
yorkshire_terrier_13.jpg,https://raw.githubusercontent.com/ml4py/dataset-iiit-pet/master/images/yorkshire_terrier_13.jpg,val,dog,workspace/data/dataset/val/dog/yorkshire_terrier_13.jpg,500,375,248482,b0093756af3661c6d3fb78ed41c419d39e51d5d2f1f94bbdad65786f0c47233d
yorkshire_terrier_149.jpg,https://raw.githubusercontent.com/ml4py/dataset-iiit-pet/master/images/yorkshire_terrier_149.jpg,val,dog,workspace/data/dataset/val/dog/yorkshire_terrier_149.jpg,300,225,11841,0cbfcb10387741e6d6623bd1dc4a033a51a4ff30eb88a984ac1e71361b4ca234
pug_110.jpg,https://raw.githubusercontent.com/ml4py/dataset-iiit-pet/master/images/pug_110.jpg,val,pug,workspace/data/dataset/val/pug/pug_110.jpg,342,500,95432,c1838efbee72965a5923bce81d30ef26d4233edb48a84c8965ff36a07f1c3f3e
pug_119.jpg,https://raw.githubusercontent.com/ml4py/dataset-iiit-pet/master/images/pug_119.jpg,val,pug,workspace/data/dataset/val/pug/pug_119.jpg,375,500,259478,d05535ce58e6809226aeb5eaa13dbba5362039187bd4e6f4fd35d9fc46034e86
pug_125.jpg,https://raw.githubusercontent.com/ml4py/dataset-iiit-pet/master/images/pug_125.jpg,val,pug,workspace/data/dataset/val/pug/pug_125.jpg,300,195,8908,4a04865f219fe662bc9f8b6f88ee785aad26be14fa8e638e2847faa973c81870
pug_127.jpg,https://raw.githubusercontent.com/ml4py/dataset-iiit-pet/master/images/pug_127.jpg,val,pug,workspace/data/dataset/val/pug/pug_127.jpg,300,269,47697,d3f0736181950dd60c4bbb3ec4738d22f384c4ebe228b936e20ce46aa4aeb5dc
pug_138.jpg,https://raw.githubusercontent.com/ml4py/dataset-iiit-pet/master/images/pug_138.jpg,val,pug,workspace/data/dataset/val/pug/pug_138.jpg,300,262,13686,96008ab12162b85d60363971de4080bfb52f8dd470407a97d069ec8c49448cde
pug_141.jpg,https://raw.githubusercontent.com/ml4py/dataset-iiit-pet/master/images/pug_141.jpg,val,pug,workspace/data/dataset/val/pug/pug_141.jpg,299,224,48303,f0d9c9e3ee743451499db6930d38ed8c53fe85391bf3ddc4858952a7db672196
pug_142.jpg,https://raw.githubusercontent.com/ml4py/dataset-iiit-pet/master/images/pug_142.jpg,val,pug,workspace/data/dataset/val/pug/pug_142.jpg,300,225,9362,841c14394b12d6459ba72ed545b4c878a818ab6de2d96e84f2b8bad870c1e67b
pug_159.jpg,https://raw.githubusercontent.com/ml4py/dataset-iiit-pet/master/images/pug_159.jpg,val,pug,workspace/data/dataset/val/pug/pug_159.jpg,300,225,13055,844f58a47c048a964b3fbf2fc8befa1d222fb9f4b9564a656a2d774e71a7beaf
pug_166.jpg,https://raw.githubusercontent.com/ml4py/dataset-iiit-pet/master/images/pug_166.jpg,val,pug,workspace/data/dataset/val/pug/pug_166.jpg,225,300,6503,ae2b211fed5c283981afc10938fabbeab2f9d62fd9de1e1aacdbfed39895ffec
pug_17.jpg,https://raw.githubusercontent.com/ml4py/dataset-iiit-pet/master/images/pug_17.jpg,val,pug,workspace/data/dataset/val/pug/pug_17.jpg,500,375,137864,4f316265f83d76b3b8af2e0e1c76080b81f21312efa1759520a4f0d6b059bed1
pug_175.jpg,https://raw.githubusercontent.com/ml4py/dataset-iiit-pet/master/images/pug_175.jpg,val,pug,workspace/data/dataset/val/pug/pug_175.jpg,300,224,14895,8643a9a842312a0e9ca723f3b8474d3cc1be777c83b1d9cb0133995db45374ad
pug_179.jpg,https://raw.githubusercontent.com/ml4py/dataset-iiit-pet/master/images/pug_179.jpg,val,pug,workspace/data/dataset/val/pug/pug_179.jpg,300,225,15617,f4b784b70f6a31e0a9be3336bd72cc707d8f19071a321c5c52d55a811e091d1c
pug_188.jpg,https://raw.githubusercontent.com/ml4py/dataset-iiit-pet/master/images/pug_188.jpg,val,pug,workspace/data/dataset/val/pug/pug_188.jpg,300,215,10729,b5fd90e629c9b53be60c3a76f12b407af11c02ad806a6185dab6c4abbb127568
pug_20.jpg,https://raw.githubusercontent.com/ml4py/dataset-iiit-pet/master/images/pug_20.jpg,val,pug,workspace/data/dataset/val/pug/pug_20.jpg,500,375,179822,6b7ae21433682f6197552a0045f8236c29452ffa9b4747932c51d165a2adae77
pug_200.jpg,https://raw.githubusercontent.com/ml4py/dataset-iiit-pet/master/images/pug_200.jpg,val,pug,workspace/data/dataset/val/pug/pug_200.jpg,300,225,9518,01d77ca5deff13d7ba09e45e41acbd5ef80ec4fb32886e7fbbf6afa578e04ffa
pug_21.jpg,https://raw.githubusercontent.com/ml4py/dataset-iiit-pet/master/images/pug_21.jpg,val,pug,workspace/data/dataset/val/pug/pug_21.jpg,428,500,129605,31e05f27e04b1b2f6c97c0c9dc65f9c9c1bfb8c9c09cba0c78a693fc36955396
pug_22.jpg,https://raw.githubusercontent.com/ml4py/dataset-iiit-pet/master/images/pug_22.jpg,val,pug,workspace/data/dataset/val/pug/pug_22.jpg,500,478,223042,ad28169eb01e6f1fa30ee52bb57e9f94ac451afe199bf47045d5a265088074df
pug_27.jpg,https://raw.githubusercontent.com/ml4py/dataset-iiit-pet/master/images/pug_27.jpg,val,pug,workspace/data/dataset/val/pug/pug_27.jpg,500,334,103552,7a643e77dbfc963016027633ced29a726025a1e752d02f4e6f6752c52172d613
pug_50.jpg,https://raw.githubusercontent.com/ml4py/dataset-iiit-pet/master/images/pug_50.jpg,val,pug,workspace/data/dataset/val/pug/pug_50.jpg,334,500,89486,4305999c6023f82a13737aa62e3f004f2586e498dd9977d406c1b493b2ca2f73
pug_57.jpg,https://raw.githubusercontent.com/ml4py/dataset-iiit-pet/master/images/pug_57.jpg,val,pug,workspace/data/dataset/val/pug/pug_57.jpg,500,333,103966,e2e342c23b6eea44917521c0d71c27b000e42395e3b826b639d6f1dc4a48933d
pug_61.jpg,https://raw.githubusercontent.com/ml4py/dataset-iiit-pet/master/images/pug_61.jpg,val,pug,workspace/data/dataset/val/pug/pug_61.jpg,500,350,94727,fd85093667700513b519a5c490ab94717371d9ee116aec1119840d08ccfbb576
pug_72.jpg,https://raw.githubusercontent.com/ml4py/dataset-iiit-pet/master/images/pug_72.jpg,val,pug,workspace/data/dataset/val/pug/pug_72.jpg,500,333,148312,2535b070375bb33b38b557b5cd71c5fc6efa3361ed9e1bbdef19fabc4a5b3f39
pug_73.jpg,https://raw.githubusercontent.com/ml4py/dataset-iiit-pet/master/images/pug_73.jpg,val,pug,workspace/data/dataset/val/pug/pug_73.jpg,500,333,91019,6866ac91f20877df4e4456f33f59dd8880ee525ac8886e58c18deebe4eb5b1c5
pug_89.jpg,https://raw.githubusercontent.com/ml4py/dataset-iiit-pet/master/images/pug_89.jpg,val,pug,workspace/data/dataset/val/pug/pug_89.jpg,500,333,63220,3ddba45932035a071c22c1e36e8b350cc17bc4ecca6c3122522d8327d3c34ffb
pug_98.jpg,https://raw.githubusercontent.com/ml4py/dataset-iiit-pet/master/images/pug_98.jpg,val,pug,workspace/data/dataset/val/pug/pug_98.jpg,500,332,125457,214a62c7cc3740512282d966eb7ede79b13eb55467432231317429f29c707a2e
